year,month,item_id_venta,item_desc,group_name,dept_name,class_name,subclass_name,location_key,sales_amount,sales_quantity,tickets,tipo_papel,size_papel,descripcion_papel,sku_venta
2025,5,54700,COPI IMP R COLOR COUG DC 1-50,SERVICENTRO,CENTRO DE SERVICIOS,COPIAS,COLOR,19,186.21,9,4,Cougar,Doble Carta,Cougar Doble Carta,54693
2026,1,54700,COPI IMP R COLOR COUG DC 1-50,SERVICENTRO,CENTRO DE SERVICIOS,COPIAS,COLOR,19,434.49,21,7,Cougar,Doble Carta,Cougar Doble Carta,54693
2025,2,54700,COPI IMP R COLOR COUG DC 1-50,SERVICENTRO,CENTRO DE SERVICIOS,COPIAS,COLOR,28,1562.07,77,12,Cougar,Doble Carta,Cougar Doble Carta,54693
2025,2,54700,COPI IMP R COLOR COUG DC 1-50,SERVICENTRO,CENTRO DE SERVICIOS,COPIAS,COLOR,19,20.69,1,1,Cougar,Doble Carta,Cougar Doble Carta,54693
2025,10,54700,COPI IMP R COLOR COUG DC 1-50,SERVICENTRO,CENTRO DE SERVICIOS,COPIAS,COLOR,19,1149.33,60,18,Cougar,Doble Carta,Cougar Doble Carta,54693
2025,8,54700,COPI IMP R COLOR COUG DC 1-50,SERVICENTRO,CENTRO DE SERVICIOS,COPIAS,COLOR,28,1613.81,78,26,Cougar,Doble Carta,Cougar Doble Carta,54693
2025,9,54700,COPI IMP R COLOR COUG DC 1-50,SERVICENTRO,CENTRO DE SERVICIOS,COPIAS,COLOR,19,103.45,5,3,Cougar,Doble Carta,Cougar Doble Carta,54693
2025,6,54700,COPI IMP R COLOR COUG DC 1-50,SERVICENTRO,CENTRO DE SERVICIOS,COPIAS,COLOR,28,2136.2297,107,33,Cougar,Doble Carta,Cougar Doble Carta,54693
2024,6,54700,COPI IMP R COLOR COUG DC 1-50,SERVICENTRO,CENTRO DE SERVICIOS,COPIAS,COLOR,19,331.04,16,5,Cougar,Doble Carta,Cougar Doble Carta,54693
2025,9,54700,COPI IMP R COLOR COUG DC 1-50,SERVICENTRO,CENTRO DE SERVICIOS,COPIAS,COLOR,28,1818.64,88,28,Cougar,Doble Carta,Cougar Doble Carta,54693
2024,12,54700,COPI IMP R COLOR COUG DC 1-50,SERVICENTRO,CENTRO DE SERVICIOS,COPIAS,COLOR,13,62.07,4,2,Cougar,Doble Carta,Cougar Doble Carta,54693
2026,3,54700,COPI IMP R COLOR COUG DC 1-50,SERVICENTRO,CENTRO DE SERVICIOS,COPIAS,COLOR,28,2234.5,108,24,Cougar,Doble Carta,Cougar Doble Carta,54693
2024,9,54700,COPI IMP R COLOR COUG DC 1-50,SERVICENTRO,CENTRO DE SERVICIOS,COPIAS,COLOR,28,1717.2466,84,14,Cougar,Doble Carta,Cougar Doble Carta,54693
2024,11,54700,COPI IMP R COLOR COUG DC 1-50,SERVICENTRO,CENTRO DE SERVICIOS,COPIAS,COLOR,28,2544.85,144,26,Cougar,Doble Carta,Cougar Doble Carta,54693
2024,1,54700,COPI IMP R COLOR COUG DC 1-50,SERVICENTRO,CENTRO DE SERVICIOS,COPIAS,COLOR,28,1086.21,66,11,Cougar,Doble Carta,Cougar Doble Carta,54693
2025,4,54700,COPI IMP R COLOR COUG DC 1-50,SERVICENTRO,CENTRO DE SERVICIOS,COPIAS,COLOR,28,832.7694,42,18,Cougar,Doble Carta,Cougar Doble Carta,54693
2024,3,54700,COPI IMP R COLOR COUG DC 1-50,SERVICENTRO,CENTRO DE SERVICIOS,COPIAS,COLOR,28,1753.47,86,16,Cougar,Doble Carta,Cougar Doble Carta,54693
2025,5,54700,COPI IMP R COLOR COUG DC 1-50,SERVICENTRO,CENTRO DE SERVICIOS,COPIAS,COLOR,28,3078.83,169,35,Cougar,Doble Carta,Cougar Doble Carta,54693
2025,7,54700,COPI IMP R COLOR COUG DC 1-50,SERVICENTRO,CENTRO DE SERVICIOS,COPIAS,COLOR,28,1536.2191,75,21,Cougar,Doble Carta,Cougar Doble Carta,54693
2024,12,54700,COPI IMP R COLOR COUG DC 1-50,SERVICENTRO,CENTRO DE SERVICIOS,COPIAS,COLOR,28,1948.28,109,23,Cougar,Doble Carta,Cougar Doble Carta,54693
2024,12,54700,COPI IMP R COLOR COUG DC 1-50,SERVICENTRO,CENTRO DE SERVICIOS,COPIAS,COLOR,19,206.89,12,6,Cougar,Doble Carta,Cougar Doble Carta,54693
2025,6,54700,COPI IMP R COLOR COUG DC 1-50,SERVICENTRO,CENTRO DE SERVICIOS,COPIAS,COLOR,19,103.45,5,3,Cougar,Doble Carta,Cougar Doble Carta,54693
2024,6,54702,COPI IMP COLOR COUG DC 51-100,SERVICENTRO,CENTRO DE SERVICIOS,COPIAS,COLOR,19,967.24,51,1,Cougar,Doble Carta,Cougar Doble Carta,54693
2024,6,54700,COPI IMP R COLOR COUG DC 1-50,SERVICENTRO,CENTRO DE SERVICIOS,COPIAS,COLOR,28,2151.74,110,36,Cougar,Doble Carta,Cougar Doble Carta,54693
2025,11,54700,COPI IMP R COLOR COUG DC 1-50,SERVICENTRO,CENTRO DE SERVICIOS,COPIAS,COLOR,19,472.42,27,11,Cougar,Doble Carta,Cougar Doble Carta,54693
2026,3,54700,COPI IMP R COLOR COUG DC 1-50,SERVICENTRO,CENTRO DE SERVICIOS,COPIAS,COLOR,19,368.69,18,7,Cougar,Doble Carta,Cougar Doble Carta,54693
2025,8,54700,COPI IMP R COLOR COUG DC 1-50,SERVICENTRO,CENTRO DE SERVICIOS,COPIAS,COLOR,19,620.69,30,7,Cougar,Doble Carta,Cougar Doble Carta,54693
2024,7,54700,COPI IMP R COLOR COUG DC 1-50,SERVICENTRO,CENTRO DE SERVICIOS,COPIAS,COLOR,19,41.38,2,1,Cougar,Doble Carta,Cougar Doble Carta,54693
2024,12,54702,COPI IMP COLOR COUG DC 51-100,SERVICENTRO,CENTRO DE SERVICIOS,COPIAS,COLOR,19,1289.66,68,1,Cougar,Doble Carta,Cougar Doble Carta,54693
2026,1,54700,COPI IMP R COLOR COUG DC 1-50,SERVICENTRO,CENTRO DE SERVICIOS,COPIAS,COLOR,28,1261.88,62,18,Cougar,Doble Carta,Cougar Doble Carta,54693
2025,12,54700,COPI IMP R COLOR COUG DC 1-50,SERVICENTRO,CENTRO DE SERVICIOS,COPIAS,COLOR,28,2539.3697,124,31,Cougar,Doble Carta,Cougar Doble Carta,54693
2024,1,54700,COPI IMP R COLOR COUG DC 1-50,SERVICENTRO,CENTRO DE SERVICIOS,COPIAS,COLOR,13,41.38,2,1,Cougar,Doble Carta,Cougar Doble Carta,54693
2024,2,54700,COPI IMP R COLOR COUG DC 1-50,SERVICENTRO,CENTRO DE SERVICIOS,COPIAS,COLOR,19,165.52,8,3,Cougar,Doble Carta,Cougar Doble Carta,54693
2024,11,54700,COPI IMP R COLOR COUG DC 1-50,SERVICENTRO,CENTRO DE SERVICIOS,COPIAS,COLOR,13,15.52,1,1,Cougar,Doble Carta,Cougar Doble Carta,54693
2025,3,54700,COPI IMP R COLOR COUG DC 1-50,SERVICENTRO,CENTRO DE SERVICIOS,COPIAS,COLOR,19,139.66,7,2,Cougar,Doble Carta,Cougar Doble Carta,54693
2025,3,54700,COPI IMP R COLOR COUG DC 1-50,SERVICENTRO,CENTRO DE SERVICIOS,COPIAS,COLOR,28,2132.5358,111,23,Cougar,Doble Carta,Cougar Doble Carta,54693
2026,2,54700,COPI IMP R COLOR COUG DC 1-50,SERVICENTRO,CENTRO DE SERVICIOS,COPIAS,COLOR,28,2648.3,128,33,Cougar,Doble Carta,Cougar Doble Carta,54693
2024,8,54700,COPI IMP R COLOR COUG DC 1-50,SERVICENTRO,CENTRO DE SERVICIOS,COPIAS,COLOR,28,2140.9154,169,24,Cougar,Doble Carta,Cougar Doble Carta,54693
2025,9,54702,COPI IMP COLOR COUG DC 51-100,SERVICENTRO,CENTRO DE SERVICIOS,COPIAS,COLOR,28,4115.52,217,3,Cougar,Doble Carta,Cougar Doble Carta,54693
2024,8,54700,COPI IMP R COLOR COUG DC 1-50,SERVICENTRO,CENTRO DE SERVICIOS,COPIAS,COLOR,19,165.52,8,3,Cougar,Doble Carta,Cougar Doble Carta,54693
2024,9,54700,COPI IMP R COLOR COUG DC 1-50,SERVICENTRO,CENTRO DE SERVICIOS,COPIAS,COLOR,19,20.69,1,1,Cougar,Doble Carta,Cougar Doble Carta,54693
2025,7,54700,COPI IMP R COLOR COUG DC 1-50,SERVICENTRO,CENTRO DE SERVICIOS,COPIAS,COLOR,13,20.69,1,1,Cougar,Doble Carta,Cougar Doble Carta,54693
2024,2,54700,COPI IMP R COLOR COUG DC 1-50,SERVICENTRO,CENTRO DE SERVICIOS,COPIAS,COLOR,28,1287.95,67,19,Cougar,Doble Carta,Cougar Doble Carta,54693
2025,4,54700,COPI IMP R COLOR COUG DC 1-50,SERVICENTRO,CENTRO DE SERVICIOS,COPIAS,COLOR,19,268.97,13,1,Cougar,Doble Carta,Cougar Doble Carta,54693
2025,1,54700,COPI IMP R COLOR COUG DC 1-50,SERVICENTRO,CENTRO DE SERVICIOS,COPIAS,COLOR,28,1386.23,72,19,Cougar,Doble Carta,Cougar Doble Carta,54693
2025,1,54700,COPI IMP R COLOR COUG DC 1-50,SERVICENTRO,CENTRO DE SERVICIOS,COPIAS,COLOR,19,62.07,3,3,Cougar,Doble Carta,Cougar Doble Carta,54693
2024,10,54700,COPI IMP R COLOR COUG DC 1-50,SERVICENTRO,CENTRO DE SERVICIOS,COPIAS,COLOR,28,2372.09,115,22,Cougar,Doble Carta,Cougar Doble Carta,54693
2025,9,54700,COPI IMP R COLOR COUG DC 1-50,SERVICENTRO,CENTRO DE SERVICIOS,COPIAS,COLOR,13,103.4483,5,1,Cougar,Doble Carta,Cougar Doble Carta,54693
2024,3,54700,COPI IMP R COLOR COUG DC 1-50,SERVICENTRO,CENTRO DE SERVICIOS,COPIAS,COLOR,13,41.38,2,1,Cougar,Doble Carta,Cougar Doble Carta,54693
2024,5,54700,COPI IMP R COLOR COUG DC 1-50,SERVICENTRO,CENTRO DE SERVICIOS,COPIAS,COLOR,28,1954.3658,97,19,Cougar,Doble Carta,Cougar Doble Carta,54693
2024,7,54700,COPI IMP R COLOR COUG DC 1-50,SERVICENTRO,CENTRO DE SERVICIOS,COPIAS,COLOR,28,2482.76,131,29,Cougar,Doble Carta,Cougar Doble Carta,54693
2024,7,54702,COPI IMP COLOR COUG DC 51-100,SERVICENTRO,CENTRO DE SERVICIOS,COPIAS,COLOR,19,739.66,39,1,Cougar,Doble Carta,Cougar Doble Carta,54693
2025,12,54700,COPI IMP R COLOR COUG DC 1-50,SERVICENTRO,CENTRO DE SERVICIOS,COPIAS,COLOR,19,434.49,21,6,Cougar,Doble Carta,Cougar Doble Carta,54693
2024,4,54700,COPI IMP R COLOR COUG DC 1-50,SERVICENTRO,CENTRO DE SERVICIOS,COPIAS,COLOR,28,3765.52,183,21,Cougar,Doble Carta,Cougar Doble Carta,54693
2024,5,54700,COPI IMP R COLOR COUG DC 1-50,SERVICENTRO,CENTRO DE SERVICIOS,COPIAS,COLOR,13,62.07,3,1,Cougar,Doble Carta,Cougar Doble Carta,54693
2025,7,54700,COPI IMP R COLOR COUG DC 1-50,SERVICENTRO,CENTRO DE SERVICIOS,COPIAS,COLOR,19,331.04,16,8,Cougar,Doble Carta,Cougar Doble Carta,54693
2025,11,54700,COPI IMP R COLOR COUG DC 1-50,SERVICENTRO,CENTRO DE SERVICIOS,COPIAS,COLOR,28,2255.4985,110,38,Cougar,Doble Carta,Cougar Doble Carta,54693
2025,10,54700,COPI IMP R COLOR COUG DC 1-50,SERVICENTRO,CENTRO DE SERVICIOS,COPIAS,COLOR,28,4286.6388,212,55,Cougar,Doble Carta,Cougar Doble Carta,54693
2026,2,54700,COPI IMP R COLOR COUG DC 1-50,SERVICENTRO,CENTRO DE SERVICIOS,COPIAS,COLOR,19,434.49,21,9,Cougar,Doble Carta,Cougar Doble Carta,54693
2025,8,54695,COPI CART COLOR COUGAR 51-100H,SERVICENTRO,CENTRO DE SERVICIOS,COPIAS,COLOR,28,672.41,52,1,Cougar,Carta,Cougar Carta,54692
2024,5,54696,COPI CART COLOR COUGAR 101H,SERVICENTRO,CENTRO DE SERVICIOS,COPIAS,COLOR,28,2025,162,1,Cougar,Carta,Cougar Carta,54692
2024,7,54694,COPI CART COLOR COUGAR 1-50H,SERVICENTRO,CENTRO DE SERVICIOS,COPIAS,COLOR,13,53.45,4,1,Cougar,Carta,Cougar Carta,54692
2024,7,54694,COPI CART COLOR COUGAR 1-50H,SERVICENTRO,CENTRO DE SERVICIOS,COPIAS,COLOR,19,1754.41,138,12,Cougar,Carta,Cougar Carta,54692
2024,6,54694,COPI CART COLOR COUGAR 1-50H,SERVICENTRO,CENTRO DE SERVICIOS,COPIAS,COLOR,13,36.74,3,2,Cougar,Carta,Cougar Carta,54692
2026,1,54694,COPI CART COLOR COUGAR 1-50H,SERVICENTRO,CENTRO DE SERVICIOS,COPIAS,COLOR,19,881.88,66,17,Cougar,Carta,Cougar Carta,54692
2024,1,54694,COPI CART COLOR COUGAR 1-50H,SERVICENTRO,CENTRO DE SERVICIOS,COPIAS,COLOR,28,3464.62,274,45,Cougar,Carta,Cougar Carta,54692
2025,2,54694,COPI CART COLOR COUGAR 1-50H,SERVICENTRO,CENTRO DE SERVICIOS,COPIAS,COLOR,28,4684.7,383,40,Cougar,Carta,Cougar Carta,54692
2024,4,54694,COPI CART COLOR COUGAR 1-50H,SERVICENTRO,CENTRO DE SERVICIOS,COPIAS,COLOR,19,200.43,15,2,Cougar,Carta,Cougar Carta,54692
2024,5,54694,COPI CART COLOR COUGAR 1-50H,SERVICENTRO,CENTRO DE SERVICIOS,COPIAS,COLOR,19,1162.49,87,8,Cougar,Carta,Cougar Carta,54692
2024,7,54696,COPI CART COLOR COUGAR 101H,SERVICENTRO,CENTRO DE SERVICIOS,COPIAS,COLOR,19,1325,106,1,Cougar,Carta,Cougar Carta,54692
2025,8,54695,COPI CART COLOR COUGAR 51-100H,SERVICENTRO,CENTRO DE SERVICIOS,COPIAS,COLOR,19,775.86,60,1,Cougar,Carta,Cougar Carta,54692
2026,2,54696,COPI CART COLOR COUGAR 101H,SERVICENTRO,CENTRO DE SERVICIOS,COPIAS,COLOR,28,1567.63,130,1,Cougar,Carta,Cougar Carta,54692
2026,2,54695,COPI CART COLOR COUGAR 51-100H,SERVICENTRO,CENTRO DE SERVICIOS,COPIAS,COLOR,28,12.93,1,1,Cougar,Carta,Cougar Carta,54692
2025,12,54694,COPI CART COLOR COUGAR 1-50H,SERVICENTRO,CENTRO DE SERVICIOS,COPIAS,COLOR,19,3661.14,274,47,Cougar,Carta,Cougar Carta,54692
2025,12,54695,COPI CART COLOR COUGAR 51-100H,SERVICENTRO,CENTRO DE SERVICIOS,COPIAS,COLOR,28,2456.89,200,2,Cougar,Carta,Cougar Carta,54692
2024,6,54694,COPI CART COLOR COUGAR 1-50H,SERVICENTRO,CENTRO DE SERVICIOS,COPIAS,COLOR,28,14760.57,1193,174,Cougar,Carta,Cougar Carta,54692
2024,10,54694,COPI CART COLOR COUGAR 1-50H,SERVICENTRO,CENTRO DE SERVICIOS,COPIAS,COLOR,19,1419.7126,109,8,Cougar,Carta,Cougar Carta,54692
2025,6,54694,COPI CART COLOR COUGAR 1-50H,SERVICENTRO,CENTRO DE SERVICIOS,COPIAS,COLOR,19,1626.81,123,16,Cougar,Carta,Cougar Carta,54692
2025,10,54695,COPI CART COLOR COUGAR 51-100H,SERVICENTRO,CENTRO DE SERVICIOS,COPIAS,COLOR,19,698.28,54,1,Cougar,Carta,Cougar Carta,54692
2026,2,54694,COPI CART COLOR COUGAR 1-50H,SERVICENTRO,CENTRO DE SERVICIOS,COPIAS,COLOR,19,4027.14,301,35,Cougar,Carta,Cougar Carta,54692
2025,2,54694,COPI CART COLOR COUGAR 1-50H,SERVICENTRO,CENTRO DE SERVICIOS,COPIAS,COLOR,13,40.09,3,1,Cougar,Carta,Cougar Carta,54692
2025,5,54694,COPI CART COLOR COUGAR 1-50H,SERVICENTRO,CENTRO DE SERVICIOS,COPIAS,COLOR,13,40.08,3,2,Cougar,Carta,Cougar Carta,54692
2025,5,54694,COPI CART COLOR COUGAR 1-50H,SERVICENTRO,CENTRO DE SERVICIOS,COPIAS,COLOR,28,12317,978,126,Cougar,Carta,Cougar Carta,54692
2025,5,54696,COPI CART COLOR COUGAR 101H,SERVICENTRO,CENTRO DE SERVICIOS,COPIAS,COLOR,28,12.5,1,1,Cougar,Carta,Cougar Carta,54692
2025,3,54695,COPI CART COLOR COUGAR 51-100H,SERVICENTRO,CENTRO DE SERVICIOS,COPIAS,COLOR,28,788.79,61,1,Cougar,Carta,Cougar Carta,54692
2026,3,54694,COPI CART COLOR COUGAR 1-50H,SERVICENTRO,CENTRO DE SERVICIOS,COPIAS,COLOR,19,3070.74,210,36,Cougar,Carta,Cougar Carta,54692
2025,9,54696,COPI CART COLOR COUGAR 101H,SERVICENTRO,CENTRO DE SERVICIOS,COPIAS,COLOR,28,3437.5,275,1,Cougar,Carta,Cougar Carta,54692
2024,8,54694,COPI CART COLOR COUGAR 1-50H,SERVICENTRO,CENTRO DE SERVICIOS,COPIAS,COLOR,13,467.67,35,2,Cougar,Carta,Cougar Carta,54692
2025,8,54694,COPI CART COLOR COUGAR 1-50H,SERVICENTRO,CENTRO DE SERVICIOS,COPIAS,COLOR,19,2066.03,166,14,Cougar,Carta,Cougar Carta,54692
2024,6,54694,COPI CART COLOR COUGAR 1-50H,SERVICENTRO,CENTRO DE SERVICIOS,COPIAS,COLOR,19,581.23,44,9,Cougar,Carta,Cougar Carta,54692
2024,12,54696,COPI CART COLOR COUGAR 101H,SERVICENTRO,CENTRO DE SERVICIOS,COPIAS,COLOR,28,1270.73,144,1,Cougar,Carta,Cougar Carta,54692
2025,12,54695,COPI CART COLOR COUGAR 51-100H,SERVICENTRO,CENTRO DE SERVICIOS,COPIAS,COLOR,19,982.76,76,1,Cougar,Carta,Cougar Carta,54692
2025,10,54694,COPI CART COLOR COUGAR 1-50H,SERVICENTRO,CENTRO DE SERVICIOS,COPIAS,COLOR,19,3861.6,289,36,Cougar,Carta,Cougar Carta,54692
2024,2,54694,COPI CART COLOR COUGAR 1-50H,SERVICENTRO,CENTRO DE SERVICIOS,COPIAS,COLOR,19,2241.46,171,38,Cougar,Carta,Cougar Carta,54692
2025,6,54694,COPI CART COLOR COUGAR 1-50H,SERVICENTRO,CENTRO DE SERVICIOS,COPIAS,COLOR,13,87.36,11,6,Cougar,Carta,Cougar Carta,54692
2025,4,54694,COPI CART COLOR COUGAR 1-50H,SERVICENTRO,CENTRO DE SERVICIOS,COPIAS,COLOR,19,447.63,36,6,Cougar,Carta,Cougar Carta,54692
2024,3,54694,COPI CART COLOR COUGAR 1-50H,SERVICENTRO,CENTRO DE SERVICIOS,COPIAS,COLOR,13,26.72,2,2,Cougar,Carta,Cougar Carta,54692
2025,9,54695,COPI CART COLOR COUGAR 51-100H,SERVICENTRO,CENTRO DE SERVICIOS,COPIAS,COLOR,28,2165.68,174,2,Cougar,Carta,Cougar Carta,54692
2025,4,54695,COPI CART COLOR COUGAR 51-100H,SERVICENTRO,CENTRO DE SERVICIOS,COPIAS,COLOR,28,750,58,1,Cougar,Carta,Cougar Carta,54692
2024,5,54694,COPI CART COLOR COUGAR 1-50H,SERVICENTRO,CENTRO DE SERVICIOS,COPIAS,COLOR,28,6778.1405,535,92,Cougar,Carta,Cougar Carta,54692
2024,7,54695,COPI CART COLOR COUGAR 51-100H,SERVICENTRO,CENTRO DE SERVICIOS,COPIAS,COLOR,28,827.59,67,2,Cougar,Carta,Cougar Carta,54692
2025,8,54696,COPI CART COLOR COUGAR 101H,SERVICENTRO,CENTRO DE SERVICIOS,COPIAS,COLOR,28,2537.5,203,1,Cougar,Carta,Cougar Carta,54692
2024,12,54694,COPI CART COLOR COUGAR 1-50H,SERVICENTRO,CENTRO DE SERVICIOS,COPIAS,COLOR,28,19222.71,1506,184,Cougar,Carta,Cougar Carta,54692
2026,1,54695,COPI CART COLOR COUGAR 51-100H,SERVICENTRO,CENTRO DE SERVICIOS,COPIAS,COLOR,28,1603.44,124,3,Cougar,Carta,Cougar Carta,54692
2024,11,54694,COPI CART COLOR COUGAR 1-50H,SERVICENTRO,CENTRO DE SERVICIOS,COPIAS,COLOR,19,23.38,2,2,Cougar,Carta,Cougar Carta,54692
2025,11,54694,COPI CART COLOR COUGAR 1-50H,SERVICENTRO,CENTRO DE SERVICIOS,COPIAS,COLOR,28,15513.9874,1164,142,Cougar,Carta,Cougar Carta,54692
2025,10,54694,COPI CART COLOR COUGAR 1-50H,SERVICENTRO,CENTRO DE SERVICIOS,COPIAS,COLOR,28,5473.6198,414,60,Cougar,Carta,Cougar Carta,54692
2024,12,54695,COPI CART COLOR COUGAR 51-100H,SERVICENTRO,CENTRO DE SERVICIOS,COPIAS,COLOR,28,4163.8,361,6,Cougar,Carta,Cougar Carta,54692
2025,4,54694,COPI CART COLOR COUGAR 1-50H,SERVICENTRO,CENTRO DE SERVICIOS,COPIAS,COLOR,28,3393.92,255,42,Cougar,Carta,Cougar Carta,54692
2025,9,54694,COPI CART COLOR COUGAR 1-50H,SERVICENTRO,CENTRO DE SERVICIOS,COPIAS,COLOR,28,15733.8763,1185,122,Cougar,Carta,Cougar Carta,54692
2024,8,54694,COPI CART COLOR COUGAR 1-50H,SERVICENTRO,CENTRO DE SERVICIOS,COPIAS,COLOR,19,851.82,84,5,Cougar,Carta,Cougar Carta,54692
2024,5,54695,COPI CART COLOR COUGAR 51-100H,SERVICENTRO,CENTRO DE SERVICIOS,COPIAS,COLOR,28,2650.8626,205,3,Cougar,Carta,Cougar Carta,54692
2024,1,54694,COPI CART COLOR COUGAR 1-50H,SERVICENTRO,CENTRO DE SERVICIOS,COPIAS,COLOR,13,116.91,10,4,Cougar,Carta,Cougar Carta,54692
2025,1,54694,COPI CART COLOR COUGAR 1-50H,SERVICENTRO,CENTRO DE SERVICIOS,COPIAS,COLOR,19,985.43,79,16,Cougar,Carta,Cougar Carta,54692
2024,9,54695,COPI CART COLOR COUGAR 51-100H,SERVICENTRO,CENTRO DE SERVICIOS,COPIAS,COLOR,19,581.9,60,1,Cougar,Carta,Cougar Carta,54692
2025,7,54694,COPI CART COLOR COUGAR 1-50H,SERVICENTRO,CENTRO DE SERVICIOS,COPIAS,COLOR,28,5685.6504,434,79,Cougar,Carta,Cougar Carta,54692
2025,7,54694,COPI CART COLOR COUGAR 1-50H,SERVICENTRO,CENTRO DE SERVICIOS,COPIAS,COLOR,19,1095.66,82,14,Cougar,Carta,Cougar Carta,54692
2026,1,54694,COPI CART COLOR COUGAR 1-50H,SERVICENTRO,CENTRO DE SERVICIOS,COPIAS,COLOR,28,5007.77,375,65,Cougar,Carta,Cougar Carta,54692
2024,2,54695,COPI CART COLOR COUGAR 51-100H,SERVICENTRO,CENTRO DE SERVICIOS,COPIAS,COLOR,28,969.83,75,1,Cougar,Carta,Cougar Carta,54692
2024,2,54694,COPI CART COLOR COUGAR 1-50H,SERVICENTRO,CENTRO DE SERVICIOS,COPIAS,COLOR,28,5752.01,460,62,Cougar,Carta,Cougar Carta,54692
2025,10,54695,COPI CART COLOR COUGAR 51-100H,SERVICENTRO,CENTRO DE SERVICIOS,COPIAS,COLOR,28,2271.97,260,2,Cougar,Carta,Cougar Carta,54692
2025,2,54695,COPI CART COLOR COUGAR 51-100H,SERVICENTRO,CENTRO DE SERVICIOS,COPIAS,COLOR,28,788.79,80,2,Cougar,Carta,Cougar Carta,54692
2025,2,54695,COPI CART COLOR COUGAR 51-100H,SERVICENTRO,CENTRO DE SERVICIOS,COPIAS,COLOR,19,756.47,78,1,Cougar,Carta,Cougar Carta,54692
2025,2,54694,COPI CART COLOR COUGAR 1-50H,SERVICENTRO,CENTRO DE SERVICIOS,COPIAS,COLOR,19,400.85,30,9,Cougar,Carta,Cougar Carta,54692
2024,8,54694,COPI CART COLOR COUGAR 1-50H,SERVICENTRO,CENTRO DE SERVICIOS,COPIAS,COLOR,28,3637.77,276,42,Cougar,Carta,Cougar Carta,54692
2025,4,54696,COPI CART COLOR COUGAR 101H,SERVICENTRO,CENTRO DE SERVICIOS,COPIAS,COLOR,28,2500,200,1,Cougar,Carta,Cougar Carta,54692
2024,4,54695,COPI CART COLOR COUGAR 51-100H,SERVICENTRO,CENTRO DE SERVICIOS,COPIAS,COLOR,28,969.83,75,2,Cougar,Carta,Cougar Carta,54692
2026,3,54695,COPI CART COLOR COUGAR 51-100H,SERVICENTRO,CENTRO DE SERVICIOS,COPIAS,COLOR,19,725.43,51,1,Cougar,Carta,Cougar Carta,54692
2024,5,54694,COPI CART COLOR COUGAR 1-50H,SERVICENTRO,CENTRO DE SERVICIOS,COPIAS,COLOR,13,207.1,18,5,Cougar,Carta,Cougar Carta,54692
2024,9,54696,COPI CART COLOR COUGAR 101H,SERVICENTRO,CENTRO DE SERVICIOS,COPIAS,COLOR,28,8425,724,3,Cougar,Carta,Cougar Carta,54692
2025,7,54696,COPI CART COLOR COUGAR 101H,SERVICENTRO,CENTRO DE SERVICIOS,COPIAS,COLOR,19,25,2,1,Cougar,Carta,Cougar Carta,54692
2024,10,54695,COPI CART COLOR COUGAR 51-100H,SERVICENTRO,CENTRO DE SERVICIOS,COPIAS,COLOR,28,2314.65,192,3,Cougar,Carta,Cougar Carta,54692
2025,2,54696,COPI CART COLOR COUGAR 101H,SERVICENTRO,CENTRO DE SERVICIOS,COPIAS,COLOR,28,1275,102,1,Cougar,Carta,Cougar Carta,54692
2025,10,54694,COPI CART COLOR COUGAR 1-50H,SERVICENTRO,CENTRO DE SERVICIOS,COPIAS,COLOR,13,26.72,2,1,Cougar,Carta,Cougar Carta,54692
2024,10,54694,COPI CART COLOR COUGAR 1-50H,SERVICENTRO,CENTRO DE SERVICIOS,COPIAS,COLOR,28,7071.3214,557,69,Cougar,Carta,Cougar Carta,54692
2024,11,54696,COPI CART COLOR COUGAR 101H,SERVICENTRO,CENTRO DE SERVICIOS,COPIAS,COLOR,28,2625,210,1,Cougar,Carta,Cougar Carta,54692
2025,3,54694,COPI CART COLOR COUGAR 1-50H,SERVICENTRO,CENTRO DE SERVICIOS,COPIAS,COLOR,28,6946.41,571,88,Cougar,Carta,Cougar Carta,54692
2024,3,54695,COPI CART COLOR COUGAR 51-100H,SERVICENTRO,CENTRO DE SERVICIOS,COPIAS,COLOR,28,1318.97,117,2,Cougar,Carta,Cougar Carta,54692
2025,3,54696,COPI CART COLOR COUGAR 101H,SERVICENTRO,CENTRO DE SERVICIOS,COPIAS,COLOR,28,1425,114,1,Cougar,Carta,Cougar Carta,54692
2024,3,54694,COPI CART COLOR COUGAR 1-50H,SERVICENTRO,CENTRO DE SERVICIOS,COPIAS,COLOR,28,5615.34,440,63,Cougar,Carta,Cougar Carta,54692
2024,3,54694,COPI CART COLOR COUGAR 1-50H,SERVICENTRO,CENTRO DE SERVICIOS,COPIAS,COLOR,19,901.93,68,7,Cougar,Carta,Cougar Carta,54692
2026,3,54694,COPI CART COLOR COUGAR 1-50H,SERVICENTRO,CENTRO DE SERVICIOS,COPIAS,COLOR,28,9617.1525,661,119,Cougar,Carta,Cougar Carta,54692
2025,5,54694,COPI CART COLOR COUGAR 1-50H,SERVICENTRO,CENTRO DE SERVICIOS,COPIAS,COLOR,19,1068.95,82,12,Cougar,Carta,Cougar Carta,54692
2025,3,54695,COPI CART COLOR COUGAR 51-100H,SERVICENTRO,CENTRO DE SERVICIOS,COPIAS,COLOR,19,25.86,2,1,Cougar,Carta,Cougar Carta,54692
2026,2,54695,COPI CART COLOR COUGAR 51-100H,SERVICENTRO,CENTRO DE SERVICIOS,COPIAS,COLOR,19,931.03,72,1,Cougar,Carta,Cougar Carta,54692
2025,7,54694,COPI CART COLOR COUGAR 1-50H,SERVICENTRO,CENTRO DE SERVICIOS,COPIAS,COLOR,13,153.66,12,3,Cougar,Carta,Cougar Carta,54692
2025,7,54695,COPI CART COLOR COUGAR 51-100H,SERVICENTRO,CENTRO DE SERVICIOS,COPIAS,COLOR,28,737.07,57,1,Cougar,Carta,Cougar Carta,54692
2024,12,54694,COPI CART COLOR COUGAR 1-50H,SERVICENTRO,CENTRO DE SERVICIOS,COPIAS,COLOR,13,123.59,10,3,Cougar,Carta,Cougar Carta,54692
2024,11,54695,COPI CART COLOR COUGAR 51-100H,SERVICENTRO,CENTRO DE SERVICIOS,COPIAS,COLOR,28,1474.13,114,2,Cougar,Carta,Cougar Carta,54692
2025,12,54694,COPI CART COLOR COUGAR 1-50H,SERVICENTRO,CENTRO DE SERVICIOS,COPIAS,COLOR,28,16879.0867,1270,188,Cougar,Carta,Cougar Carta,54692
2024,6,54696,COPI CART COLOR COUGAR 101H,SERVICENTRO,CENTRO DE SERVICIOS,COPIAS,COLOR,28,4012.5,321,3,Cougar,Carta,Cougar Carta,54692
2024,11,54694,COPI CART COLOR COUGAR 1-50H,SERVICENTRO,CENTRO DE SERVICIOS,COPIAS,COLOR,13,40.09,3,1,Cougar,Carta,Cougar Carta,54692
2025,6,54694,COPI CART COLOR COUGAR 1-50H,SERVICENTRO,CENTRO DE SERVICIOS,COPIAS,COLOR,28,8276.15,652,94,Cougar,Carta,Cougar Carta,54692
2025,11,54695,COPI CART COLOR COUGAR 51-100H,SERVICENTRO,CENTRO DE SERVICIOS,COPIAS,COLOR,28,479.53,85,1,Cougar,Carta,Cougar Carta,54692
2025,5,54695,COPI CART COLOR COUGAR 51-100H,SERVICENTRO,CENTRO DE SERVICIOS,COPIAS,COLOR,28,2991.46,241,4,Cougar,Carta,Cougar Carta,54692
2026,3,54696,COPI CART COLOR COUGAR 101H,SERVICENTRO,CENTRO DE SERVICIOS,COPIAS,COLOR,28,4095.06,306,1,Cougar,Carta,Cougar Carta,54692
2026,3,54695,COPI CART COLOR COUGAR 51-100H,SERVICENTRO,CENTRO DE SERVICIOS,COPIAS,COLOR,28,1735.34,122,2,Cougar,Carta,Cougar Carta,54692
2025,1,54694,COPI CART COLOR COUGAR 1-50H,SERVICENTRO,CENTRO DE SERVICIOS,COPIAS,COLOR,28,1556.6604,117,21,Cougar,Carta,Cougar Carta,54692
2024,9,54694,COPI CART COLOR COUGAR 1-50H,SERVICENTRO,CENTRO DE SERVICIOS,COPIAS,COLOR,28,4493.33,350,44,Cougar,Carta,Cougar Carta,54692
2025,3,54694,COPI CART COLOR COUGAR 1-50H,SERVICENTRO,CENTRO DE SERVICIOS,COPIAS,COLOR,19,561.2,42,10,Cougar,Carta,Cougar Carta,54692
2024,12,54694,COPI CART COLOR COUGAR 1-50H,SERVICENTRO,CENTRO DE SERVICIOS,COPIAS,COLOR,19,2214.74,173,26,Cougar,Carta,Cougar Carta,54692
2024,6,54695,COPI CART COLOR COUGAR 51-100H,SERVICENTRO,CENTRO DE SERVICIOS,COPIAS,COLOR,28,4803.88,395,7,Cougar,Carta,Cougar Carta,54692
2024,12,54695,COPI CART COLOR COUGAR 51-100H,SERVICENTRO,CENTRO DE SERVICIOS,COPIAS,COLOR,19,659.48,51,1,Cougar,Carta,Cougar Carta,54692
2024,10,54694,COPI CART COLOR COUGAR 1-50H,SERVICENTRO,CENTRO DE SERVICIOS,COPIAS,COLOR,13,293.97,28,3,Cougar,Carta,Cougar Carta,54692
2024,2,54694,COPI CART COLOR COUGAR 1-50H,SERVICENTRO,CENTRO DE SERVICIOS,COPIAS,COLOR,13,975.42,73,5,Cougar,Carta,Cougar Carta,54692
2026,2,54694,COPI CART COLOR COUGAR 1-50H,SERVICENTRO,CENTRO DE SERVICIOS,COPIAS,COLOR,28,10193.0949,771,118,Cougar,Carta,Cougar Carta,54692
2025,9,54694,COPI CART COLOR COUGAR 1-50H,SERVICENTRO,CENTRO DE SERVICIOS,COPIAS,COLOR,19,1670.24,125,16,Cougar,Carta,Cougar Carta,54692
2025,11,54694,COPI CART COLOR COUGAR 1-50H,SERVICENTRO,CENTRO DE SERVICIOS,COPIAS,COLOR,19,2458.59,184,26,Cougar,Carta,Cougar Carta,54692
2025,11,54695,COPI CART COLOR COUGAR 51-100H,SERVICENTRO,CENTRO DE SERVICIOS,COPIAS,COLOR,19,724.14,56,1,Cougar,Carta,Cougar Carta,54692
2024,3,54696,COPI CART COLOR COUGAR 101H,SERVICENTRO,CENTRO DE SERVICIOS,COPIAS,COLOR,28,625,50,1,Cougar,Carta,Cougar Carta,54692
2025,9,54694,COPI CART COLOR COUGAR 1-50H,SERVICENTRO,CENTRO DE SERVICIOS,COPIAS,COLOR,13,80.17,6,2,Cougar,Carta,Cougar Carta,54692
2024,4,54694,COPI CART COLOR COUGAR 1-50H,SERVICENTRO,CENTRO DE SERVICIOS,COPIAS,COLOR,28,8112.91,644,86,Cougar,Carta,Cougar Carta,54692
2025,1,54694,COPI CART COLOR COUGAR 1-50H,SERVICENTRO,CENTRO DE SERVICIOS,COPIAS,COLOR,13,60.12,6,2,Cougar,Carta,Cougar Carta,54692
2024,7,54696,COPI CART COLOR COUGAR 101H,SERVICENTRO,CENTRO DE SERVICIOS,COPIAS,COLOR,13,1312.5,140,1,Cougar,Carta,Cougar Carta,54692
2025,8,54694,COPI CART COLOR COUGAR 1-50H,SERVICENTRO,CENTRO DE SERVICIOS,COPIAS,COLOR,28,9514.0202,718,111,Cougar,Carta,Cougar Carta,54692
2024,7,54694,COPI CART COLOR COUGAR 1-50H,SERVICENTRO,CENTRO DE SERVICIOS,COPIAS,COLOR,28,4197.72,338,53,Cougar,Carta,Cougar Carta,54692
2024,1,54694,COPI CART COLOR COUGAR 1-50H,SERVICENTRO,CENTRO DE SERVICIOS,COPIAS,COLOR,19,106.89,8,2,Cougar,Carta,Cougar Carta,54692
2024,9,54694,COPI CART COLOR COUGAR 1-50H,SERVICENTRO,CENTRO DE SERVICIOS,COPIAS,COLOR,13,534.48,40,4,Cougar,Carta,Cougar Carta,54692
2024,9,54694,COPI CART COLOR COUGAR 1-50H,SERVICENTRO,CENTRO DE SERVICIOS,COPIAS,COLOR,19,1242.65,95,13,Cougar,Carta,Cougar Carta,54692
2024,11,54694,COPI CART COLOR COUGAR 1-50H,SERVICENTRO,CENTRO DE SERVICIOS,COPIAS,COLOR,28,4419.42,373,58,Cougar,Carta,Cougar Carta,54692
2025,11,54696,COPI CART COLOR COUGAR 101H,SERVICENTRO,CENTRO DE SERVICIOS,COPIAS,COLOR,19,1675,134,1,Cougar,Carta,Cougar Carta,54692
2025,6,54695,COPI CART COLOR COUGAR 51-100H,SERVICENTRO,CENTRO DE SERVICIOS,COPIAS,COLOR,28,1293.1,100,1,Cougar,Carta,Cougar Carta,54692
2025,11,54694,COPI CART COLOR COUGAR 1-50H,SERVICENTRO,CENTRO DE SERVICIOS,COPIAS,COLOR,13,106.8966,8,1,Cougar,Carta,Cougar Carta,54692
2024,4,49635,COP-IMP KROME D-CTA COL 1-50H,SERVICENTRO,CENTRO DE SERVICIOS,COPIAS,COLOR,13,1140.53,63,10,Krome,Doble Carta,Krome Doble Carta,49628
2025,5,49635,COP-IMP KROME D-CTA COL 1-50H,SERVICENTRO,CENTRO DE SERVICIOS,COPIAS,COLOR,28,436.43,20,8,Krome,Doble Carta,Krome Doble Carta,49628
2025,3,49635,COP-IMP KROME D-CTA COL 1-50H,SERVICENTRO,CENTRO DE SERVICIOS,COPIAS,COLOR,28,4422.35,204,40,Krome,Doble Carta,Krome Doble Carta,49628
2024,10,49635,COP-IMP KROME D-CTA COL 1-50H,SERVICENTRO,CENTRO DE SERVICIOS,COPIAS,COLOR,28,954.34,42,21,Krome,Doble Carta,Krome Doble Carta,49628
2025,3,49635,COP-IMP KROME D-CTA COL 1-50H,SERVICENTRO,CENTRO DE SERVICIOS,COPIAS,COLOR,13,380.64,18,6,Krome,Doble Carta,Krome Doble Carta,49628
2025,5,49635,COP-IMP KROME D-CTA COL 1-50H,SERVICENTRO,CENTRO DE SERVICIOS,COPIAS,COLOR,19,1367.47,59,6,Krome,Doble Carta,Krome Doble Carta,49628
2024,3,49635,COP-IMP KROME D-CTA COL 1-50H,SERVICENTRO,CENTRO DE SERVICIOS,COPIAS,COLOR,19,273.51,12,6,Krome,Doble Carta,Krome Doble Carta,49628
2024,7,49635,COP-IMP KROME D-CTA COL 1-50H,SERVICENTRO,CENTRO DE SERVICIOS,COPIAS,COLOR,13,1374.36,69,21,Krome,Doble Carta,Krome Doble Carta,49628
2024,5,49635,COP-IMP KROME D-CTA COL 1-50H,SERVICENTRO,CENTRO DE SERVICIOS,COPIAS,COLOR,28,2100.71,102,30,Krome,Doble Carta,Krome Doble Carta,49628
2026,1,49635,COP-IMP KROME D-CTA COL 1-50H,SERVICENTRO,CENTRO DE SERVICIOS,COPIAS,COLOR,13,372.44,16,9,Krome,Doble Carta,Krome Doble Carta,49628
2025,2,49635,COP-IMP KROME D-CTA COL 1-50H,SERVICENTRO,CENTRO DE SERVICIOS,COPIAS,COLOR,19,343.32,16,6,Krome,Doble Carta,Krome Doble Carta,49628
2025,12,100277761,COP-IMP KROME D-CTA COL 1-25H,SERVICENTRO,CENTRO DE SERVICIOS,COPIAS,COLOR,19,2015.09,85,13,Krome,Doble Carta,Krome Doble Carta,49628
2026,2,100277761,COP-IMP KROME D-CTA COL 1-25H,SERVICENTRO,CENTRO DE SERVICIOS,COPIAS,COLOR,19,711.21,30,6,Krome,Doble Carta,Krome Doble Carta,49628
2025,11,100277761,COP-IMP KROME D-CTA COL 1-25H,SERVICENTRO,CENTRO DE SERVICIOS,COPIAS,COLOR,19,355.61,15,9,Krome,Doble Carta,Krome Doble Carta,49628
2024,3,49635,COP-IMP KROME D-CTA COL 1-50H,SERVICENTRO,CENTRO DE SERVICIOS,COPIAS,COLOR,13,762.31,35,18,Krome,Doble Carta,Krome Doble Carta,49628
2025,4,49635,COP-IMP KROME D-CTA COL 1-50H,SERVICENTRO,CENTRO DE SERVICIOS,COPIAS,COLOR,13,1114.61,52,21,Krome,Doble Carta,Krome Doble Carta,49628
2024,8,49635,COP-IMP KROME D-CTA COL 1-50H,SERVICENTRO,CENTRO DE SERVICIOS,COPIAS,COLOR,13,1658.42,89,16,Krome,Doble Carta,Krome Doble Carta,49628
2024,8,49635,COP-IMP KROME D-CTA COL 1-50H,SERVICENTRO,CENTRO DE SERVICIOS,COPIAS,COLOR,19,535.35,23,3,Krome,Doble Carta,Krome Doble Carta,49628
2025,8,49635,COP-IMP KROME D-CTA COL 1-50H,SERVICENTRO,CENTRO DE SERVICIOS,COPIAS,COLOR,13,1336.92,65,30,Krome,Doble Carta,Krome Doble Carta,49628
2024,8,49635,COP-IMP KROME D-CTA COL 1-50H,SERVICENTRO,CENTRO DE SERVICIOS,COPIAS,COLOR,28,1390.77,62,22,Krome,Doble Carta,Krome Doble Carta,49628
2024,9,49635,COP-IMP KROME D-CTA COL 1-50H,SERVICENTRO,CENTRO DE SERVICIOS,COPIAS,COLOR,28,1798.09,79,21,Krome,Doble Carta,Krome Doble Carta,49628
2024,9,49635,COP-IMP KROME D-CTA COL 1-50H,SERVICENTRO,CENTRO DE SERVICIOS,COPIAS,COLOR,19,221.13,11,5,Krome,Doble Carta,Krome Doble Carta,49628
2024,6,49635,COP-IMP KROME D-CTA COL 1-50H,SERVICENTRO,CENTRO DE SERVICIOS,COPIAS,COLOR,19,535.36,23,9,Krome,Doble Carta,Krome Doble Carta,49628
2024,6,49635,COP-IMP KROME D-CTA COL 1-50H,SERVICENTRO,CENTRO DE SERVICIOS,COPIAS,COLOR,28,2001.76,91,39,Krome,Doble Carta,Krome Doble Carta,49628
2025,7,49635,COP-IMP KROME D-CTA COL 1-50H,SERVICENTRO,CENTRO DE SERVICIOS,COPIAS,COLOR,28,1606.09,69,24,Krome,Doble Carta,Krome Doble Carta,49628
2024,11,49635,COP-IMP KROME D-CTA COL 1-50H,SERVICENTRO,CENTRO DE SERVICIOS,COPIAS,COLOR,28,1053.25,47,20,Krome,Doble Carta,Krome Doble Carta,49628
2025,2,49635,COP-IMP KROME D-CTA COL 1-50H,SERVICENTRO,CENTRO DE SERVICIOS,COPIAS,COLOR,28,2103.61,94,21,Krome,Doble Carta,Krome Doble Carta,49628
2025,6,49635,COP-IMP KROME D-CTA COL 1-50H,SERVICENTRO,CENTRO DE SERVICIOS,COPIAS,COLOR,19,506.26,22,6,Krome,Doble Carta,Krome Doble Carta,49628
2025,12,49635,COP-IMP KROME D-CTA COL 1-50H,SERVICENTRO,CENTRO DE SERVICIOS,COPIAS,COLOR,28,7106.6977,310,62,Krome,Doble Carta,Krome Doble Carta,49628
2024,2,49635,COP-IMP KROME D-CTA COL 1-50H,SERVICENTRO,CENTRO DE SERVICIOS,COPIAS,COLOR,13,1687.54,86,24,Krome,Doble Carta,Krome Doble Carta,49628
2026,2,100277761,COP-IMP KROME D-CTA COL 1-25H,SERVICENTRO,CENTRO DE SERVICIOS,COPIAS,COLOR,28,2133.64,90,34,Krome,Doble Carta,Krome Doble Carta,49628
2026,3,100277761,COP-IMP KROME D-CTA COL 1-25H,SERVICENTRO,CENTRO DE SERVICIOS,COPIAS,COLOR,28,2892.26,122,46,Krome,Doble Carta,Krome Doble Carta,49628
2026,3,100277761,COP-IMP KROME D-CTA COL 1-25H,SERVICENTRO,CENTRO DE SERVICIOS,COPIAS,COLOR,13,1212.26,73,19,Krome,Doble Carta,Krome Doble Carta,49628
2025,4,49635,COP-IMP KROME D-CTA COL 1-50H,SERVICENTRO,CENTRO DE SERVICIOS,COPIAS,COLOR,28,2228.19,99,36,Krome,Doble Carta,Krome Doble Carta,49628
2024,4,49635,COP-IMP KROME D-CTA COL 1-50H,SERVICENTRO,CENTRO DE SERVICIOS,COPIAS,COLOR,28,1105.68,53,26,Krome,Doble Carta,Krome Doble Carta,49628
2024,1,49635,COP-IMP KROME D-CTA COL 1-50H,SERVICENTRO,CENTRO DE SERVICIOS,COPIAS,COLOR,19,302.59,13,6,Krome,Doble Carta,Krome Doble Carta,49628
2026,1,49635,COP-IMP KROME D-CTA COL 1-50H,SERVICENTRO,CENTRO DE SERVICIOS,COPIAS,COLOR,28,1675.9118,72,29,Krome,Doble Carta,Krome Doble Carta,49628
2025,7,49635,COP-IMP KROME D-CTA COL 1-50H,SERVICENTRO,CENTRO DE SERVICIOS,COPIAS,COLOR,13,128.04,6,6,Krome,Doble Carta,Krome Doble Carta,49628
2024,2,49635,COP-IMP KROME D-CTA COL 1-50H,SERVICENTRO,CENTRO DE SERVICIOS,COPIAS,COLOR,19,133.85,6,5,Krome,Doble Carta,Krome Doble Carta,49628
2024,6,49635,COP-IMP KROME D-CTA COL 1-50H,SERVICENTRO,CENTRO DE SERVICIOS,COPIAS,COLOR,13,1309.27,70,17,Krome,Doble Carta,Krome Doble Carta,49628
2024,3,49635,COP-IMP KROME D-CTA COL 1-50H,SERVICENTRO,CENTRO DE SERVICIOS,COPIAS,COLOR,28,1181.29,53,24,Krome,Doble Carta,Krome Doble Carta,49628
2025,4,49635,COP-IMP KROME D-CTA COL 1-50H,SERVICENTRO,CENTRO DE SERVICIOS,COPIAS,COLOR,19,965.97,42,13,Krome,Doble Carta,Krome Doble Carta,49628
2025,9,49635,COP-IMP KROME D-CTA COL 1-50H,SERVICENTRO,CENTRO DE SERVICIOS,COPIAS,COLOR,28,1187.12,52,32,Krome,Doble Carta,Krome Doble Carta,49628
2024,7,49635,COP-IMP KROME D-CTA COL 1-50H,SERVICENTRO,CENTRO DE SERVICIOS,COPIAS,COLOR,19,3018.94,133,16,Krome,Doble Carta,Krome Doble Carta,49628
2025,8,49635,COP-IMP KROME D-CTA COL 1-50H,SERVICENTRO,CENTRO DE SERVICIOS,COPIAS,COLOR,28,2698.2318,119,39,Krome,Doble Carta,Krome Doble Carta,49628
2024,12,49635,COP-IMP KROME D-CTA COL 1-50H,SERVICENTRO,CENTRO DE SERVICIOS,COPIAS,COLOR,19,546.9,25,8,Krome,Doble Carta,Krome Doble Carta,49628
2024,1,49635,COP-IMP KROME D-CTA COL 1-50H,SERVICENTRO,CENTRO DE SERVICIOS,COPIAS,COLOR,13,2572.06,119,41,Krome,Doble Carta,Krome Doble Carta,49628
2024,11,49635,COP-IMP KROME D-CTA COL 1-50H,SERVICENTRO,CENTRO DE SERVICIOS,COPIAS,COLOR,13,1204.59,57,28,Krome,Doble Carta,Krome Doble Carta,49628
2025,10,49635,COP-IMP KROME D-CTA COL 1-50H,SERVICENTRO,CENTRO DE SERVICIOS,COPIAS,COLOR,19,404.15,21,9,Krome,Doble Carta,Krome Doble Carta,49628
2026,2,100277761,COP-IMP KROME D-CTA COL 1-25H,SERVICENTRO,CENTRO DE SERVICIOS,COPIAS,COLOR,13,806.91,36,20,Krome,Doble Carta,Krome Doble Carta,49628
2024,4,49635,COP-IMP KROME D-CTA COL 1-50H,SERVICENTRO,CENTRO DE SERVICIOS,COPIAS,COLOR,19,494.62,22,9,Krome,Doble Carta,Krome Doble Carta,49628
2025,9,49635,COP-IMP KROME D-CTA COL 1-50H,SERVICENTRO,CENTRO DE SERVICIOS,COPIAS,COLOR,13,1326.7558,57,15,Krome,Doble Carta,Krome Doble Carta,49628
2025,1,49635,COP-IMP KROME D-CTA COL 1-50H,SERVICENTRO,CENTRO DE SERVICIOS,COPIAS,COLOR,19,675.02,29,9,Krome,Doble Carta,Krome Doble Carta,49628
2025,3,49635,COP-IMP KROME D-CTA COL 1-50H,SERVICENTRO,CENTRO DE SERVICIOS,COPIAS,COLOR,19,343.33,15,8,Krome,Doble Carta,Krome Doble Carta,49628
2025,12,49635,COP-IMP KROME D-CTA COL 1-50H,SERVICENTRO,CENTRO DE SERVICIOS,COPIAS,COLOR,13,954.33,41,9,Krome,Doble Carta,Krome Doble Carta,49628
2025,10,49635,COP-IMP KROME D-CTA COL 1-50H,SERVICENTRO,CENTRO DE SERVICIOS,COPIAS,COLOR,28,4695.6876,203,54,Krome,Doble Carta,Krome Doble Carta,49628
2024,5,49635,COP-IMP KROME D-CTA COL 1-50H,SERVICENTRO,CENTRO DE SERVICIOS,COPIAS,COLOR,19,250.23,11,6,Krome,Doble Carta,Krome Doble Carta,49628
2024,7,49635,COP-IMP KROME D-CTA COL 1-50H,SERVICENTRO,CENTRO DE SERVICIOS,COPIAS,COLOR,28,1158,53,22,Krome,Doble Carta,Krome Doble Carta,49628
2026,1,100277761,COP-IMP KROME D-CTA COL 1-25H,SERVICENTRO,CENTRO DE SERVICIOS,COPIAS,COLOR,28,2173.94,92,31,Krome,Doble Carta,Krome Doble Carta,49628
2026,1,100277761,COP-IMP KROME D-CTA COL 1-25H,SERVICENTRO,CENTRO DE SERVICIOS,COPIAS,COLOR,19,1612.08,68,19,Krome,Doble Carta,Krome Doble Carta,49628
2024,12,49635,COP-IMP KROME D-CTA COL 1-50H,SERVICENTRO,CENTRO DE SERVICIOS,COPIAS,COLOR,28,1768.99,79,26,Krome,Doble Carta,Krome Doble Carta,49628
2026,1,100277761,COP-IMP KROME D-CTA COL 1-25H,SERVICENTRO,CENTRO DE SERVICIOS,COPIAS,COLOR,13,142.26,6,6,Krome,Doble Carta,Krome Doble Carta,49628
2025,11,49635,COP-IMP KROME D-CTA COL 1-50H,SERVICENTRO,CENTRO DE SERVICIOS,COPIAS,COLOR,13,768.1318,33,12,Krome,Doble Carta,Krome Doble Carta,49628
2024,11,49635,COP-IMP KROME D-CTA COL 1-50H,SERVICENTRO,CENTRO DE SERVICIOS,COPIAS,COLOR,19,826.32,39,11,Krome,Doble Carta,Krome Doble Carta,49628
2025,1,49635,COP-IMP KROME D-CTA COL 1-50H,SERVICENTRO,CENTRO DE SERVICIOS,COPIAS,COLOR,28,2548.7476,112,29,Krome,Doble Carta,Krome Doble Carta,49628
2024,1,49635,COP-IMP KROME D-CTA COL 1-50H,SERVICENTRO,CENTRO DE SERVICIOS,COPIAS,COLOR,28,3078.29,137,41,Krome,Doble Carta,Krome Doble Carta,49628
2025,9,49635,COP-IMP KROME D-CTA COL 1-50H,SERVICENTRO,CENTRO DE SERVICIOS,COPIAS,COLOR,19,1378.8,60,18,Krome,Doble Carta,Krome Doble Carta,49628
2026,3,100277761,COP-IMP KROME D-CTA COL 1-25H,SERVICENTRO,CENTRO DE SERVICIOS,COPIAS,COLOR,19,260.79,11,7,Krome,Doble Carta,Krome Doble Carta,49628
2024,5,49635,COP-IMP KROME D-CTA COL 1-50H,SERVICENTRO,CENTRO DE SERVICIOS,COPIAS,COLOR,13,1431.47,70,20,Krome,Doble Carta,Krome Doble Carta,49628
2024,9,49635,COP-IMP KROME D-CTA COL 1-50H,SERVICENTRO,CENTRO DE SERVICIOS,COPIAS,COLOR,13,1897.01,95,27,Krome,Doble Carta,Krome Doble Carta,49628
2024,12,49635,COP-IMP KROME D-CTA COL 1-50H,SERVICENTRO,CENTRO DE SERVICIOS,COPIAS,COLOR,13,221.14,10,6,Krome,Doble Carta,Krome Doble Carta,49628
2024,10,49635,COP-IMP KROME D-CTA COL 1-50H,SERVICENTRO,CENTRO DE SERVICIOS,COPIAS,COLOR,13,3316.86,152,29,Krome,Doble Carta,Krome Doble Carta,49628
2025,6,49635,COP-IMP KROME D-CTA COL 1-50H,SERVICENTRO,CENTRO DE SERVICIOS,COPIAS,COLOR,28,1338.39,64,15,Krome,Doble Carta,Krome Doble Carta,49628
2025,10,49635,COP-IMP KROME D-CTA COL 1-50H,SERVICENTRO,CENTRO DE SERVICIOS,COPIAS,COLOR,13,1572.67,69,29,Krome,Doble Carta,Krome Doble Carta,49628
2024,10,49635,COP-IMP KROME D-CTA COL 1-50H,SERVICENTRO,CENTRO DE SERVICIOS,COPIAS,COLOR,19,756.46,33,9,Krome,Doble Carta,Krome Doble Carta,49628
2025,11,49635,COP-IMP KROME D-CTA COL 1-50H,SERVICENTRO,CENTRO DE SERVICIOS,COPIAS,COLOR,28,3165.5995,136,46,Krome,Doble Carta,Krome Doble Carta,49628
2025,5,49635,COP-IMP KROME D-CTA COL 1-50H,SERVICENTRO,CENTRO DE SERVICIOS,COPIAS,COLOR,13,1409.61,71,29,Krome,Doble Carta,Krome Doble Carta,49628
2025,8,49635,COP-IMP KROME D-CTA COL 1-50H,SERVICENTRO,CENTRO DE SERVICIOS,COPIAS,COLOR,19,139.66,6,3,Krome,Doble Carta,Krome Doble Carta,49628
2025,10,100277761,COP-IMP KROME D-CTA COL 1-25H,SERVICENTRO,CENTRO DE SERVICIOS,COPIAS,COLOR,19,670.86,29,9,Krome,Doble Carta,Krome Doble Carta,49628
2024,2,49635,COP-IMP KROME D-CTA COL 1-50H,SERVICENTRO,CENTRO DE SERVICIOS,COPIAS,COLOR,28,1815.57,85,35,Krome,Doble Carta,Krome Doble Carta,49628
2025,6,49635,COP-IMP KROME D-CTA COL 1-50H,SERVICENTRO,CENTRO DE SERVICIOS,COPIAS,COLOR,13,622.65,29,10,Krome,Doble Carta,Krome Doble Carta,49628
2024,9,49629,COP-IMP KROME CTA COLOR 1-50H,SERVICENTRO,CENTRO DE SERVICIOS,COPIAS,COLOR,28,5300.8328,333,104,Krome,Carta,Krome Carta,49627
2024,8,49629,COP-IMP KROME CTA COLOR 1-50H,SERVICENTRO,CENTRO DE SERVICIOS,COPIAS,COLOR,13,5159.32,337,141,Krome,Carta,Krome Carta,49627
2024,7,49629,COP-IMP KROME CTA COLOR 1-50H,SERVICENTRO,CENTRO DE SERVICIOS,COPIAS,COLOR,13,5687.68,370,135,Krome,Carta,Krome Carta,49627
2025,8,49629,COP-IMP KROME CTA COLOR 1-50H,SERVICENTRO,CENTRO DE SERVICIOS,COPIAS,COLOR,19,2384.79,172,39,Krome,Carta,Krome Carta,49627
2024,1,49629,COP-IMP KROME CTA COLOR 1-50H,SERVICENTRO,CENTRO DE SERVICIOS,COPIAS,COLOR,19,2275.86,132,20,Krome,Carta,Krome Carta,49627
2024,8,49629,COP-IMP KROME CTA COLOR 1-50H,SERVICENTRO,CENTRO DE SERVICIOS,COPIAS,COLOR,28,5461.04,337,124,Krome,Carta,Krome Carta,49627
2026,2,100277648,COP-IMP KROME CTA COLOR 1-25H,SERVICENTRO,CENTRO DE SERVICIOS,COPIAS,COLOR,28,7458.41,412,140,Krome,Carta,Krome Carta,49627
2025,7,49629,COP-IMP KROME CTA COLOR 1-50H,SERVICENTRO,CENTRO DE SERVICIOS,COPIAS,COLOR,28,8559.5718,503,131,Krome,Carta,Krome Carta,49627
2025,6,49629,COP-IMP KROME CTA COLOR 1-50H,SERVICENTRO,CENTRO DE SERVICIOS,COPIAS,COLOR,13,2879.38,180,77,Krome,Carta,Krome Carta,49627
2025,12,49629,COP-IMP KROME CTA COLOR 1-50H,SERVICENTRO,CENTRO DE SERVICIOS,COPIAS,COLOR,28,12216.1228,710,179,Krome,Carta,Krome Carta,49627
2025,11,100277648,COP-IMP KROME CTA COLOR 1-25H,SERVICENTRO,CENTRO DE SERVICIOS,COPIAS,COLOR,19,1825.84,101,39,Krome,Carta,Krome Carta,49627
2025,8,49629,COP-IMP KROME CTA COLOR 1-50H,SERVICENTRO,CENTRO DE SERVICIOS,COPIAS,COLOR,13,6021.09,358,173,Krome,Carta,Krome Carta,49627
2025,4,49629,COP-IMP KROME CTA COLOR 1-50H,SERVICENTRO,CENTRO DE SERVICIOS,COPIAS,COLOR,28,5037.4,314,86,Krome,Carta,Krome Carta,49627
2025,3,49629,COP-IMP KROME CTA COLOR 1-50H,SERVICENTRO,CENTRO DE SERVICIOS,COPIAS,COLOR,19,2395.6897,142,34,Krome,Carta,Krome Carta,49627
2026,3,100277648,COP-IMP KROME CTA COLOR 1-25H,SERVICENTRO,CENTRO DE SERVICIOS,COPIAS,COLOR,28,9314.95,516,159,Krome,Carta,Krome Carta,49627
2024,4,49629,COP-IMP KROME CTA COLOR 1-50H,SERVICENTRO,CENTRO DE SERVICIOS,COPIAS,COLOR,28,5116.27,345,122,Krome,Carta,Krome Carta,49627
2026,1,49629,COP-IMP KROME CTA COLOR 1-50H,SERVICENTRO,CENTRO DE SERVICIOS,COPIAS,COLOR,28,5701.6714,333,96,Krome,Carta,Krome Carta,49627
2025,2,49629,COP-IMP KROME CTA COLOR 1-50H,SERVICENTRO,CENTRO DE SERVICIOS,COPIAS,COLOR,19,3120.66,183,35,Krome,Carta,Krome Carta,49627
2025,6,49629,COP-IMP KROME CTA COLOR 1-50H,SERVICENTRO,CENTRO DE SERVICIOS,COPIAS,COLOR,28,7335.2414,455,113,Krome,Carta,Krome Carta,49627
2025,10,49629,COP-IMP KROME CTA COLOR 1-50H,SERVICENTRO,CENTRO DE SERVICIOS,COPIAS,COLOR,19,1948.2,113,52,Krome,Carta,Krome Carta,49627
2025,1,49629,COP-IMP KROME CTA COLOR 1-50H,SERVICENTRO,CENTRO DE SERVICIOS,COPIAS,COLOR,13,1706.86,103,33,Krome,Carta,Krome Carta,49627
2024,4,49629,COP-IMP KROME CTA COLOR 1-50H,SERVICENTRO,CENTRO DE SERVICIOS,COPIAS,COLOR,19,842.6,52,28,Krome,Carta,Krome Carta,49627
2025,3,49629,COP-IMP KROME CTA COLOR 1-50H,SERVICENTRO,CENTRO DE SERVICIOS,COPIAS,COLOR,28,7119.82,438,103,Krome,Carta,Krome Carta,49627
2026,3,100277752,COP-IMP KROME CTA COLOR 26-50H,SERVICENTRO,CENTRO DE SERVICIOS,COPIAS,COLOR,13,742.24,42,1,Krome,Carta,Krome Carta,49627
2025,9,49629,COP-IMP KROME CTA COLOR 1-50H,SERVICENTRO,CENTRO DE SERVICIOS,COPIAS,COLOR,28,8512.9356,500,124,Krome,Carta,Krome Carta,49627
2025,9,49629,COP-IMP KROME CTA COLOR 1-50H,SERVICENTRO,CENTRO DE SERVICIOS,COPIAS,COLOR,19,2383.32,139,55,Krome,Carta,Krome Carta,49627
2025,5,49629,COP-IMP KROME CTA COLOR 1-50H,SERVICENTRO,CENTRO DE SERVICIOS,COPIAS,COLOR,19,2189.63,129,41,Krome,Carta,Krome Carta,49627
2024,5,49629,COP-IMP KROME CTA COLOR 1-50H,SERVICENTRO,CENTRO DE SERVICIOS,COPIAS,COLOR,13,4736.85,300,151,Krome,Carta,Krome Carta,49627
2024,6,49629,COP-IMP KROME CTA COLOR 1-50H,SERVICENTRO,CENTRO DE SERVICIOS,COPIAS,COLOR,19,1836.18,107,28,Krome,Carta,Krome Carta,49627
2024,4,49629,COP-IMP KROME CTA COLOR 1-50H,SERVICENTRO,CENTRO DE SERVICIOS,COPIAS,COLOR,13,3870.55,265,108,Krome,Carta,Krome Carta,49627
2026,3,100277648,COP-IMP KROME CTA COLOR 1-25H,SERVICENTRO,CENTRO DE SERVICIOS,COPIAS,COLOR,13,2549.57,141,54,Krome,Carta,Krome Carta,49627
2025,7,49629,COP-IMP KROME CTA COLOR 1-50H,SERVICENTRO,CENTRO DE SERVICIOS,COPIAS,COLOR,13,1383.91,96,35,Krome,Carta,Krome Carta,49627
2024,9,49629,COP-IMP KROME CTA COLOR 1-50H,SERVICENTRO,CENTRO DE SERVICIOS,COPIAS,COLOR,13,3914.04,252,111,Krome,Carta,Krome Carta,49627
2024,6,49629,COP-IMP KROME CTA COLOR 1-50H,SERVICENTRO,CENTRO DE SERVICIOS,COPIAS,COLOR,28,7813.59,500,147,Krome,Carta,Krome Carta,49627
2024,1,49629,COP-IMP KROME CTA COLOR 1-50H,SERVICENTRO,CENTRO DE SERVICIOS,COPIAS,COLOR,13,8055.88,510,172,Krome,Carta,Krome Carta,49627
2024,3,49629,COP-IMP KROME CTA COLOR 1-50H,SERVICENTRO,CENTRO DE SERVICIOS,COPIAS,COLOR,28,7293.01,452,112,Krome,Carta,Krome Carta,49627
2024,5,49629,COP-IMP KROME CTA COLOR 1-50H,SERVICENTRO,CENTRO DE SERVICIOS,COPIAS,COLOR,19,1627.24,98,32,Krome,Carta,Krome Carta,49627
2026,2,100277648,COP-IMP KROME CTA COLOR 1-25H,SERVICENTRO,CENTRO DE SERVICIOS,COPIAS,COLOR,19,2407.7,133,47,Krome,Carta,Krome Carta,49627
2024,6,49629,COP-IMP KROME CTA COLOR 1-50H,SERVICENTRO,CENTRO DE SERVICIOS,COPIAS,COLOR,13,6560.12,413,163,Krome,Carta,Krome Carta,49627
2026,1,49629,COP-IMP KROME CTA COLOR 1-50H,SERVICENTRO,CENTRO DE SERVICIOS,COPIAS,COLOR,13,2310.3,134,34,Krome,Carta,Krome Carta,49627
2024,11,49629,COP-IMP KROME CTA COLOR 1-50H,SERVICENTRO,CENTRO DE SERVICIOS,COPIAS,COLOR,13,6163.61,394,150,Krome,Carta,Krome Carta,49627
2024,2,49629,COP-IMP KROME CTA COLOR 1-50H,SERVICENTRO,CENTRO DE SERVICIOS,COPIAS,COLOR,28,6595.36,409,126,Krome,Carta,Krome Carta,49627
2025,11,49629,COP-IMP KROME CTA COLOR 1-50H,SERVICENTRO,CENTRO DE SERVICIOS,COPIAS,COLOR,28,10652.4484,623,145,Krome,Carta,Krome Carta,49627
2024,2,49629,COP-IMP KROME CTA COLOR 1-50H,SERVICENTRO,CENTRO DE SERVICIOS,COPIAS,COLOR,19,1017.23,64,21,Krome,Carta,Krome Carta,49627
2024,10,49629,COP-IMP KROME CTA COLOR 1-50H,SERVICENTRO,CENTRO DE SERVICIOS,COPIAS,COLOR,28,8666.99,532,143,Krome,Carta,Krome Carta,49627
2026,2,100277648,COP-IMP KROME CTA COLOR 1-25H,SERVICENTRO,CENTRO DE SERVICIOS,COPIAS,COLOR,13,4506.17,251,88,Krome,Carta,Krome Carta,49627
2025,9,49629,COP-IMP KROME CTA COLOR 1-50H,SERVICENTRO,CENTRO DE SERVICIOS,COPIAS,COLOR,13,6027.84,356,144,Krome,Carta,Krome Carta,49627
2025,11,49629,COP-IMP KROME CTA COLOR 1-50H,SERVICENTRO,CENTRO DE SERVICIOS,COPIAS,COLOR,13,1866.14,116,52,Krome,Carta,Krome Carta,49627
2025,1,49629,COP-IMP KROME CTA COLOR 1-50H,SERVICENTRO,CENTRO DE SERVICIOS,COPIAS,COLOR,28,6760.27,425,95,Krome,Carta,Krome Carta,49627
2024,9,49629,COP-IMP KROME CTA COLOR 1-50H,SERVICENTRO,CENTRO DE SERVICIOS,COPIAS,COLOR,19,1262.92,76,30,Krome,Carta,Krome Carta,49627
2024,3,49629,COP-IMP KROME CTA COLOR 1-50H,SERVICENTRO,CENTRO DE SERVICIOS,COPIAS,COLOR,13,4632.67,289,96,Krome,Carta,Krome Carta,49627
2026,3,100277752,COP-IMP KROME CTA COLOR 26-50H,SERVICENTRO,CENTRO DE SERVICIOS,COPIAS,COLOR,28,1555.17,88,2,Krome,Carta,Krome Carta,49627
2026,3,100277648,COP-IMP KROME CTA COLOR 1-25H,SERVICENTRO,CENTRO DE SERVICIOS,COPIAS,COLOR,19,2154.26,119,44,Krome,Carta,Krome Carta,49627
2025,8,49629,COP-IMP KROME CTA COLOR 1-50H,SERVICENTRO,CENTRO DE SERVICIOS,COPIAS,COLOR,28,7499.857,435,117,Krome,Carta,Krome Carta,49627
2024,7,49629,COP-IMP KROME CTA COLOR 1-50H,SERVICENTRO,CENTRO DE SERVICIOS,COPIAS,COLOR,19,1584.89,95,29,Krome,Carta,Krome Carta,49627
2026,1,100277752,COP-IMP KROME CTA COLOR 26-50H,SERVICENTRO,CENTRO DE SERVICIOS,COPIAS,COLOR,13,706.9,40,1,Krome,Carta,Krome Carta,49627
2024,11,49629,COP-IMP KROME CTA COLOR 1-50H,SERVICENTRO,CENTRO DE SERVICIOS,COPIAS,COLOR,28,9893.77,612,137,Krome,Carta,Krome Carta,49627
2024,2,49629,COP-IMP KROME CTA COLOR 1-50H,SERVICENTRO,CENTRO DE SERVICIOS,COPIAS,COLOR,13,5154.98,325,148,Krome,Carta,Krome Carta,49627
2025,12,100277648,COP-IMP KROME CTA COLOR 1-25H,SERVICENTRO,CENTRO DE SERVICIOS,COPIAS,COLOR,19,2697.38,149,43,Krome,Carta,Krome Carta,49627
2024,12,49629,COP-IMP KROME CTA COLOR 1-50H,SERVICENTRO,CENTRO DE SERVICIOS,COPIAS,COLOR,13,4086.12,264,109,Krome,Carta,Krome Carta,49627
2024,1,49629,COP-IMP KROME CTA COLOR 1-50H,SERVICENTRO,CENTRO DE SERVICIOS,COPIAS,COLOR,28,6874.88,430,132,Krome,Carta,Krome Carta,49627
2025,7,49629,COP-IMP KROME CTA COLOR 1-50H,SERVICENTRO,CENTRO DE SERVICIOS,COPIAS,COLOR,19,2073.22,121,40,Krome,Carta,Krome Carta,49627
2025,3,49629,COP-IMP KROME CTA COLOR 1-50H,SERVICENTRO,CENTRO DE SERVICIOS,COPIAS,COLOR,13,3406.2,225,82,Krome,Carta,Krome Carta,49627
2024,12,49629,COP-IMP KROME CTA COLOR 1-50H,SERVICENTRO,CENTRO DE SERVICIOS,COPIAS,COLOR,19,2616.26,163,37,Krome,Carta,Krome Carta,49627
2026,1,100277648,COP-IMP KROME CTA COLOR 1-25H,SERVICENTRO,CENTRO DE SERVICIOS,COPIAS,COLOR,28,4403.35,248,78,Krome,Carta,Krome Carta,49627
2026,1,100277648,COP-IMP KROME CTA COLOR 1-25H,SERVICENTRO,CENTRO DE SERVICIOS,COPIAS,COLOR,19,1484.44,82,35,Krome,Carta,Krome Carta,49627
2026,1,100277752,COP-IMP KROME CTA COLOR 26-50H,SERVICENTRO,CENTRO DE SERVICIOS,COPIAS,COLOR,28,689.22,39,2,Krome,Carta,Krome Carta,49627
2025,10,100277648,COP-IMP KROME CTA COLOR 1-25H,SERVICENTRO,CENTRO DE SERVICIOS,COPIAS,COLOR,19,1049.97,58,26,Krome,Carta,Krome Carta,49627
2024,11,49629,COP-IMP KROME CTA COLOR 1-50H,SERVICENTRO,CENTRO DE SERVICIOS,COPIAS,COLOR,19,2225.86,141,28,Krome,Carta,Krome Carta,49627
2026,2,100277752,COP-IMP KROME CTA COLOR 26-50H,SERVICENTRO,CENTRO DE SERVICIOS,COPIAS,COLOR,28,2403.43,136,7,Krome,Carta,Krome Carta,49627
2025,4,49629,COP-IMP KROME CTA COLOR 1-50H,SERVICENTRO,CENTRO DE SERVICIOS,COPIAS,COLOR,13,8537.48,534,133,Krome,Carta,Krome Carta,49627
2025,5,49629,COP-IMP KROME CTA COLOR 1-50H,SERVICENTRO,CENTRO DE SERVICIOS,COPIAS,COLOR,28,5785.24,350,76,Krome,Carta,Krome Carta,49627
2024,12,49629,COP-IMP KROME CTA COLOR 1-50H,SERVICENTRO,CENTRO DE SERVICIOS,COPIAS,COLOR,28,6741.28,427,121,Krome,Carta,Krome Carta,49627
2025,12,49629,COP-IMP KROME CTA COLOR 1-50H,SERVICENTRO,CENTRO DE SERVICIOS,COPIAS,COLOR,13,5965.83,347,89,Krome,Carta,Krome Carta,49627
2024,10,49629,COP-IMP KROME CTA COLOR 1-50H,SERVICENTRO,CENTRO DE SERVICIOS,COPIAS,COLOR,13,9261.55,574,243,Krome,Carta,Krome Carta,49627
2025,5,49629,COP-IMP KROME CTA COLOR 1-50H,SERVICENTRO,CENTRO DE SERVICIOS,COPIAS,COLOR,13,5840.2,372,178,Krome,Carta,Krome Carta,49627
2024,8,49629,COP-IMP KROME CTA COLOR 1-50H,SERVICENTRO,CENTRO DE SERVICIOS,COPIAS,COLOR,19,1926.68,115,34,Krome,Carta,Krome Carta,49627
2025,4,49629,COP-IMP KROME CTA COLOR 1-50H,SERVICENTRO,CENTRO DE SERVICIOS,COPIAS,COLOR,19,1426.71,86,19,Krome,Carta,Krome Carta,49627
2024,5,49629,COP-IMP KROME CTA COLOR 1-50H,SERVICENTRO,CENTRO DE SERVICIOS,COPIAS,COLOR,28,9401.94,595,176,Krome,Carta,Krome Carta,49627
2024,7,49629,COP-IMP KROME CTA COLOR 1-50H,SERVICENTRO,CENTRO DE SERVICIOS,COPIAS,COLOR,28,5512.2114,353,108,Krome,Carta,Krome Carta,49627
2025,1,49629,COP-IMP KROME CTA COLOR 1-50H,SERVICENTRO,CENTRO DE SERVICIOS,COPIAS,COLOR,19,3224.07,189,43,Krome,Carta,Krome Carta,49627
2026,1,100277648,COP-IMP KROME CTA COLOR 1-25H,SERVICENTRO,CENTRO DE SERVICIOS,COPIAS,COLOR,13,2136.21,118,37,Krome,Carta,Krome Carta,49627
2024,10,49629,COP-IMP KROME CTA COLOR 1-50H,SERVICENTRO,CENTRO DE SERVICIOS,COPIAS,COLOR,19,1729.55,105,35,Krome,Carta,Krome Carta,49627
2025,2,49629,COP-IMP KROME CTA COLOR 1-50H,SERVICENTRO,CENTRO DE SERVICIOS,COPIAS,COLOR,28,5583.6614,341,96,Krome,Carta,Krome Carta,49627
2025,10,49629,COP-IMP KROME CTA COLOR 1-50H,SERVICENTRO,CENTRO DE SERVICIOS,COPIAS,COLOR,28,11354.03,673,214,Krome,Carta,Krome Carta,49627
2025,6,49629,COP-IMP KROME CTA COLOR 1-50H,SERVICENTRO,CENTRO DE SERVICIOS,COPIAS,COLOR,19,2258.56,136,54,Krome,Carta,Krome Carta,49627
2025,10,49629,COP-IMP KROME CTA COLOR 1-50H,SERVICENTRO,CENTRO DE SERVICIOS,COPIAS,COLOR,13,5735.58,341,134,Krome,Carta,Krome Carta,49627
2025,2,49629,COP-IMP KROME CTA COLOR 1-50H,SERVICENTRO,CENTRO DE SERVICIOS,COPIAS,COLOR,13,5083.23,318,109,Krome,Carta,Krome Carta,49627
2024,3,49629,COP-IMP KROME CTA COLOR 1-50H,SERVICENTRO,CENTRO DE SERVICIOS,COPIAS,COLOR,19,640.74,40,19,Krome,Carta,Krome Carta,49627
2024,3,37527,COP-IMP ADH D-CTA COLOR 1-50H,SERVICENTRO,CENTRO DE SERVICIOS,COPIAS,COLOR,19,99.58,6,3,Adhesivo,Doble Carta,Adhesivo Doble Carta,37483
2025,8,37527,COP-IMP ADH D-CTA COLOR 1-50H,SERVICENTRO,CENTRO DE SERVICIOS,COPIAS,COLOR,28,3018.896,173,39,Adhesivo,Doble Carta,Adhesivo Doble Carta,37483
2024,12,37527,COP-IMP ADH D-CTA COLOR 1-50H,SERVICENTRO,CENTRO DE SERVICIOS,COPIAS,COLOR,28,2146.5,133,29,Adhesivo,Doble Carta,Adhesivo Doble Carta,37483
2025,6,37527,COP-IMP ADH D-CTA COLOR 1-50H,SERVICENTRO,CENTRO DE SERVICIOS,COPIAS,COLOR,13,239.87,15,8,Adhesivo,Doble Carta,Adhesivo Doble Carta,37483
2024,1,37527,COP-IMP ADH D-CTA COLOR 1-50H,SERVICENTRO,CENTRO DE SERVICIOS,COPIAS,COLOR,28,1719.84,99,21,Adhesivo,Doble Carta,Adhesivo Doble Carta,37483
2024,2,37527,COP-IMP ADH D-CTA COLOR 1-50H,SERVICENTRO,CENTRO DE SERVICIOS,COPIAS,COLOR,28,1271.76,73,27,Adhesivo,Doble Carta,Adhesivo Doble Carta,37483
2025,3,37527,COP-IMP ADH D-CTA COLOR 1-50H,SERVICENTRO,CENTRO DE SERVICIOS,COPIAS,COLOR,19,1027.36,57,11,Adhesivo,Doble Carta,Adhesivo Doble Carta,37483
2026,2,100277971,COP-IMP ADH D-CTA COLOR 1-25H,SERVICENTRO,CENTRO DE SERVICIOS,COPIAS,COLOR,28,4249.72,218,37,Adhesivo,Doble Carta,Adhesivo Doble Carta,37483
2026,2,100277971,COP-IMP ADH D-CTA COLOR 1-25H,SERVICENTRO,CENTRO DE SERVICIOS,COPIAS,COLOR,13,597.28,32,12,Adhesivo,Doble Carta,Adhesivo Doble Carta,37483
2025,2,37527,COP-IMP ADH D-CTA COLOR 1-50H,SERVICENTRO,CENTRO DE SERVICIOS,COPIAS,COLOR,19,49.79,3,2,Adhesivo,Doble Carta,Adhesivo Doble Carta,37483
2024,8,37527,COP-IMP ADH D-CTA COLOR 1-50H,SERVICENTRO,CENTRO DE SERVICIOS,COPIAS,COLOR,19,787.48,44,15,Adhesivo,Doble Carta,Adhesivo Doble Carta,37483
2024,5,37527,COP-IMP ADH D-CTA COLOR 1-50H,SERVICENTRO,CENTRO DE SERVICIOS,COPIAS,COLOR,19,524.99,29,5,Adhesivo,Doble Carta,Adhesivo Doble Carta,37483
2026,2,100277980,COP-IMP ADH D-CTA COLOR 26-50H,SERVICENTRO,CENTRO DE SERVICIOS,COPIAS,COLOR,28,1767.38,94,4,Adhesivo,Doble Carta,Adhesivo Doble Carta,37483
2026,1,100277971,COP-IMP ADH D-CTA COLOR 1-25H,SERVICENTRO,CENTRO DE SERVICIOS,COPIAS,COLOR,19,654.33,33,11,Adhesivo,Doble Carta,Adhesivo Doble Carta,37483
2024,10,37527,COP-IMP ADH D-CTA COLOR 1-50H,SERVICENTRO,CENTRO DE SERVICIOS,COPIAS,COLOR,19,135.78,10,1,Adhesivo,Doble Carta,Adhesivo Doble Carta,37483
2026,2,100277971,COP-IMP ADH D-CTA COLOR 1-25H,SERVICENTRO,CENTRO DE SERVICIOS,COPIAS,COLOR,19,614.69,31,13,Adhesivo,Doble Carta,Adhesivo Doble Carta,37483
2024,3,37527,COP-IMP ADH D-CTA COLOR 1-50H,SERVICENTRO,CENTRO DE SERVICIOS,COPIAS,COLOR,13,1395.26,105,19,Adhesivo,Doble Carta,Adhesivo Doble Carta,37483
2025,5,37527,COP-IMP ADH D-CTA COLOR 1-50H,SERVICENTRO,CENTRO DE SERVICIOS,COPIAS,COLOR,13,325.87,19,4,Adhesivo,Doble Carta,Adhesivo Doble Carta,37483
2026,3,100277971,COP-IMP ADH D-CTA COLOR 1-25H,SERVICENTRO,CENTRO DE SERVICIOS,COPIAS,COLOR,13,932.35,59,18,Adhesivo,Doble Carta,Adhesivo Doble Carta,37483
2025,5,37527,COP-IMP ADH D-CTA COLOR 1-50H,SERVICENTRO,CENTRO DE SERVICIOS,COPIAS,COLOR,19,72.41,4,3,Adhesivo,Doble Carta,Adhesivo Doble Carta,37483
2025,1,37527,COP-IMP ADH D-CTA COLOR 1-50H,SERVICENTRO,CENTRO DE SERVICIOS,COPIAS,COLOR,28,2130.4,150,23,Adhesivo,Doble Carta,Adhesivo Doble Carta,37483
2024,9,37527,COP-IMP ADH D-CTA COLOR 1-50H,SERVICENTRO,CENTRO DE SERVICIOS,COPIAS,COLOR,19,108.62,6,2,Adhesivo,Doble Carta,Adhesivo Doble Carta,37483
2025,7,37527,COP-IMP ADH D-CTA COLOR 1-50H,SERVICENTRO,CENTRO DE SERVICIOS,COPIAS,COLOR,19,356.41,22,9,Adhesivo,Doble Carta,Adhesivo Doble Carta,37483
2025,9,37527,COP-IMP ADH D-CTA COLOR 1-50H,SERVICENTRO,CENTRO DE SERVICIOS,COPIAS,COLOR,19,579.3,32,16,Adhesivo,Doble Carta,Adhesivo Doble Carta,37483
2024,4,37527,COP-IMP ADH D-CTA COLOR 1-50H,SERVICENTRO,CENTRO DE SERVICIOS,COPIAS,COLOR,19,18.1,1,1,Adhesivo,Doble Carta,Adhesivo Doble Carta,37483
2025,4,37527,COP-IMP ADH D-CTA COLOR 1-50H,SERVICENTRO,CENTRO DE SERVICIOS,COPIAS,COLOR,19,316.81,20,3,Adhesivo,Doble Carta,Adhesivo Doble Carta,37483
2026,3,100277980,COP-IMP ADH D-CTA COLOR 26-50H,SERVICENTRO,CENTRO DE SERVICIOS,COPIAS,COLOR,13,834.48,44,1,Adhesivo,Doble Carta,Adhesivo Doble Carta,37483
2024,12,37527,COP-IMP ADH D-CTA COLOR 1-50H,SERVICENTRO,CENTRO DE SERVICIOS,COPIAS,COLOR,19,850.86,47,8,Adhesivo,Doble Carta,Adhesivo Doble Carta,37483
2024,6,37527,COP-IMP ADH D-CTA COLOR 1-50H,SERVICENTRO,CENTRO DE SERVICIOS,COPIAS,COLOR,28,2190.35,157,27,Adhesivo,Doble Carta,Adhesivo Doble Carta,37483
2025,7,37527,COP-IMP ADH D-CTA COLOR 1-50H,SERVICENTRO,CENTRO DE SERVICIOS,COPIAS,COLOR,28,2068.3028,115,22,Adhesivo,Doble Carta,Adhesivo Doble Carta,37483
2026,1,100277971,COP-IMP ADH D-CTA COLOR 1-25H,SERVICENTRO,CENTRO DE SERVICIOS,COPIAS,COLOR,13,99.14,5,2,Adhesivo,Doble Carta,Adhesivo Doble Carta,37483
2024,11,37527,COP-IMP ADH D-CTA COLOR 1-50H,SERVICENTRO,CENTRO DE SERVICIOS,COPIAS,COLOR,28,1787.72,104,26,Adhesivo,Doble Carta,Adhesivo Doble Carta,37483
2025,2,37527,COP-IMP ADH D-CTA COLOR 1-50H,SERVICENTRO,CENTRO DE SERVICIOS,COPIAS,COLOR,13,488.56,33,10,Adhesivo,Doble Carta,Adhesivo Doble Carta,37483
2024,12,37527,COP-IMP ADH D-CTA COLOR 1-50H,SERVICENTRO,CENTRO DE SERVICIOS,COPIAS,COLOR,13,1304.07,81,19,Adhesivo,Doble Carta,Adhesivo Doble Carta,37483
2024,8,37527,COP-IMP ADH D-CTA COLOR 1-50H,SERVICENTRO,CENTRO DE SERVICIOS,COPIAS,COLOR,13,1502.58,88,31,Adhesivo,Doble Carta,Adhesivo Doble Carta,37483
2025,4,37527,COP-IMP ADH D-CTA COLOR 1-50H,SERVICENTRO,CENTRO DE SERVICIOS,COPIAS,COLOR,28,943.5335,56,17,Adhesivo,Doble Carta,Adhesivo Doble Carta,37483
2025,3,37527,COP-IMP ADH D-CTA COLOR 1-50H,SERVICENTRO,CENTRO DE SERVICIOS,COPIAS,COLOR,28,1891.8,113,28,Adhesivo,Doble Carta,Adhesivo Doble Carta,37483
2025,9,37527,COP-IMP ADH D-CTA COLOR 1-50H,SERVICENTRO,CENTRO DE SERVICIOS,COPIAS,COLOR,28,1857.3991,103,28,Adhesivo,Doble Carta,Adhesivo Doble Carta,37483
2024,5,37527,COP-IMP ADH D-CTA COLOR 1-50H,SERVICENTRO,CENTRO DE SERVICIOS,COPIAS,COLOR,13,660.77,42,16,Adhesivo,Doble Carta,Adhesivo Doble Carta,37483
2024,7,37527,COP-IMP ADH D-CTA COLOR 1-50H,SERVICENTRO,CENTRO DE SERVICIOS,COPIAS,COLOR,19,443.7,30,4,Adhesivo,Doble Carta,Adhesivo Doble Carta,37483
2024,5,37527,COP-IMP ADH D-CTA COLOR 1-50H,SERVICENTRO,CENTRO DE SERVICIOS,COPIAS,COLOR,28,2693.99,180,22,Adhesivo,Doble Carta,Adhesivo Doble Carta,37483
2024,11,37527,COP-IMP ADH D-CTA COLOR 1-50H,SERVICENTRO,CENTRO DE SERVICIOS,COPIAS,COLOR,13,1255.06,78,16,Adhesivo,Doble Carta,Adhesivo Doble Carta,37483
2025,2,37527,COP-IMP ADH D-CTA COLOR 1-50H,SERVICENTRO,CENTRO DE SERVICIOS,COPIAS,COLOR,28,2855.5907,166,31,Adhesivo,Doble Carta,Adhesivo Doble Carta,37483
2024,10,37527,COP-IMP ADH D-CTA COLOR 1-50H,SERVICENTRO,CENTRO DE SERVICIOS,COPIAS,COLOR,28,2068.3,119,25,Adhesivo,Doble Carta,Adhesivo Doble Carta,37483
2024,10,37527,COP-IMP ADH D-CTA COLOR 1-50H,SERVICENTRO,CENTRO DE SERVICIOS,COPIAS,COLOR,13,579.3,34,11,Adhesivo,Doble Carta,Adhesivo Doble Carta,37483
2024,11,37527,COP-IMP ADH D-CTA COLOR 1-50H,SERVICENTRO,CENTRO DE SERVICIOS,COPIAS,COLOR,19,502.38,32,5,Adhesivo,Doble Carta,Adhesivo Doble Carta,37483
2025,6,37527,COP-IMP ADH D-CTA COLOR 1-50H,SERVICENTRO,CENTRO DE SERVICIOS,COPIAS,COLOR,19,524.99,30,8,Adhesivo,Doble Carta,Adhesivo Doble Carta,37483
2025,9,37527,COP-IMP ADH D-CTA COLOR 1-50H,SERVICENTRO,CENTRO DE SERVICIOS,COPIAS,COLOR,13,1241.1,80,22,Adhesivo,Doble Carta,Adhesivo Doble Carta,37483
2025,11,100277971,COP-IMP ADH D-CTA COLOR 1-25H,SERVICENTRO,CENTRO DE SERVICIOS,COPIAS,COLOR,19,594.84,30,8,Adhesivo,Doble Carta,Adhesivo Doble Carta,37483
2024,8,37527,COP-IMP ADH D-CTA COLOR 1-50H,SERVICENTRO,CENTRO DE SERVICIOS,COPIAS,COLOR,28,2174.15,135,40,Adhesivo,Doble Carta,Adhesivo Doble Carta,37483
2024,4,37527,COP-IMP ADH D-CTA COLOR 1-50H,SERVICENTRO,CENTRO DE SERVICIOS,COPIAS,COLOR,28,1502.55,85,22,Adhesivo,Doble Carta,Adhesivo Doble Carta,37483
2026,3,100277971,COP-IMP ADH D-CTA COLOR 1-25H,SERVICENTRO,CENTRO DE SERVICIOS,COPIAS,COLOR,19,555.18,28,11,Adhesivo,Doble Carta,Adhesivo Doble Carta,37483
2025,8,37527,COP-IMP ADH D-CTA COLOR 1-50H,SERVICENTRO,CENTRO DE SERVICIOS,COPIAS,COLOR,13,2973.6,174,34,Adhesivo,Doble Carta,Adhesivo Doble Carta,37483
2025,1,37527,COP-IMP ADH D-CTA COLOR 1-50H,SERVICENTRO,CENTRO DE SERVICIOS,COPIAS,COLOR,13,701.3,50,12,Adhesivo,Doble Carta,Adhesivo Doble Carta,37483
2024,9,37527,COP-IMP ADH D-CTA COLOR 1-50H,SERVICENTRO,CENTRO DE SERVICIOS,COPIAS,COLOR,28,624.58,38,15,Adhesivo,Doble Carta,Adhesivo Doble Carta,37483
2024,2,37527,COP-IMP ADH D-CTA COLOR 1-50H,SERVICENTRO,CENTRO DE SERVICIOS,COPIAS,COLOR,13,2166.91,132,19,Adhesivo,Doble Carta,Adhesivo Doble Carta,37483
2025,12,37527,COP-IMP ADH D-CTA COLOR 1-50H,SERVICENTRO,CENTRO DE SERVICIOS,COPIAS,COLOR,13,923.27,51,17,Adhesivo,Doble Carta,Adhesivo Doble Carta,37483
2024,6,37527,COP-IMP ADH D-CTA COLOR 1-50H,SERVICENTRO,CENTRO DE SERVICIOS,COPIAS,COLOR,19,452.59,25,1,Adhesivo,Doble Carta,Adhesivo Doble Carta,37483
2025,10,37527,COP-IMP ADH D-CTA COLOR 1-50H,SERVICENTRO,CENTRO DE SERVICIOS,COPIAS,COLOR,28,2183.1369,126,38,Adhesivo,Doble Carta,Adhesivo Doble Carta,37483
2025,11,37527,COP-IMP ADH D-CTA COLOR 1-50H,SERVICENTRO,CENTRO DE SERVICIOS,COPIAS,COLOR,13,1489.24,88,18,Adhesivo,Doble Carta,Adhesivo Doble Carta,37483
2025,1,37527,COP-IMP ADH D-CTA COLOR 1-50H,SERVICENTRO,CENTRO DE SERVICIOS,COPIAS,COLOR,19,235.34,13,5,Adhesivo,Doble Carta,Adhesivo Doble Carta,37483
2024,4,37527,COP-IMP ADH D-CTA COLOR 1-50H,SERVICENTRO,CENTRO DE SERVICIOS,COPIAS,COLOR,13,773.92,46,17,Adhesivo,Doble Carta,Adhesivo Doble Carta,37483
2024,7,37527,COP-IMP ADH D-CTA COLOR 1-50H,SERVICENTRO,CENTRO DE SERVICIOS,COPIAS,COLOR,13,1991.16,122,36,Adhesivo,Doble Carta,Adhesivo Doble Carta,37483
2026,1,37527,COP-IMP ADH D-CTA COLOR 1-50H,SERVICENTRO,CENTRO DE SERVICIOS,COPIAS,COLOR,13,72.41,4,3,Adhesivo,Doble Carta,Adhesivo Doble Carta,37483
2026,1,100277971,COP-IMP ADH D-CTA COLOR 1-25H,SERVICENTRO,CENTRO DE SERVICIOS,COPIAS,COLOR,28,1150.03,58,16,Adhesivo,Doble Carta,Adhesivo Doble Carta,37483
2026,1,37527,COP-IMP ADH D-CTA COLOR 1-50H,SERVICENTRO,CENTRO DE SERVICIOS,COPIAS,COLOR,28,1314.6569,75,13,Adhesivo,Doble Carta,Adhesivo Doble Carta,37483
2025,11,37527,COP-IMP ADH D-CTA COLOR 1-50H,SERVICENTRO,CENTRO DE SERVICIOS,COPIAS,COLOR,28,1593.0635,88,33,Adhesivo,Doble Carta,Adhesivo Doble Carta,37483
2025,10,100277971,COP-IMP ADH D-CTA COLOR 1-25H,SERVICENTRO,CENTRO DE SERVICIOS,COPIAS,COLOR,19,176.37,11,4,Adhesivo,Doble Carta,Adhesivo Doble Carta,37483
2025,4,37527,COP-IMP ADH D-CTA COLOR 1-50H,SERVICENTRO,CENTRO DE SERVICIOS,COPIAS,COLOR,13,18.1,1,1,Adhesivo,Doble Carta,Adhesivo Doble Carta,37483
2026,3,100277971,COP-IMP ADH D-CTA COLOR 1-25H,SERVICENTRO,CENTRO DE SERVICIOS,COPIAS,COLOR,28,1661.77,85,30,Adhesivo,Doble Carta,Adhesivo Doble Carta,37483
2024,7,37527,COP-IMP ADH D-CTA COLOR 1-50H,SERVICENTRO,CENTRO DE SERVICIOS,COPIAS,COLOR,28,2173.49,145,29,Adhesivo,Doble Carta,Adhesivo Doble Carta,37483
2025,8,37527,COP-IMP ADH D-CTA COLOR 1-50H,SERVICENTRO,CENTRO DE SERVICIOS,COPIAS,COLOR,19,1774.12,98,20,Adhesivo,Doble Carta,Adhesivo Doble Carta,37483
2024,2,37527,COP-IMP ADH D-CTA COLOR 1-50H,SERVICENTRO,CENTRO DE SERVICIOS,COPIAS,COLOR,19,330.38,19,8,Adhesivo,Doble Carta,Adhesivo Doble Carta,37483
2025,7,37527,COP-IMP ADH D-CTA COLOR 1-50H,SERVICENTRO,CENTRO DE SERVICIOS,COPIAS,COLOR,13,601.94,36,14,Adhesivo,Doble Carta,Adhesivo Doble Carta,37483
2025,12,37527,COP-IMP ADH D-CTA COLOR 1-50H,SERVICENTRO,CENTRO DE SERVICIOS,COPIAS,COLOR,28,3856.01,213,36,Adhesivo,Doble Carta,Adhesivo Doble Carta,37483
2025,12,100277971,COP-IMP ADH D-CTA COLOR 1-25H,SERVICENTRO,CENTRO DE SERVICIOS,COPIAS,COLOR,19,693.99,35,10,Adhesivo,Doble Carta,Adhesivo Doble Carta,37483
2024,6,37527,COP-IMP ADH D-CTA COLOR 1-50H,SERVICENTRO,CENTRO DE SERVICIOS,COPIAS,COLOR,13,841.81,48,18,Adhesivo,Doble Carta,Adhesivo Doble Carta,37483
2025,10,37527,COP-IMP ADH D-CTA COLOR 1-50H,SERVICENTRO,CENTRO DE SERVICIOS,COPIAS,COLOR,13,1995.78,116,26,Adhesivo,Doble Carta,Adhesivo Doble Carta,37483
2024,3,37527,COP-IMP ADH D-CTA COLOR 1-50H,SERVICENTRO,CENTRO DE SERVICIOS,COPIAS,COLOR,28,3999.89,227,25,Adhesivo,Doble Carta,Adhesivo Doble Carta,37483
2025,3,37527,COP-IMP ADH D-CTA COLOR 1-50H,SERVICENTRO,CENTRO DE SERVICIOS,COPIAS,COLOR,13,162.94,11,7,Adhesivo,Doble Carta,Adhesivo Doble Carta,37483
2025,5,37527,COP-IMP ADH D-CTA COLOR 1-50H,SERVICENTRO,CENTRO DE SERVICIOS,COPIAS,COLOR,28,2059.2839,115,22,Adhesivo,Doble Carta,Adhesivo Doble Carta,37483
2024,9,37527,COP-IMP ADH D-CTA COLOR 1-50H,SERVICENTRO,CENTRO DE SERVICIOS,COPIAS,COLOR,13,878.02,53,15,Adhesivo,Doble Carta,Adhesivo Doble Carta,37483
2024,1,37527,COP-IMP ADH D-CTA COLOR 1-50H,SERVICENTRO,CENTRO DE SERVICIOS,COPIAS,COLOR,19,36.21,2,1,Adhesivo,Doble Carta,Adhesivo Doble Carta,37483
2024,1,37527,COP-IMP ADH D-CTA COLOR 1-50H,SERVICENTRO,CENTRO DE SERVICIOS,COPIAS,COLOR,13,2756.27,163,24,Adhesivo,Doble Carta,Adhesivo Doble Carta,37483
2025,6,37527,COP-IMP ADH D-CTA COLOR 1-50H,SERVICENTRO,CENTRO DE SERVICIOS,COPIAS,COLOR,28,2851.71,166,31,Adhesivo,Doble Carta,Adhesivo Doble Carta,37483
2025,10,37527,COP-IMP ADH D-CTA COLOR 1-50H,SERVICENTRO,CENTRO DE SERVICIOS,COPIAS,COLOR,19,539.83,31,8,Adhesivo,Doble Carta,Adhesivo Doble Carta,37483
2025,4,35238,COPI-IMPR B&N P ADHESIVO 1-50,SERVICENTRO,CENTRO DE SERVICIOS,COPIAS,BLANCO Y NEGRO,28,1000.3556,222,54,Adhesivo,Carta,Adhesivo Carta,35236
2024,4,35238,COPI-IMPR B&N P ADHESIVO 1-50,SERVICENTRO,CENTRO DE SERVICIOS,COPIAS,BLANCO Y NEGRO,13,174.23,37,13,Adhesivo,Carta,Adhesivo Carta,35236
2025,11,35238,COPI-IMPR B&N P ADHESIVO 1-50,SERVICENTRO,CENTRO DE SERVICIOS,COPIAS,BLANCO Y NEGRO,28,597.39,126,40,Adhesivo,Carta,Adhesivo Carta,35236
2024,10,35240,COPI-IMP B&N P ADHESIV 101 +,SERVICENTRO,CENTRO DE SERVICIOS,COPIAS,BLANCO Y NEGRO,28,632.96,281,2,Adhesivo,Carta,Adhesivo Carta,35236
2025,10,35238,COPI-IMPR B&N P ADHESIVO 1-50,SERVICENTRO,CENTRO DE SERVICIOS,COPIAS,BLANCO Y NEGRO,28,1223.2428,258,58,Adhesivo,Carta,Adhesivo Carta,35236
2025,1,35238,COPI-IMPR B&N P ADHESIVO 1-50,SERVICENTRO,CENTRO DE SERVICIOS,COPIAS,BLANCO Y NEGRO,28,520.33,116,30,Adhesivo,Carta,Adhesivo Carta,35236
2024,9,35238,COPI-IMPR B&N P ADHESIVO 1-50,SERVICENTRO,CENTRO DE SERVICIOS,COPIAS,BLANCO Y NEGRO,19,28.45,6,2,Adhesivo,Carta,Adhesivo Carta,35236
2024,5,35238,COPI-IMPR B&N P ADHESIVO 1-50,SERVICENTRO,CENTRO DE SERVICIOS,COPIAS,BLANCO Y NEGRO,19,156.46,33,11,Adhesivo,Carta,Adhesivo Carta,35236
2026,1,35238,COPI-IMPR B&N P ADHESIVO 1-50,SERVICENTRO,CENTRO DE SERVICIOS,COPIAS,BLANCO Y NEGRO,13,474.13,100,13,Adhesivo,Carta,Adhesivo Carta,35236
2025,2,35240,COPI-IMP B&N P ADHESIV 101 +,SERVICENTRO,CENTRO DE SERVICIOS,COPIAS,BLANCO Y NEGRO,28,969.83,250,1,Adhesivo,Carta,Adhesivo Carta,35236
2025,2,35238,COPI-IMPR B&N P ADHESIVO 1-50,SERVICENTRO,CENTRO DE SERVICIOS,COPIAS,BLANCO Y NEGRO,28,462.23,101,33,Adhesivo,Carta,Adhesivo Carta,35236
2025,12,35240,COPI-IMP B&N P ADHESIV 101 +,SERVICENTRO,CENTRO DE SERVICIOS,COPIAS,BLANCO Y NEGRO,28,391.81,101,1,Adhesivo,Carta,Adhesivo Carta,35236
2025,3,35240,COPI-IMP B&N P ADHESIV 101 +,SERVICENTRO,CENTRO DE SERVICIOS,COPIAS,BLANCO Y NEGRO,13,523.71,135,1,Adhesivo,Carta,Adhesivo Carta,35236
2026,2,35238,COPI-IMPR B&N P ADHESIVO 1-50,SERVICENTRO,CENTRO DE SERVICIOS,COPIAS,BLANCO Y NEGRO,13,621.09,131,23,Adhesivo,Carta,Adhesivo Carta,35236
2024,3,35238,COPI-IMPR B&N P ADHESIVO 1-50,SERVICENTRO,CENTRO DE SERVICIOS,COPIAS,BLANCO Y NEGRO,13,387.6,85,17,Adhesivo,Carta,Adhesivo Carta,35236
2024,3,35238,COPI-IMPR B&N P ADHESIVO 1-50,SERVICENTRO,CENTRO DE SERVICIOS,COPIAS,BLANCO Y NEGRO,28,810.7214,175,42,Adhesivo,Carta,Adhesivo Carta,35236
2024,5,35238,COPI-IMPR B&N P ADHESIVO 1-50,SERVICENTRO,CENTRO DE SERVICIOS,COPIAS,BLANCO Y NEGRO,28,1220.69,270,66,Adhesivo,Carta,Adhesivo Carta,35236
2024,9,35238,COPI-IMPR B&N P ADHESIVO 1-50,SERVICENTRO,CENTRO DE SERVICIOS,COPIAS,BLANCO Y NEGRO,28,1101.0956,243,50,Adhesivo,Carta,Adhesivo Carta,35236
2024,12,35238,COPI-IMPR B&N P ADHESIVO 1-50,SERVICENTRO,CENTRO DE SERVICIOS,COPIAS,BLANCO Y NEGRO,13,247.73,54,12,Adhesivo,Carta,Adhesivo Carta,35236
2024,11,35238,COPI-IMPR B&N P ADHESIVO 1-50,SERVICENTRO,CENTRO DE SERVICIOS,COPIAS,BLANCO Y NEGRO,13,154.05,36,13,Adhesivo,Carta,Adhesivo Carta,35236
2025,10,35240,COPI-IMP B&N P ADHESIV 101 +,SERVICENTRO,CENTRO DE SERVICIOS,COPIAS,BLANCO Y NEGRO,13,430.6,111,1,Adhesivo,Carta,Adhesivo Carta,35236
2024,1,35238,COPI-IMPR B&N P ADHESIVO 1-50,SERVICENTRO,CENTRO DE SERVICIOS,COPIAS,BLANCO Y NEGRO,19,26.07,6,4,Adhesivo,Carta,Adhesivo Carta,35236
2024,2,35238,COPI-IMPR B&N P ADHESIVO 1-50,SERVICENTRO,CENTRO DE SERVICIOS,COPIAS,BLANCO Y NEGRO,13,371.14,87,17,Adhesivo,Carta,Adhesivo Carta,35236
2025,10,35238,COPI-IMPR B&N P ADHESIVO 1-50,SERVICENTRO,CENTRO DE SERVICIOS,COPIAS,BLANCO Y NEGRO,19,151.7,32,15,Adhesivo,Carta,Adhesivo Carta,35236
2025,1,35240,COPI-IMP B&N P ADHESIV 101 +,SERVICENTRO,CENTRO DE SERVICIOS,COPIAS,BLANCO Y NEGRO,28,621.31,235,1,Adhesivo,Carta,Adhesivo Carta,35236
2024,8,35238,COPI-IMPR B&N P ADHESIVO 1-50,SERVICENTRO,CENTRO DE SERVICIOS,COPIAS,BLANCO Y NEGRO,28,900.2,235,67,Adhesivo,Carta,Adhesivo Carta,35236
2024,5,35238,COPI-IMPR B&N P ADHESIVO 1-50,SERVICENTRO,CENTRO DE SERVICIOS,COPIAS,BLANCO Y NEGRO,13,362.11,83,19,Adhesivo,Carta,Adhesivo Carta,35236
2026,3,35238,COPI-IMPR B&N P ADHESIVO 1-50,SERVICENTRO,CENTRO DE SERVICIOS,COPIAS,BLANCO Y NEGRO,28,1052.54,222,56,Adhesivo,Carta,Adhesivo Carta,35236
2024,7,35238,COPI-IMPR B&N P ADHESIVO 1-50,SERVICENTRO,CENTRO DE SERVICIOS,COPIAS,BLANCO Y NEGRO,13,232.29,50,17,Adhesivo,Carta,Adhesivo Carta,35236
2025,7,35238,COPI-IMPR B&N P ADHESIVO 1-50,SERVICENTRO,CENTRO DE SERVICIOS,COPIAS,BLANCO Y NEGRO,28,2531.4818,566,69,Adhesivo,Carta,Adhesivo Carta,35236
2025,12,35238,COPI-IMPR B&N P ADHESIVO 1-50,SERVICENTRO,CENTRO DE SERVICIOS,COPIAS,BLANCO Y NEGRO,19,94.81,20,6,Adhesivo,Carta,Adhesivo Carta,35236
2025,9,35238,COPI-IMPR B&N P ADHESIVO 1-50,SERVICENTRO,CENTRO DE SERVICIOS,COPIAS,BLANCO Y NEGRO,13,796.56,169,31,Adhesivo,Carta,Adhesivo Carta,35236
2025,2,35238,COPI-IMPR B&N P ADHESIVO 1-50,SERVICENTRO,CENTRO DE SERVICIOS,COPIAS,BLANCO Y NEGRO,13,201.52,44,8,Adhesivo,Carta,Adhesivo Carta,35236
2024,4,35238,COPI-IMPR B&N P ADHESIVO 1-50,SERVICENTRO,CENTRO DE SERVICIOS,COPIAS,BLANCO Y NEGRO,28,1380.84,307,58,Adhesivo,Carta,Adhesivo Carta,35236
2024,7,35238,COPI-IMPR B&N P ADHESIVO 1-50,SERVICENTRO,CENTRO DE SERVICIOS,COPIAS,BLANCO Y NEGRO,28,1074.6628,250,59,Adhesivo,Carta,Adhesivo Carta,35236
2024,7,35238,COPI-IMPR B&N P ADHESIVO 1-50,SERVICENTRO,CENTRO DE SERVICIOS,COPIAS,BLANCO Y NEGRO,19,37.93,8,4,Adhesivo,Carta,Adhesivo Carta,35236
2025,7,35238,COPI-IMPR B&N P ADHESIVO 1-50,SERVICENTRO,CENTRO DE SERVICIOS,COPIAS,BLANCO Y NEGRO,13,306.99,68,14,Adhesivo,Carta,Adhesivo Carta,35236
2026,2,35238,COPI-IMPR B&N P ADHESIVO 1-50,SERVICENTRO,CENTRO DE SERVICIOS,COPIAS,BLANCO Y NEGRO,19,180.16,38,17,Adhesivo,Carta,Adhesivo Carta,35236
2025,12,35238,COPI-IMPR B&N P ADHESIVO 1-50,SERVICENTRO,CENTRO DE SERVICIOS,COPIAS,BLANCO Y NEGRO,13,526.25,111,19,Adhesivo,Carta,Adhesivo Carta,35236
2024,11,35238,COPI-IMPR B&N P ADHESIVO 1-50,SERVICENTRO,CENTRO DE SERVICIOS,COPIAS,BLANCO Y NEGRO,28,842.76,180,27,Adhesivo,Carta,Adhesivo Carta,35236
2025,3,35238,COPI-IMPR B&N P ADHESIVO 1-50,SERVICENTRO,CENTRO DE SERVICIOS,COPIAS,BLANCO Y NEGRO,28,1058.35,301,38,Adhesivo,Carta,Adhesivo Carta,35236
2025,9,35238,COPI-IMPR B&N P ADHESIVO 1-50,SERVICENTRO,CENTRO DE SERVICIOS,COPIAS,BLANCO Y NEGRO,28,2659.87,561,55,Adhesivo,Carta,Adhesivo Carta,35236
2025,11,35240,COPI-IMP B&N P ADHESIV 101 +,SERVICENTRO,CENTRO DE SERVICIOS,COPIAS,BLANCO Y NEGRO,28,434.48,112,1,Adhesivo,Carta,Adhesivo Carta,35236
2025,1,35238,COPI-IMPR B&N P ADHESIVO 1-50,SERVICENTRO,CENTRO DE SERVICIOS,COPIAS,BLANCO Y NEGRO,19,52.14,11,7,Adhesivo,Carta,Adhesivo Carta,35236
2025,2,35238,COPI-IMPR B&N P ADHESIVO 1-50,SERVICENTRO,CENTRO DE SERVICIOS,COPIAS,BLANCO Y NEGRO,19,61.63,13,6,Adhesivo,Carta,Adhesivo Carta,35236
2024,3,35238,COPI-IMPR B&N P ADHESIVO 1-50,SERVICENTRO,CENTRO DE SERVICIOS,COPIAS,BLANCO Y NEGRO,19,189.65,40,6,Adhesivo,Carta,Adhesivo Carta,35236
2024,1,35238,COPI-IMPR B&N P ADHESIVO 1-50,SERVICENTRO,CENTRO DE SERVICIOS,COPIAS,BLANCO Y NEGRO,28,2291.19,487,65,Adhesivo,Carta,Adhesivo Carta,35236
2025,9,35238,COPI-IMPR B&N P ADHESIVO 1-50,SERVICENTRO,CENTRO DE SERVICIOS,COPIAS,BLANCO Y NEGRO,19,308.16,65,18,Adhesivo,Carta,Adhesivo Carta,35236
2024,8,35238,COPI-IMPR B&N P ADHESIVO 1-50,SERVICENTRO,CENTRO DE SERVICIOS,COPIAS,BLANCO Y NEGRO,19,161.1742,35,14,Adhesivo,Carta,Adhesivo Carta,35236
2024,4,35238,COPI-IMPR B&N P ADHESIVO 1-50,SERVICENTRO,CENTRO DE SERVICIOS,COPIAS,BLANCO Y NEGRO,19,8.29,2,2,Adhesivo,Carta,Adhesivo Carta,35236
2025,5,35240,COPI-IMP B&N P ADHESIV 101 +,SERVICENTRO,CENTRO DE SERVICIOS,COPIAS,BLANCO Y NEGRO,28,375.65,155,1,Adhesivo,Carta,Adhesivo Carta,35236
2025,5,35238,COPI-IMPR B&N P ADHESIVO 1-50,SERVICENTRO,CENTRO DE SERVICIOS,COPIAS,BLANCO Y NEGRO,19,629.41,136,12,Adhesivo,Carta,Adhesivo Carta,35236
2025,8,35238,COPI-IMPR B&N P ADHESIVO 1-50,SERVICENTRO,CENTRO DE SERVICIOS,COPIAS,BLANCO Y NEGRO,19,393.53,83,11,Adhesivo,Carta,Adhesivo Carta,35236
2024,6,35238,COPI-IMPR B&N P ADHESIVO 1-50,SERVICENTRO,CENTRO DE SERVICIOS,COPIAS,BLANCO Y NEGRO,28,576.83,135,49,Adhesivo,Carta,Adhesivo Carta,35236
2024,11,35238,COPI-IMPR B&N P ADHESIVO 1-50,SERVICENTRO,CENTRO DE SERVICIOS,COPIAS,BLANCO Y NEGRO,19,224.02,53,11,Adhesivo,Carta,Adhesivo Carta,35236
2025,11,35238,COPI-IMPR B&N P ADHESIVO 1-50,SERVICENTRO,CENTRO DE SERVICIOS,COPIAS,BLANCO Y NEGRO,13,284.48,60,16,Adhesivo,Carta,Adhesivo Carta,35236
2024,6,35240,COPI-IMP B&N P ADHESIV 101 +,SERVICENTRO,CENTRO DE SERVICIOS,COPIAS,BLANCO Y NEGRO,28,750.75,241,2,Adhesivo,Carta,Adhesivo Carta,35236
2024,6,35238,COPI-IMPR B&N P ADHESIVO 1-50,SERVICENTRO,CENTRO DE SERVICIOS,COPIAS,BLANCO Y NEGRO,13,417.22,91,17,Adhesivo,Carta,Adhesivo Carta,35236
2025,6,35238,COPI-IMPR B&N P ADHESIVO 1-50,SERVICENTRO,CENTRO DE SERVICIOS,COPIAS,BLANCO Y NEGRO,28,971.9142,220,52,Adhesivo,Carta,Adhesivo Carta,35236
2024,12,35238,COPI-IMPR B&N P ADHESIVO 1-50,SERVICENTRO,CENTRO DE SERVICIOS,COPIAS,BLANCO Y NEGRO,28,1454,329,50,Adhesivo,Carta,Adhesivo Carta,35236
2024,8,35238,COPI-IMPR B&N P ADHESIVO 1-50,SERVICENTRO,CENTRO DE SERVICIOS,COPIAS,BLANCO Y NEGRO,13,545.2,159,30,Adhesivo,Carta,Adhesivo Carta,35236
2026,3,35238,COPI-IMPR B&N P ADHESIVO 1-50,SERVICENTRO,CENTRO DE SERVICIOS,COPIAS,BLANCO Y NEGRO,13,365.08,77,25,Adhesivo,Carta,Adhesivo Carta,35236
2025,1,35238,COPI-IMPR B&N P ADHESIVO 1-50,SERVICENTRO,CENTRO DE SERVICIOS,COPIAS,BLANCO Y NEGRO,13,265.49,64,15,Adhesivo,Carta,Adhesivo Carta,35236
2024,1,35238,COPI-IMPR B&N P ADHESIVO 1-50,SERVICENTRO,CENTRO DE SERVICIOS,COPIAS,BLANCO Y NEGRO,13,270.23,58,14,Adhesivo,Carta,Adhesivo Carta,35236
2026,1,35238,COPI-IMPR B&N P ADHESIVO 1-50,SERVICENTRO,CENTRO DE SERVICIOS,COPIAS,BLANCO Y NEGRO,28,891.31,188,48,Adhesivo,Carta,Adhesivo Carta,35236
2026,1,35238,COPI-IMPR B&N P ADHESIVO 1-50,SERVICENTRO,CENTRO DE SERVICIOS,COPIAS,BLANCO Y NEGRO,19,260.76,55,16,Adhesivo,Carta,Adhesivo Carta,35236
2025,12,35238,COPI-IMPR B&N P ADHESIVO 1-50,SERVICENTRO,CENTRO DE SERVICIOS,COPIAS,BLANCO Y NEGRO,28,1420.81,301,84,Adhesivo,Carta,Adhesivo Carta,35236
2024,10,35238,COPI-IMPR B&N P ADHESIVO 1-50,SERVICENTRO,CENTRO DE SERVICIOS,COPIAS,BLANCO Y NEGRO,28,1203.75,260,63,Adhesivo,Carta,Adhesivo Carta,35236
2025,6,35238,COPI-IMPR B&N P ADHESIVO 1-50,SERVICENTRO,CENTRO DE SERVICIOS,COPIAS,BLANCO Y NEGRO,19,210.29,47,12,Adhesivo,Carta,Adhesivo Carta,35236
2026,2,35240,COPI-IMP B&N P ADHESIV 101 +,SERVICENTRO,CENTRO DE SERVICIOS,COPIAS,BLANCO Y NEGRO,28,775.86,200,1,Adhesivo,Carta,Adhesivo Carta,35236
2025,11,35238,COPI-IMPR B&N P ADHESIVO 1-50,SERVICENTRO,CENTRO DE SERVICIOS,COPIAS,BLANCO Y NEGRO,19,128.01,27,12,Adhesivo,Carta,Adhesivo Carta,35236
2025,8,35238,COPI-IMPR B&N P ADHESIVO 1-50,SERVICENTRO,CENTRO DE SERVICIOS,COPIAS,BLANCO Y NEGRO,13,360.26,81,29,Adhesivo,Carta,Adhesivo Carta,35236
2025,5,35238,COPI-IMPR B&N P ADHESIVO 1-50,SERVICENTRO,CENTRO DE SERVICIOS,COPIAS,BLANCO Y NEGRO,13,276.15,63,15,Adhesivo,Carta,Adhesivo Carta,35236
2025,5,35238,COPI-IMPR B&N P ADHESIVO 1-50,SERVICENTRO,CENTRO DE SERVICIOS,COPIAS,BLANCO Y NEGRO,28,1505.2942,319,63,Adhesivo,Carta,Adhesivo Carta,35236
2025,4,35238,COPI-IMPR B&N P ADHESIVO 1-50,SERVICENTRO,CENTRO DE SERVICIOS,COPIAS,BLANCO Y NEGRO,19,35.55,8,4,Adhesivo,Carta,Adhesivo Carta,35236
2024,7,35240,COPI-IMP B&N P ADHESIV 101 +,SERVICENTRO,CENTRO DE SERVICIOS,COPIAS,BLANCO Y NEGRO,28,911.64,235,2,Adhesivo,Carta,Adhesivo Carta,35236
2025,7,35240,COPI-IMP B&N P ADHESIV 101 +,SERVICENTRO,CENTRO DE SERVICIOS,COPIAS,BLANCO Y NEGRO,28,19.4,5,1,Adhesivo,Carta,Adhesivo Carta,35236
2025,3,35238,COPI-IMPR B&N P ADHESIVO 1-50,SERVICENTRO,CENTRO DE SERVICIOS,COPIAS,BLANCO Y NEGRO,13,123.77,28,15,Adhesivo,Carta,Adhesivo Carta,35236
2024,12,35238,COPI-IMPR B&N P ADHESIVO 1-50,SERVICENTRO,CENTRO DE SERVICIOS,COPIAS,BLANCO Y NEGRO,19,177.78,39,11,Adhesivo,Carta,Adhesivo Carta,35236
2026,2,35238,COPI-IMPR B&N P ADHESIVO 1-50,SERVICENTRO,CENTRO DE SERVICIOS,COPIAS,BLANCO Y NEGRO,28,896.07,189,54,Adhesivo,Carta,Adhesivo Carta,35236
2025,6,35238,COPI-IMPR B&N P ADHESIVO 1-50,SERVICENTRO,CENTRO DE SERVICIOS,COPIAS,BLANCO Y NEGRO,13,98.48,26,11,Adhesivo,Carta,Adhesivo Carta,35236
2024,2,35238,COPI-IMPR B&N P ADHESIVO 1-50,SERVICENTRO,CENTRO DE SERVICIOS,COPIAS,BLANCO Y NEGRO,28,1142.45,275,46,Adhesivo,Carta,Adhesivo Carta,35236
2024,10,35238,COPI-IMPR B&N P ADHESIVO 1-50,SERVICENTRO,CENTRO DE SERVICIOS,COPIAS,BLANCO Y NEGRO,13,162.35,40,15,Adhesivo,Carta,Adhesivo Carta,35236
2025,6,35240,COPI-IMP B&N P ADHESIV 101 +,SERVICENTRO,CENTRO DE SERVICIOS,COPIAS,BLANCO Y NEGRO,28,727.37,250,1,Adhesivo,Carta,Adhesivo Carta,35236
2025,4,35238,COPI-IMPR B&N P ADHESIVO 1-50,SERVICENTRO,CENTRO DE SERVICIOS,COPIAS,BLANCO Y NEGRO,13,180.15,41,16,Adhesivo,Carta,Adhesivo Carta,35236
2025,3,35238,COPI-IMPR B&N P ADHESIVO 1-50,SERVICENTRO,CENTRO DE SERVICIOS,COPIAS,BLANCO Y NEGRO,19,139.86,30,9,Adhesivo,Carta,Adhesivo Carta,35236
2026,3,35238,COPI-IMPR B&N P ADHESIVO 1-50,SERVICENTRO,CENTRO DE SERVICIOS,COPIAS,BLANCO Y NEGRO,19,379.28,80,18,Adhesivo,Carta,Adhesivo Carta,35236
2025,8,35238,COPI-IMPR B&N P ADHESIVO 1-50,SERVICENTRO,CENTRO DE SERVICIOS,COPIAS,BLANCO Y NEGRO,28,2654.96,583,93,Adhesivo,Carta,Adhesivo Carta,35236
2024,6,35238,COPI-IMPR B&N P ADHESIVO 1-50,SERVICENTRO,CENTRO DE SERVICIOS,COPIAS,BLANCO Y NEGRO,19,28.45,6,3,Adhesivo,Carta,Adhesivo Carta,35236
2025,7,35238,COPI-IMPR B&N P ADHESIVO 1-50,SERVICENTRO,CENTRO DE SERVICIOS,COPIAS,BLANCO Y NEGRO,19,151.71,32,12,Adhesivo,Carta,Adhesivo Carta,35236
2024,9,35238,COPI-IMPR B&N P ADHESIVO 1-50,SERVICENTRO,CENTRO DE SERVICIOS,COPIAS,BLANCO Y NEGRO,13,337.77,75,22,Adhesivo,Carta,Adhesivo Carta,35236
2024,2,35238,COPI-IMPR B&N P ADHESIVO 1-50,SERVICENTRO,CENTRO DE SERVICIOS,COPIAS,BLANCO Y NEGRO,19,111.4,25,6,Adhesivo,Carta,Adhesivo Carta,35236
2025,10,35238,COPI-IMPR B&N P ADHESIVO 1-50,SERVICENTRO,CENTRO DE SERVICIOS,COPIAS,BLANCO Y NEGRO,13,237.56,55,20,Adhesivo,Carta,Adhesivo Carta,35236
2024,10,35238,COPI-IMPR B&N P ADHESIVO 1-50,SERVICENTRO,CENTRO DE SERVICIOS,COPIAS,BLANCO Y NEGRO,19,412.49,93,9,Adhesivo,Carta,Adhesivo Carta,35236
2024,3,37520,COPI DOBLE CART BN PAP AD1-50H,SERVICENTRO,CENTRO DE SERVICIOS,COPIAS,COLOR,13,49.57,6,3,Adhesivo,Carta,Adhesivo Carta,35236
2025,5,35245,COP-IMP ADH CARTA COLOR 1-50H,SERVICENTRO,CENTRO DE SERVICIOS,COPIAS,COLOR,19,1882.27,127,25,Adhesivo,Carta,Adhesivo Carta,35236
2025,4,35246,COP-IMP ADH CARTA COLOR 51-100H,SERVICENTRO,CENTRO DE SERVICIOS,COPIAS,COLOR,28,1553.44,106,2,Adhesivo,Carta,Adhesivo Carta,35236
2024,5,37520,COPI DOBLE CART BN PAP AD1-50H,SERVICENTRO,CENTRO DE SERVICIOS,COPIAS,COLOR,28,219.82,26,6,Adhesivo,Carta,Adhesivo Carta,35236
2024,5,37520,COPI DOBLE CART BN PAP AD1-50H,SERVICENTRO,CENTRO DE SERVICIOS,COPIAS,COLOR,19,60.34,7,2,Adhesivo,Carta,Adhesivo Carta,35236
2025,8,35245,COP-IMP ADH CARTA COLOR 1-50H,SERVICENTRO,CENTRO DE SERVICIOS,COPIAS,COLOR,19,4586.21,304,79,Adhesivo,Carta,Adhesivo Carta,35236
2025,8,35245,COP-IMP ADH CARTA COLOR 1-50H,SERVICENTRO,CENTRO DE SERVICIOS,COPIAS,COLOR,28,22386.5007,1496,337,Adhesivo,Carta,Adhesivo Carta,35236
2024,1,37520,COPI DOBLE CART BN PAP AD1-50H,SERVICENTRO,CENTRO DE SERVICIOS,COPIAS,COLOR,19,34.48,4,1,Adhesivo,Carta,Adhesivo Carta,35236
2024,1,35245,COP-IMP ADH CARTA COLOR 1-50H,SERVICENTRO,CENTRO DE SERVICIOS,COPIAS,COLOR,19,648.71,43,5,Adhesivo,Carta,Adhesivo Carta,35236
2025,7,35245,COP-IMP ADH CARTA COLOR 1-50H,SERVICENTRO,CENTRO DE SERVICIOS,COPIAS,COLOR,19,1376.54,92,29,Adhesivo,Carta,Adhesivo Carta,35236
2024,2,37520,COPI DOBLE CART BN PAP AD1-50H,SERVICENTRO,CENTRO DE SERVICIOS,COPIAS,COLOR,13,51.72,6,2,Adhesivo,Carta,Adhesivo Carta,35236
2026,1,35245,COP-IMP ADH CARTA COLOR 1-50H,SERVICENTRO,CENTRO DE SERVICIOS,COPIAS,COLOR,13,1372.87,91,23,Adhesivo,Carta,Adhesivo Carta,35236
2024,12,35245,COP-IMP ADH CARTA COLOR 1-50H,SERVICENTRO,CENTRO DE SERVICIOS,COPIAS,COLOR,13,5914,441,96,Adhesivo,Carta,Adhesivo Carta,35236
2026,2,35246,COP-IMP ADH CARTA COLOR 51-100H,SERVICENTRO,CENTRO DE SERVICIOS,COPIAS,COLOR,28,937.93,64,1,Adhesivo,Carta,Adhesivo Carta,35236
2025,7,35245,COP-IMP ADH CARTA COLOR 1-50H,SERVICENTRO,CENTRO DE SERVICIOS,COPIAS,COLOR,28,13081.2156,886,198,Adhesivo,Carta,Adhesivo Carta,35236
2024,12,35245,COP-IMP ADH CARTA COLOR 1-50H,SERVICENTRO,CENTRO DE SERVICIOS,COPIAS,COLOR,28,12865.57,938,181,Adhesivo,Carta,Adhesivo Carta,35236
2025,11,37520,COPI DOBLE CART BN PAP AD1-50H,SERVICENTRO,CENTRO DE SERVICIOS,COPIAS,COLOR,28,34.48,4,2,Adhesivo,Carta,Adhesivo Carta,35236
2025,11,35245,COP-IMP ADH CARTA COLOR 1-50H,SERVICENTRO,CENTRO DE SERVICIOS,COPIAS,COLOR,19,105.6036,7,2,Adhesivo,Carta,Adhesivo Carta,35236
2025,10,35246,COP-IMP ADH CARTA COLOR 51-100H,SERVICENTRO,CENTRO DE SERVICIOS,COPIAS,COLOR,28,1687.06,118,2,Adhesivo,Carta,Adhesivo Carta,35236
2025,10,37520,COPI DOBLE CART BN PAP AD1-50H,SERVICENTRO,CENTRO DE SERVICIOS,COPIAS,COLOR,13,137.93,16,3,Adhesivo,Carta,Adhesivo Carta,35236
2024,2,35245,COP-IMP ADH CARTA COLOR 1-50H,SERVICENTRO,CENTRO DE SERVICIOS,COPIAS,COLOR,28,11548.33,796,155,Adhesivo,Carta,Adhesivo Carta,35236
2024,10,37520,COPI DOBLE CART BN PAP AD1-50H,SERVICENTRO,CENTRO DE SERVICIOS,COPIAS,COLOR,28,180.51,29,5,Adhesivo,Carta,Adhesivo Carta,35236
2025,10,35245,COP-IMP ADH CARTA COLOR 1-50H,SERVICENTRO,CENTRO DE SERVICIOS,COPIAS,COLOR,28,13454.5721,903,237,Adhesivo,Carta,Adhesivo Carta,35236
2026,2,100277955,COP-IMP ADH CARTA COLOR 1-25H,SERVICENTRO,CENTRO DE SERVICIOS,COPIAS,COLOR,19,3144.93,192,65,Adhesivo,Carta,Adhesivo Carta,35236
2025,11,37520,COPI DOBLE CART BN PAP AD1-50H,SERVICENTRO,CENTRO DE SERVICIOS,COPIAS,COLOR,13,43.1,5,1,Adhesivo,Carta,Adhesivo Carta,35236
2025,1,35245,COP-IMP ADH CARTA COLOR 1-50H,SERVICENTRO,CENTRO DE SERVICIOS,COPIAS,COLOR,28,9127.39,682,141,Adhesivo,Carta,Adhesivo Carta,35236
2025,2,35245,COP-IMP ADH CARTA COLOR 1-50H,SERVICENTRO,CENTRO DE SERVICIOS,COPIAS,COLOR,28,11253.37,802,148,Adhesivo,Carta,Adhesivo Carta,35236
2024,8,35246,COP-IMP ADH CARTA COLOR 51-100H,SERVICENTRO,CENTRO DE SERVICIOS,COPIAS,COLOR,13,1216.38,83,1,Adhesivo,Carta,Adhesivo Carta,35236
2025,5,35245,COP-IMP ADH CARTA COLOR 1-50H,SERVICENTRO,CENTRO DE SERVICIOS,COPIAS,COLOR,28,12701.607,958,171,Adhesivo,Carta,Adhesivo Carta,35236
2025,9,35246,COP-IMP ADH CARTA COLOR 51-100H,SERVICENTRO,CENTRO DE SERVICIOS,COPIAS,COLOR,28,1157.76,79,1,Adhesivo,Carta,Adhesivo Carta,35236
2025,4,37520,COPI DOBLE CART BN PAP AD1-50H,SERVICENTRO,CENTRO DE SERVICIOS,COPIAS,COLOR,28,8.62,1,1,Adhesivo,Carta,Adhesivo Carta,35236
2024,5,35245,COP-IMP ADH CARTA COLOR 1-50H,SERVICENTRO,CENTRO DE SERVICIOS,COPIAS,COLOR,19,2123.38,141,21,Adhesivo,Carta,Adhesivo Carta,35236
2025,1,37520,COPI DOBLE CART BN PAP AD1-50H,SERVICENTRO,CENTRO DE SERVICIOS,COPIAS,COLOR,13,32.33,5,1,Adhesivo,Carta,Adhesivo Carta,35236
2024,9,37520,COPI DOBLE CART BN PAP AD1-50H,SERVICENTRO,CENTRO DE SERVICIOS,COPIAS,COLOR,13,49.57,6,3,Adhesivo,Carta,Adhesivo Carta,35236
2025,7,37520,COPI DOBLE CART BN PAP AD1-50H,SERVICENTRO,CENTRO DE SERVICIOS,COPIAS,COLOR,28,286.64,44,2,Adhesivo,Carta,Adhesivo Carta,35236
2025,7,35245,COP-IMP ADH CARTA COLOR 1-50H,SERVICENTRO,CENTRO DE SERVICIOS,COPIAS,COLOR,13,5577.2,418,89,Adhesivo,Carta,Adhesivo Carta,35236
2026,2,100277963,COP-IMP ADH CARTA COLOR 26-50H,SERVICENTRO,CENTRO DE SERVICIOS,COPIAS,COLOR,28,1770.26,111,4,Adhesivo,Carta,Adhesivo Carta,35236
2026,2,100277955,COP-IMP ADH CARTA COLOR 1-25H,SERVICENTRO,CENTRO DE SERVICIOS,COPIAS,COLOR,13,4965.18,305,67,Adhesivo,Carta,Adhesivo Carta,35236
2024,12,37520,COPI DOBLE CART BN PAP AD1-50H,SERVICENTRO,CENTRO DE SERVICIOS,COPIAS,COLOR,19,17.24,2,1,Adhesivo,Carta,Adhesivo Carta,35236
2026,1,100277955,COP-IMP ADH CARTA COLOR 1-25H,SERVICENTRO,CENTRO DE SERVICIOS,COPIAS,COLOR,28,8019.46,491,100,Adhesivo,Carta,Adhesivo Carta,35236
2025,6,35246,COP-IMP ADH CARTA COLOR 51-100H,SERVICENTRO,CENTRO DE SERVICIOS,COPIAS,COLOR,28,747.41,51,1,Adhesivo,Carta,Adhesivo Carta,35236
2024,6,35245,COP-IMP ADH CARTA COLOR 1-50H,SERVICENTRO,CENTRO DE SERVICIOS,COPIAS,COLOR,28,9675.93,704,146,Adhesivo,Carta,Adhesivo Carta,35236
2024,10,35245,COP-IMP ADH CARTA COLOR 1-50H,SERVICENTRO,CENTRO DE SERVICIOS,COPIAS,COLOR,19,1120.38,82,19,Adhesivo,Carta,Adhesivo Carta,35236
2025,6,35245,COP-IMP ADH CARTA COLOR 1-50H,SERVICENTRO,CENTRO DE SERVICIOS,COPIAS,COLOR,19,1444.5,97,28,Adhesivo,Carta,Adhesivo Carta,35236
2026,2,37520,COPI DOBLE CART BN PAP AD1-50H,SERVICENTRO,CENTRO DE SERVICIOS,COPIAS,COLOR,19,34.48,4,1,Adhesivo,Carta,Adhesivo Carta,35236
2025,2,35245,COP-IMP ADH CARTA COLOR 1-50H,SERVICENTRO,CENTRO DE SERVICIOS,COPIAS,COLOR,19,1535.0457,103,22,Adhesivo,Carta,Adhesivo Carta,35236
2025,2,37520,COPI DOBLE CART BN PAP AD1-50H,SERVICENTRO,CENTRO DE SERVICIOS,COPIAS,COLOR,19,8.62,1,1,Adhesivo,Carta,Adhesivo Carta,35236
2024,9,35245,COP-IMP ADH CARTA COLOR 1-50H,SERVICENTRO,CENTRO DE SERVICIOS,COPIAS,COLOR,28,11803.9175,909,157,Adhesivo,Carta,Adhesivo Carta,35236
2025,3,37520,COPI DOBLE CART BN PAP AD1-50H,SERVICENTRO,CENTRO DE SERVICIOS,COPIAS,COLOR,19,448.28,52,1,Adhesivo,Carta,Adhesivo Carta,35236
2024,3,37520,COPI DOBLE CART BN PAP AD1-50H,SERVICENTRO,CENTRO DE SERVICIOS,COPIAS,COLOR,28,73.27,9,2,Adhesivo,Carta,Adhesivo Carta,35236
2026,3,100277955,COP-IMP ADH CARTA COLOR 1-25H,SERVICENTRO,CENTRO DE SERVICIOS,COPIAS,COLOR,28,14241.51,876,220,Adhesivo,Carta,Adhesivo Carta,35236
2024,8,37520,COPI DOBLE CART BN PAP AD1-50H,SERVICENTRO,CENTRO DE SERVICIOS,COPIAS,COLOR,28,200.44,26,4,Adhesivo,Carta,Adhesivo Carta,35236
2025,1,35246,COP-IMP ADH CARTA COLOR 51-100H,SERVICENTRO,CENTRO DE SERVICIOS,COPIAS,COLOR,28,1542.46,139,3,Adhesivo,Carta,Adhesivo Carta,35236
2024,1,37520,COPI DOBLE CART BN PAP AD1-50H,SERVICENTRO,CENTRO DE SERVICIOS,COPIAS,COLOR,28,43.1,5,2,Adhesivo,Carta,Adhesivo Carta,35236
2025,3,35245,COP-IMP ADH CARTA COLOR 1-50H,SERVICENTRO,CENTRO DE SERVICIOS,COPIAS,COLOR,19,958.52,69,27,Adhesivo,Carta,Adhesivo Carta,35236
2024,2,35245,COP-IMP ADH CARTA COLOR 1-50H,SERVICENTRO,CENTRO DE SERVICIOS,COPIAS,COLOR,19,607.23,41,15,Adhesivo,Carta,Adhesivo Carta,35236
2026,1,100277963,COP-IMP ADH CARTA COLOR 26-50H,SERVICENTRO,CENTRO DE SERVICIOS,COPIAS,COLOR,28,653.87,41,3,Adhesivo,Carta,Adhesivo Carta,35236
2026,1,35246,COP-IMP ADH CARTA COLOR 51-100H,SERVICENTRO,CENTRO DE SERVICIOS,COPIAS,COLOR,28,732.76,50,1,Adhesivo,Carta,Adhesivo Carta,35236
2024,11,37520,COPI DOBLE CART BN PAP AD1-50H,SERVICENTRO,CENTRO DE SERVICIOS,COPIAS,COLOR,28,377.07,55,3,Adhesivo,Carta,Adhesivo Carta,35236
2025,12,37520,COPI DOBLE CART BN PAP AD1-50H,SERVICENTRO,CENTRO DE SERVICIOS,COPIAS,COLOR,28,474.1407,55,9,Adhesivo,Carta,Adhesivo Carta,35236
2025,11,100277955,COP-IMP ADH CARTA COLOR 1-25H,SERVICENTRO,CENTRO DE SERVICIOS,COPIAS,COLOR,19,2375.07,145,55,Adhesivo,Carta,Adhesivo Carta,35236
2025,11,35245,COP-IMP ADH CARTA COLOR 1-50H,SERVICENTRO,CENTRO DE SERVICIOS,COPIAS,COLOR,28,14256.7671,960,183,Adhesivo,Carta,Adhesivo Carta,35236
2024,6,35245,COP-IMP ADH CARTA COLOR 1-50H,SERVICENTRO,CENTRO DE SERVICIOS,COPIAS,COLOR,13,3395.26,256,70,Adhesivo,Carta,Adhesivo Carta,35236
2024,2,37520,COPI DOBLE CART BN PAP AD1-50H,SERVICENTRO,CENTRO DE SERVICIOS,COPIAS,COLOR,28,181.03,21,2,Adhesivo,Carta,Adhesivo Carta,35236
2025,6,35246,COP-IMP ADH CARTA COLOR 51-100H,SERVICENTRO,CENTRO DE SERVICIOS,COPIAS,COLOR,13,87.93,6,1,Adhesivo,Carta,Adhesivo Carta,35236
2025,6,35245,COP-IMP ADH CARTA COLOR 1-50H,SERVICENTRO,CENTRO DE SERVICIOS,COPIAS,COLOR,13,5233.49,389,74,Adhesivo,Carta,Adhesivo Carta,35236
2025,10,37520,COPI DOBLE CART BN PAP AD1-50H,SERVICENTRO,CENTRO DE SERVICIOS,COPIAS,COLOR,19,60.34,7,2,Adhesivo,Carta,Adhesivo Carta,35236
2025,5,37520,COPI DOBLE CART BN PAP AD1-50H,SERVICENTRO,CENTRO DE SERVICIOS,COPIAS,COLOR,28,12.93,2,1,Adhesivo,Carta,Adhesivo Carta,35236
2025,4,35245,COP-IMP ADH CARTA COLOR 1-50H,SERVICENTRO,CENTRO DE SERVICIOS,COPIAS,COLOR,19,2029.09,147,19,Adhesivo,Carta,Adhesivo Carta,35236
2024,3,35245,COP-IMP ADH CARTA COLOR 1-50H,SERVICENTRO,CENTRO DE SERVICIOS,COPIAS,COLOR,19,696.5,47,12,Adhesivo,Carta,Adhesivo Carta,35236
2026,3,100277963,COP-IMP ADH CARTA COLOR 26-50H,SERVICENTRO,CENTRO DE SERVICIOS,COPIAS,COLOR,13,63.79,4,1,Adhesivo,Carta,Adhesivo Carta,35236
2025,9,35245,COP-IMP ADH CARTA COLOR 1-50H,SERVICENTRO,CENTRO DE SERVICIOS,COPIAS,COLOR,28,14912.3832,995,235,Adhesivo,Carta,Adhesivo Carta,35236
2024,7,37520,COPI DOBLE CART BN PAP AD1-50H,SERVICENTRO,CENTRO DE SERVICIOS,COPIAS,COLOR,28,60.34,7,2,Adhesivo,Carta,Adhesivo Carta,35236
2025,8,37520,COPI DOBLE CART BN PAP AD1-50H,SERVICENTRO,CENTRO DE SERVICIOS,COPIAS,COLOR,13,157.33,19,4,Adhesivo,Carta,Adhesivo Carta,35236
2024,7,35245,COP-IMP ADH CARTA COLOR 1-50H,SERVICENTRO,CENTRO DE SERVICIOS,COPIAS,COLOR,28,11609.97,855,157,Adhesivo,Carta,Adhesivo Carta,35236
2024,9,35246,COP-IMP ADH CARTA COLOR 51-100H,SERVICENTRO,CENTRO DE SERVICIOS,COPIAS,COLOR,28,959.7,103,2,Adhesivo,Carta,Adhesivo Carta,35236
2026,1,35245,COP-IMP ADH CARTA COLOR 1-50H,SERVICENTRO,CENTRO DE SERVICIOS,COPIAS,COLOR,28,4782.3382,318,83,Adhesivo,Carta,Adhesivo Carta,35236
2025,7,37520,COPI DOBLE CART BN PAP AD1-50H,SERVICENTRO,CENTRO DE SERVICIOS,COPIAS,COLOR,13,17.24,2,1,Adhesivo,Carta,Adhesivo Carta,35236
2024,12,35245,COP-IMP ADH CARTA COLOR 1-50H,SERVICENTRO,CENTRO DE SERVICIOS,COPIAS,COLOR,19,788.25,53,19,Adhesivo,Carta,Adhesivo Carta,35236
2024,11,35246,COP-IMP ADH CARTA COLOR 51-100H,SERVICENTRO,CENTRO DE SERVICIOS,COPIAS,COLOR,28,1612.07,123,2,Adhesivo,Carta,Adhesivo Carta,35236
2024,11,35245,COP-IMP ADH CARTA COLOR 1-50H,SERVICENTRO,CENTRO DE SERVICIOS,COPIAS,COLOR,19,837.28,59,18,Adhesivo,Carta,Adhesivo Carta,35236
2025,12,100277955,COP-IMP ADH CARTA COLOR 1-25H,SERVICENTRO,CENTRO DE SERVICIOS,COPIAS,COLOR,19,2047.47,126,44,Adhesivo,Carta,Adhesivo Carta,35236
2025,6,37520,COPI DOBLE CART BN PAP AD1-50H,SERVICENTRO,CENTRO DE SERVICIOS,COPIAS,COLOR,19,32.33,5,1,Adhesivo,Carta,Adhesivo Carta,35236
2025,3,35246,COP-IMP ADH CARTA COLOR 51-100H,SERVICENTRO,CENTRO DE SERVICIOS,COPIAS,COLOR,28,307.24,52,1,Adhesivo,Carta,Adhesivo Carta,35236
2025,2,37520,COPI DOBLE CART BN PAP AD1-50H,SERVICENTRO,CENTRO DE SERVICIOS,COPIAS,COLOR,13,32.33,4,2,Adhesivo,Carta,Adhesivo Carta,35236
2025,2,37520,COPI DOBLE CART BN PAP AD1-50H,SERVICENTRO,CENTRO DE SERVICIOS,COPIAS,COLOR,28,262.06,35,5,Adhesivo,Carta,Adhesivo Carta,35236
2024,3,35245,COP-IMP ADH CARTA COLOR 1-50H,SERVICENTRO,CENTRO DE SERVICIOS,COPIAS,COLOR,13,1763.46,150,38,Adhesivo,Carta,Adhesivo Carta,35236
2024,4,35245,COP-IMP ADH CARTA COLOR 1-50H,SERVICENTRO,CENTRO DE SERVICIOS,COPIAS,COLOR,19,1531.25,105,16,Adhesivo,Carta,Adhesivo Carta,35236
2024,9,35245,COP-IMP ADH CARTA COLOR 1-50H,SERVICENTRO,CENTRO DE SERVICIOS,COPIAS,COLOR,13,4553.24,375,75,Adhesivo,Carta,Adhesivo Carta,35236
2026,3,37520,COPI DOBLE CART BN PAP AD1-50H,SERVICENTRO,CENTRO DE SERVICIOS,COPIAS,COLOR,28,51.72,6,3,Adhesivo,Carta,Adhesivo Carta,35236
2024,4,37520,COPI DOBLE CART BN PAP AD1-50H,SERVICENTRO,CENTRO DE SERVICIOS,COPIAS,COLOR,13,19.4,3,1,Adhesivo,Carta,Adhesivo Carta,35236
2024,5,37520,COPI DOBLE CART BN PAP AD1-50H,SERVICENTRO,CENTRO DE SERVICIOS,COPIAS,COLOR,13,36.64,5,2,Adhesivo,Carta,Adhesivo Carta,35236
2026,3,100277955,COP-IMP ADH CARTA COLOR 1-25H,SERVICENTRO,CENTRO DE SERVICIOS,COPIAS,COLOR,13,4701.56,288,69,Adhesivo,Carta,Adhesivo Carta,35236
2026,3,35246,COP-IMP ADH CARTA COLOR 51-100H,SERVICENTRO,CENTRO DE SERVICIOS,COPIAS,COLOR,28,1465.52,100,1,Adhesivo,Carta,Adhesivo Carta,35236
2025,5,35246,COP-IMP ADH CARTA COLOR 51-100H,SERVICENTRO,CENTRO DE SERVICIOS,COPIAS,COLOR,28,2033.99,171,3,Adhesivo,Carta,Adhesivo Carta,35236
2025,1,35245,COP-IMP ADH CARTA COLOR 1-50H,SERVICENTRO,CENTRO DE SERVICIOS,COPIAS,COLOR,13,2891.04,207,59,Adhesivo,Carta,Adhesivo Carta,35236
2024,5,35245,COP-IMP ADH CARTA COLOR 1-50H,SERVICENTRO,CENTRO DE SERVICIOS,COPIAS,COLOR,28,11798.39,839,141,Adhesivo,Carta,Adhesivo Carta,35236
2024,5,35245,COP-IMP ADH CARTA COLOR 1-50H,SERVICENTRO,CENTRO DE SERVICIOS,COPIAS,COLOR,13,2067.35,150,43,Adhesivo,Carta,Adhesivo Carta,35236
2025,3,35245,COP-IMP ADH CARTA COLOR 1-50H,SERVICENTRO,CENTRO DE SERVICIOS,COPIAS,COLOR,13,4010.12,305,66,Adhesivo,Carta,Adhesivo Carta,35236
2024,2,35245,COP-IMP ADH CARTA COLOR 1-50H,SERVICENTRO,CENTRO DE SERVICIOS,COPIAS,COLOR,13,4108.36,302,70,Adhesivo,Carta,Adhesivo Carta,35236
2026,1,100277955,COP-IMP ADH CARTA COLOR 1-25H,SERVICENTRO,CENTRO DE SERVICIOS,COPIAS,COLOR,19,3556.09,219,56,Adhesivo,Carta,Adhesivo Carta,35236
2024,6,37520,COPI DOBLE CART BN PAP AD1-50H,SERVICENTRO,CENTRO DE SERVICIOS,COPIAS,COLOR,28,64.65,8,4,Adhesivo,Carta,Adhesivo Carta,35236
2024,6,35246,COP-IMP ADH CARTA COLOR 51-100H,SERVICENTRO,CENTRO DE SERVICIOS,COPIAS,COLOR,28,43.97,3,1,Adhesivo,Carta,Adhesivo Carta,35236
2024,12,35246,COP-IMP ADH CARTA COLOR 51-100H,SERVICENTRO,CENTRO DE SERVICIOS,COPIAS,COLOR,13,14.66,1,1,Adhesivo,Carta,Adhesivo Carta,35236
2026,1,37520,COPI DOBLE CART BN PAP AD1-50H,SERVICENTRO,CENTRO DE SERVICIOS,COPIAS,COLOR,28,25.86,3,2,Adhesivo,Carta,Adhesivo Carta,35236
2026,1,100277955,COP-IMP ADH CARTA COLOR 1-25H,SERVICENTRO,CENTRO DE SERVICIOS,COPIAS,COLOR,13,2571.63,157,43,Adhesivo,Carta,Adhesivo Carta,35236
2025,2,35246,COP-IMP ADH CARTA COLOR 51-100H,SERVICENTRO,CENTRO DE SERVICIOS,COPIAS,COLOR,28,617.24,64,1,Adhesivo,Carta,Adhesivo Carta,35236
2024,11,35245,COP-IMP ADH CARTA COLOR 1-50H,SERVICENTRO,CENTRO DE SERVICIOS,COPIAS,COLOR,28,12923.46,942,165,Adhesivo,Carta,Adhesivo Carta,35236
2024,11,37520,COPI DOBLE CART BN PAP AD1-50H,SERVICENTRO,CENTRO DE SERVICIOS,COPIAS,COLOR,19,17.24,2,1,Adhesivo,Carta,Adhesivo Carta,35236
2026,2,100277963,COP-IMP ADH CARTA COLOR 26-50H,SERVICENTRO,CENTRO DE SERVICIOS,COPIAS,COLOR,19,478.45,30,1,Adhesivo,Carta,Adhesivo Carta,35236
2025,11,35246,COP-IMP ADH CARTA COLOR 51-100H,SERVICENTRO,CENTRO DE SERVICIOS,COPIAS,COLOR,28,1497.41,111,2,Adhesivo,Carta,Adhesivo Carta,35236
2025,11,35245,COP-IMP ADH CARTA COLOR 1-50H,SERVICENTRO,CENTRO DE SERVICIOS,COPIAS,COLOR,13,3439.69,228,70,Adhesivo,Carta,Adhesivo Carta,35236
2024,3,35246,COP-IMP ADH CARTA COLOR 51-100H,SERVICENTRO,CENTRO DE SERVICIOS,COPIAS,COLOR,28,919.61,63,2,Adhesivo,Carta,Adhesivo Carta,35236
2025,4,35245,COP-IMP ADH CARTA COLOR 1-50H,SERVICENTRO,CENTRO DE SERVICIOS,COPIAS,COLOR,28,8684.22,636,147,Adhesivo,Carta,Adhesivo Carta,35236
2025,3,35245,COP-IMP ADH CARTA COLOR 1-50H,SERVICENTRO,CENTRO DE SERVICIOS,COPIAS,COLOR,28,9207.6482,667,146,Adhesivo,Carta,Adhesivo Carta,35236
2026,3,100277955,COP-IMP ADH CARTA COLOR 1-25H,SERVICENTRO,CENTRO DE SERVICIOS,COPIAS,COLOR,19,2324.12,142,48,Adhesivo,Carta,Adhesivo Carta,35236
2024,4,35245,COP-IMP ADH CARTA COLOR 1-50H,SERVICENTRO,CENTRO DE SERVICIOS,COPIAS,COLOR,28,11188.24,795,158,Adhesivo,Carta,Adhesivo Carta,35236
2025,8,35245,COP-IMP ADH CARTA COLOR 1-50H,SERVICENTRO,CENTRO DE SERVICIOS,COPIAS,COLOR,13,9298.47,651,180,Adhesivo,Carta,Adhesivo Carta,35236
2024,8,35246,COP-IMP ADH CARTA COLOR 51-100H,SERVICENTRO,CENTRO DE SERVICIOS,COPIAS,COLOR,28,1645.05,126,2,Adhesivo,Carta,Adhesivo Carta,35236
2024,6,37520,COPI DOBLE CART BN PAP AD1-50H,SERVICENTRO,CENTRO DE SERVICIOS,COPIAS,COLOR,19,34.48,4,2,Adhesivo,Carta,Adhesivo Carta,35236
2025,7,35246,COP-IMP ADH CARTA COLOR 51-100H,SERVICENTRO,CENTRO DE SERVICIOS,COPIAS,COLOR,28,806.03,55,1,Adhesivo,Carta,Adhesivo Carta,35236
2024,11,35245,COP-IMP ADH CARTA COLOR 1-50H,SERVICENTRO,CENTRO DE SERVICIOS,COPIAS,COLOR,13,4729.28,370,70,Adhesivo,Carta,Adhesivo Carta,35236
2024,10,35246,COP-IMP ADH CARTA COLOR 51-100H,SERVICENTRO,CENTRO DE SERVICIOS,COPIAS,COLOR,28,4620.47,400,8,Adhesivo,Carta,Adhesivo Carta,35236
2024,1,35246,COP-IMP ADH CARTA COLOR 51-100H,SERVICENTRO,CENTRO DE SERVICIOS,COPIAS,COLOR,19,2344.82,160,2,Adhesivo,Carta,Adhesivo Carta,35236
2025,10,35245,COP-IMP ADH CARTA COLOR 1-50H,SERVICENTRO,CENTRO DE SERVICIOS,COPIAS,COLOR,19,1750.02,116,39,Adhesivo,Carta,Adhesivo Carta,35236
2025,10,100277963,COP-IMP ADH CARTA COLOR 26-50H,SERVICENTRO,CENTRO DE SERVICIOS,COPIAS,COLOR,19,31.9,2,1,Adhesivo,Carta,Adhesivo Carta,35236
2025,9,35245,COP-IMP ADH CARTA COLOR 1-50H,SERVICENTRO,CENTRO DE SERVICIOS,COPIAS,COLOR,19,2405,160,51,Adhesivo,Carta,Adhesivo Carta,35236
2025,1,35245,COP-IMP ADH CARTA COLOR 1-50H,SERVICENTRO,CENTRO DE SERVICIOS,COPIAS,COLOR,19,1178.11,89,21,Adhesivo,Carta,Adhesivo Carta,35236
2025,5,35246,COP-IMP ADH CARTA COLOR 51-100H,SERVICENTRO,CENTRO DE SERVICIOS,COPIAS,COLOR,19,14.66,1,1,Adhesivo,Carta,Adhesivo Carta,35236
2024,9,35245,COP-IMP ADH CARTA COLOR 1-50H,SERVICENTRO,CENTRO DE SERVICIOS,COPIAS,COLOR,19,1100.98,75,19,Adhesivo,Carta,Adhesivo Carta,35236
2024,9,35246,COP-IMP ADH CARTA COLOR 51-100H,SERVICENTRO,CENTRO DE SERVICIOS,COPIAS,COLOR,19,1113.8,101,2,Adhesivo,Carta,Adhesivo Carta,35236
2024,3,35245,COP-IMP ADH CARTA COLOR 1-50H,SERVICENTRO,CENTRO DE SERVICIOS,COPIAS,COLOR,28,8988.08,664,156,Adhesivo,Carta,Adhesivo Carta,35236
2024,1,35245,COP-IMP ADH CARTA COLOR 1-50H,SERVICENTRO,CENTRO DE SERVICIOS,COPIAS,COLOR,28,7520.35,560,120,Adhesivo,Carta,Adhesivo Carta,35236
2025,5,35245,COP-IMP ADH CARTA COLOR 1-50H,SERVICENTRO,CENTRO DE SERVICIOS,COPIAS,COLOR,13,3496.94,269,76,Adhesivo,Carta,Adhesivo Carta,35236
2024,8,37520,COPI DOBLE CART BN PAP AD1-50H,SERVICENTRO,CENTRO DE SERVICIOS,COPIAS,COLOR,13,172.41,20,1,Adhesivo,Carta,Adhesivo Carta,35236
2024,4,37520,COPI DOBLE CART BN PAP AD1-50H,SERVICENTRO,CENTRO DE SERVICIOS,COPIAS,COLOR,28,47.42,7,4,Adhesivo,Carta,Adhesivo Carta,35236
2024,5,35246,COP-IMP ADH CARTA COLOR 51-100H,SERVICENTRO,CENTRO DE SERVICIOS,COPIAS,COLOR,28,1586.2,160,2,Adhesivo,Carta,Adhesivo Carta,35236
2024,7,35245,COP-IMP ADH CARTA COLOR 1-50H,SERVICENTRO,CENTRO DE SERVICIOS,COPIAS,COLOR,13,3398.79,275,64,Adhesivo,Carta,Adhesivo Carta,35236
2026,2,37520,COPI DOBLE CART BN PAP AD1-50H,SERVICENTRO,CENTRO DE SERVICIOS,COPIAS,COLOR,28,215.52,25,4,Adhesivo,Carta,Adhesivo Carta,35236
2026,2,100277955,COP-IMP ADH CARTA COLOR 1-25H,SERVICENTRO,CENTRO DE SERVICIOS,COPIAS,COLOR,28,10745.31,659,183,Adhesivo,Carta,Adhesivo Carta,35236
2025,7,37520,COPI DOBLE CART BN PAP AD1-50H,SERVICENTRO,CENTRO DE SERVICIOS,COPIAS,COLOR,19,8.62,1,1,Adhesivo,Carta,Adhesivo Carta,35236
2025,12,35245,COP-IMP ADH CARTA COLOR 1-50H,SERVICENTRO,CENTRO DE SERVICIOS,COPIAS,COLOR,13,4665.53,312,69,Adhesivo,Carta,Adhesivo Carta,35236
2024,10,35245,COP-IMP ADH CARTA COLOR 1-50H,SERVICENTRO,CENTRO DE SERVICIOS,COPIAS,COLOR,28,14029.43,981,197,Adhesivo,Carta,Adhesivo Carta,35236
2025,6,37520,COPI DOBLE CART BN PAP AD1-50H,SERVICENTRO,CENTRO DE SERVICIOS,COPIAS,COLOR,28,68.9621,8,3,Adhesivo,Carta,Adhesivo Carta,35236
2026,2,37520,COPI DOBLE CART BN PAP AD1-50H,SERVICENTRO,CENTRO DE SERVICIOS,COPIAS,COLOR,13,8.62,1,1,Adhesivo,Carta,Adhesivo Carta,35236
2025,1,37520,COPI DOBLE CART BN PAP AD1-50H,SERVICENTRO,CENTRO DE SERVICIOS,COPIAS,COLOR,28,86.2,10,3,Adhesivo,Carta,Adhesivo Carta,35236
2024,7,37520,COPI DOBLE CART BN PAP AD1-50H,SERVICENTRO,CENTRO DE SERVICIOS,COPIAS,COLOR,13,8.62,1,1,Adhesivo,Carta,Adhesivo Carta,35236
2024,9,37520,COPI DOBLE CART BN PAP AD1-50H,SERVICENTRO,CENTRO DE SERVICIOS,COPIAS,COLOR,19,99.14,12,4,Adhesivo,Carta,Adhesivo Carta,35236
2024,9,37520,COPI DOBLE CART BN PAP AD1-50H,SERVICENTRO,CENTRO DE SERVICIOS,COPIAS,COLOR,28,79.74,10,6,Adhesivo,Carta,Adhesivo Carta,35236
2024,6,37520,COPI DOBLE CART BN PAP AD1-50H,SERVICENTRO,CENTRO DE SERVICIOS,COPIAS,COLOR,13,34.48,4,2,Adhesivo,Carta,Adhesivo Carta,35236
2025,12,35245,COP-IMP ADH CARTA COLOR 1-50H,SERVICENTRO,CENTRO DE SERVICIOS,COPIAS,COLOR,28,16358.6769,1087,258,Adhesivo,Carta,Adhesivo Carta,35236
2025,6,35245,COP-IMP ADH CARTA COLOR 1-50H,SERVICENTRO,CENTRO DE SERVICIOS,COPIAS,COLOR,28,16773.575,1211,186,Adhesivo,Carta,Adhesivo Carta,35236
2025,10,35245,COP-IMP ADH CARTA COLOR 1-50H,SERVICENTRO,CENTRO DE SERVICIOS,COPIAS,COLOR,13,6081.92,421,82,Adhesivo,Carta,Adhesivo Carta,35236
2025,9,35245,COP-IMP ADH CARTA COLOR 1-50H,SERVICENTRO,CENTRO DE SERVICIOS,COPIAS,COLOR,13,7119.4726,484,138,Adhesivo,Carta,Adhesivo Carta,35236
2025,2,35245,COP-IMP ADH CARTA COLOR 1-50H,SERVICENTRO,CENTRO DE SERVICIOS,COPIAS,COLOR,13,4619.47,335,82,Adhesivo,Carta,Adhesivo Carta,35236
2024,12,35246,COP-IMP ADH CARTA COLOR 51-100H,SERVICENTRO,CENTRO DE SERVICIOS,COPIAS,COLOR,28,2344.83,160,2,Adhesivo,Carta,Adhesivo Carta,35236
2024,8,35245,COP-IMP ADH CARTA COLOR 1-50H,SERVICENTRO,CENTRO DE SERVICIOS,COPIAS,COLOR,13,8104.47,591,156,Adhesivo,Carta,Adhesivo Carta,35236
2025,8,37520,COPI DOBLE CART BN PAP AD1-50H,SERVICENTRO,CENTRO DE SERVICIOS,COPIAS,COLOR,28,284.48,33,4,Adhesivo,Carta,Adhesivo Carta,35236
2024,4,35246,COP-IMP ADH CARTA COLOR 51-100H,SERVICENTRO,CENTRO DE SERVICIOS,COPIAS,COLOR,28,1714.65,117,3,Adhesivo,Carta,Adhesivo Carta,35236
2025,4,35245,COP-IMP ADH CARTA COLOR 1-50H,SERVICENTRO,CENTRO DE SERVICIOS,COPIAS,COLOR,13,2954.13,227,48,Adhesivo,Carta,Adhesivo Carta,35236
2026,3,37520,COPI DOBLE CART BN PAP AD1-50H,SERVICENTRO,CENTRO DE SERVICIOS,COPIAS,COLOR,13,8.62,1,1,Adhesivo,Carta,Adhesivo Carta,35236
2024,1,35245,COP-IMP ADH CARTA COLOR 1-50H,SERVICENTRO,CENTRO DE SERVICIOS,COPIAS,COLOR,13,3853.14,275,66,Adhesivo,Carta,Adhesivo Carta,35236
2025,9,37520,COPI DOBLE CART BN PAP AD1-50H,SERVICENTRO,CENTRO DE SERVICIOS,COPIAS,COLOR,28,17.24,2,2,Adhesivo,Carta,Adhesivo Carta,35236
2024,8,35245,COP-IMP ADH CARTA COLOR 1-50H,SERVICENTRO,CENTRO DE SERVICIOS,COPIAS,COLOR,28,18878.83,1396,274,Adhesivo,Carta,Adhesivo Carta,35236
2024,4,35245,COP-IMP ADH CARTA COLOR 1-50H,SERVICENTRO,CENTRO DE SERVICIOS,COPIAS,COLOR,13,4028.45,310,64,Adhesivo,Carta,Adhesivo Carta,35236
2026,3,100277963,COP-IMP ADH CARTA COLOR 26-50H,SERVICENTRO,CENTRO DE SERVICIOS,COPIAS,COLOR,28,2041.38,128,4,Adhesivo,Carta,Adhesivo Carta,35236
2024,7,35245,COP-IMP ADH CARTA COLOR 1-50H,SERVICENTRO,CENTRO DE SERVICIOS,COPIAS,COLOR,19,418.65,28,13,Adhesivo,Carta,Adhesivo Carta,35236
2024,1,37520,COPI DOBLE CART BN PAP AD1-50H,SERVICENTRO,CENTRO DE SERVICIOS,COPIAS,COLOR,13,43.1,5,1,Adhesivo,Carta,Adhesivo Carta,35236
2024,8,35245,COP-IMP ADH CARTA COLOR 1-50H,SERVICENTRO,CENTRO DE SERVICIOS,COPIAS,COLOR,19,2516.18,177,38,Adhesivo,Carta,Adhesivo Carta,35236
2024,6,35245,COP-IMP ADH CARTA COLOR 1-50H,SERVICENTRO,CENTRO DE SERVICIOS,COPIAS,COLOR,19,780.7,53,11,Adhesivo,Carta,Adhesivo Carta,35236
2026,1,37520,COPI DOBLE CART BN PAP AD1-50H,SERVICENTRO,CENTRO DE SERVICIOS,COPIAS,COLOR,19,103.44,12,6,Adhesivo,Carta,Adhesivo Carta,35236
2025,10,37520,COPI DOBLE CART BN PAP AD1-50H,SERVICENTRO,CENTRO DE SERVICIOS,COPIAS,COLOR,28,60.34,7,5,Adhesivo,Carta,Adhesivo Carta,35236
2025,10,100277955,COP-IMP ADH CARTA COLOR 1-25H,SERVICENTRO,CENTRO DE SERVICIOS,COPIAS,COLOR,19,475.01,29,8,Adhesivo,Carta,Adhesivo Carta,35236
2024,10,35245,COP-IMP ADH CARTA COLOR 1-50H,SERVICENTRO,CENTRO DE SERVICIOS,COPIAS,COLOR,13,5434.89,404,80,Adhesivo,Carta,Adhesivo Carta,35236
2024,10,37520,COPI DOBLE CART BN PAP AD1-50H,SERVICENTRO,CENTRO DE SERVICIOS,COPIAS,COLOR,13,6.47,1,1,Adhesivo,Carta,Adhesivo Carta,35236
2025,6,37520,COPI DOBLE CART BN PAP AD1-50H,SERVICENTRO,CENTRO DE SERVICIOS,COPIAS,COLOR,13,25.86,3,1,Adhesivo,Carta,Adhesivo Carta,35236
2025,3,37520,COPI DOBLE CART BN PAP AD1-50H,SERVICENTRO,CENTRO DE SERVICIOS,COPIAS,COLOR,28,51.72,8,1,Adhesivo,Carta,Adhesivo Carta,35236
2024,12,37520,COPI DOBLE CART BN PAP AD1-50H,SERVICENTRO,CENTRO DE SERVICIOS,COPIAS,COLOR,28,94.83,11,2,Adhesivo,Carta,Adhesivo Carta,35236
2024,5,33455,COP-IMP COUCHE D-CTA COL 1-50H,SERVICENTRO,CENTRO DE SERVICIOS,COPIAS,COLOR,19,158.63,8,4,Couche,Doble Carta,Couche Doble Carta,33353
2026,3,100277824,COP-IMP COUCHE D-CTA COL 1-25H,SERVICENTRO,CENTRO DE SERVICIOS,COPIAS,COLOR,13,268.97,13,7,Couche,Doble Carta,Couche Doble Carta,33353
2026,1,100277824,COP-IMP COUCHE D-CTA COL 1-25H,SERVICENTRO,CENTRO DE SERVICIOS,COPIAS,COLOR,13,682.77,33,12,Couche,Doble Carta,Couche Doble Carta,33353
2025,7,33455,COP-IMP COUCHE D-CTA COL 1-50H,SERVICENTRO,CENTRO DE SERVICIOS,COPIAS,COLOR,28,3975.0676,220,32,Couche,Doble Carta,Couche Doble Carta,33353
2026,1,100277824,COP-IMP COUCHE D-CTA COL 1-25H,SERVICENTRO,CENTRO DE SERVICIOS,COPIAS,COLOR,19,475.87,23,7,Couche,Doble Carta,Couche Doble Carta,33353
2025,11,100277824,COP-IMP COUCHE D-CTA COL 1-25H,SERVICENTRO,CENTRO DE SERVICIOS,COPIAS,COLOR,19,600,29,6,Couche,Doble Carta,Couche Doble Carta,33353
2025,10,33455,COP-IMP COUCHE D-CTA COL 1-50H,SERVICENTRO,CENTRO DE SERVICIOS,COPIAS,COLOR,13,1346.98,79,18,Couche,Doble Carta,Couche Doble Carta,33353
2026,2,100277824,COP-IMP COUCHE D-CTA COL 1-25H,SERVICENTRO,CENTRO DE SERVICIOS,COPIAS,COLOR,19,331.04,16,8,Couche,Doble Carta,Couche Doble Carta,33353
2024,3,33455,COP-IMP COUCHE D-CTA COL 1-50H,SERVICENTRO,CENTRO DE SERVICIOS,COPIAS,COLOR,13,1653.08,103,22,Couche,Doble Carta,Couche Doble Carta,33353
2025,9,33455,COP-IMP COUCHE D-CTA COL 1-50H,SERVICENTRO,CENTRO DE SERVICIOS,COPIAS,COLOR,28,3041.9135,162,22,Couche,Doble Carta,Couche Doble Carta,33353
2025,5,33455,COP-IMP COUCHE D-CTA COL 1-50H,SERVICENTRO,CENTRO DE SERVICIOS,COPIAS,COLOR,28,5234.538,283,53,Couche,Doble Carta,Couche Doble Carta,33353
2024,5,33455,COP-IMP COUCHE D-CTA COL 1-50H,SERVICENTRO,CENTRO DE SERVICIOS,COPIAS,COLOR,13,1749.79,91,10,Couche,Doble Carta,Couche Doble Carta,33353
2025,8,33455,COP-IMP COUCHE D-CTA COL 1-50H,SERVICENTRO,CENTRO DE SERVICIOS,COPIAS,COLOR,19,852.61,43,7,Couche,Doble Carta,Couche Doble Carta,33353
2024,7,33455,COP-IMP COUCHE D-CTA COL 1-50H,SERVICENTRO,CENTRO DE SERVICIOS,COPIAS,COLOR,28,3722.6876,188,39,Couche,Doble Carta,Couche Doble Carta,33353
2026,1,100277824,COP-IMP COUCHE D-CTA COL 1-25H,SERVICENTRO,CENTRO DE SERVICIOS,COPIAS,COLOR,28,1963.18,99,17,Couche,Doble Carta,Couche Doble Carta,33353
2025,7,33455,COP-IMP COUCHE D-CTA COL 1-50H,SERVICENTRO,CENTRO DE SERVICIOS,COPIAS,COLOR,19,297.44,15,9,Couche,Doble Carta,Couche Doble Carta,33353
2024,12,33455,COP-IMP COUCHE D-CTA COL 1-50H,SERVICENTRO,CENTRO DE SERVICIOS,COPIAS,COLOR,28,2686.7,142,30,Couche,Doble Carta,Couche Doble Carta,33353
2024,11,33455,COP-IMP COUCHE D-CTA COL 1-50H,SERVICENTRO,CENTRO DE SERVICIOS,COPIAS,COLOR,28,4764.29,282,37,Couche,Doble Carta,Couche Doble Carta,33353
2024,11,33455,COP-IMP COUCHE D-CTA COL 1-50H,SERVICENTRO,CENTRO DE SERVICIOS,COPIAS,COLOR,19,34.7,2,2,Couche,Doble Carta,Couche Doble Carta,33353
2025,10,100277824,COP-IMP COUCHE D-CTA COL 1-25H,SERVICENTRO,CENTRO DE SERVICIOS,COPIAS,COLOR,19,227.59,11,8,Couche,Doble Carta,Couche Doble Carta,33353
2024,6,33455,COP-IMP COUCHE D-CTA COL 1-50H,SERVICENTRO,CENTRO DE SERVICIOS,COPIAS,COLOR,13,1620.94,87,23,Couche,Doble Carta,Couche Doble Carta,33353
2025,9,33455,COP-IMP COUCHE D-CTA COL 1-50H,SERVICENTRO,CENTRO DE SERVICIOS,COPIAS,COLOR,13,1169.84,59,14,Couche,Doble Carta,Couche Doble Carta,33353
2024,9,33455,COP-IMP COUCHE D-CTA COL 1-50H,SERVICENTRO,CENTRO DE SERVICIOS,COPIAS,COLOR,19,59.49,3,2,Couche,Doble Carta,Couche Doble Carta,33353
2024,3,33455,COP-IMP COUCHE D-CTA COL 1-50H,SERVICENTRO,CENTRO DE SERVICIOS,COPIAS,COLOR,28,6257.63,325,39,Couche,Doble Carta,Couche Doble Carta,33353
2024,4,33455,COP-IMP COUCHE D-CTA COL 1-50H,SERVICENTRO,CENTRO DE SERVICIOS,COPIAS,COLOR,13,1215.56,74,20,Couche,Doble Carta,Couche Doble Carta,33353
2025,1,33455,COP-IMP COUCHE D-CTA COL 1-50H,SERVICENTRO,CENTRO DE SERVICIOS,COPIAS,COLOR,28,1382.98,74,19,Couche,Doble Carta,Couche Doble Carta,33353
2024,12,33455,COP-IMP COUCHE D-CTA COL 1-50H,SERVICENTRO,CENTRO DE SERVICIOS,COPIAS,COLOR,13,550.22,30,10,Couche,Doble Carta,Couche Doble Carta,33353
2025,12,100277824,COP-IMP COUCHE D-CTA COL 1-25H,SERVICENTRO,CENTRO DE SERVICIOS,COPIAS,COLOR,19,1262.08,61,12,Couche,Doble Carta,Couche Doble Carta,33353
2025,6,33455,COP-IMP COUCHE D-CTA COL 1-50H,SERVICENTRO,CENTRO DE SERVICIOS,COPIAS,COLOR,28,3245.8476,167,38,Couche,Doble Carta,Couche Doble Carta,33353
2025,5,33455,COP-IMP COUCHE D-CTA COL 1-50H,SERVICENTRO,CENTRO DE SERVICIOS,COPIAS,COLOR,19,118.97,6,1,Couche,Doble Carta,Couche Doble Carta,33353
2024,9,33455,COP-IMP COUCHE D-CTA COL 1-50H,SERVICENTRO,CENTRO DE SERVICIOS,COPIAS,COLOR,13,639.45,34,13,Couche,Doble Carta,Couche Doble Carta,33353
2025,3,33455,COP-IMP COUCHE D-CTA COL 1-50H,SERVICENTRO,CENTRO DE SERVICIOS,COPIAS,COLOR,28,2959.3,155,30,Couche,Doble Carta,Couche Doble Carta,33353
2024,11,33455,COP-IMP COUCHE D-CTA COL 1-50H,SERVICENTRO,CENTRO DE SERVICIOS,COPIAS,COLOR,13,1734.93,92,16,Couche,Doble Carta,Couche Doble Carta,33353
2025,6,33455,COP-IMP COUCHE D-CTA COL 1-50H,SERVICENTRO,CENTRO DE SERVICIOS,COPIAS,COLOR,19,853.18,52,6,Couche,Doble Carta,Couche Doble Carta,33353
2025,11,33455,COP-IMP COUCHE D-CTA COL 1-50H,SERVICENTRO,CENTRO DE SERVICIOS,COPIAS,COLOR,13,2518.15,127,25,Couche,Doble Carta,Couche Doble Carta,33353
2025,12,33455,COP-IMP COUCHE D-CTA COL 1-50H,SERVICENTRO,CENTRO DE SERVICIOS,COPIAS,COLOR,28,3748.75,195,40,Couche,Doble Carta,Couche Doble Carta,33353
2025,3,33455,COP-IMP COUCHE D-CTA COL 1-50H,SERVICENTRO,CENTRO DE SERVICIOS,COPIAS,COLOR,19,143.75,8,4,Couche,Doble Carta,Couche Doble Carta,33353
2024,8,33455,COP-IMP COUCHE D-CTA COL 1-50H,SERVICENTRO,CENTRO DE SERVICIOS,COPIAS,COLOR,19,619.6,33,4,Couche,Doble Carta,Couche Doble Carta,33353
2025,4,33455,COP-IMP COUCHE D-CTA COL 1-50H,SERVICENTRO,CENTRO DE SERVICIOS,COPIAS,COLOR,28,2489.78,140,29,Couche,Doble Carta,Couche Doble Carta,33353
2026,3,100277824,COP-IMP COUCHE D-CTA COL 1-25H,SERVICENTRO,CENTRO DE SERVICIOS,COPIAS,COLOR,19,248.28,12,6,Couche,Doble Carta,Couche Doble Carta,33353
2024,1,33455,COP-IMP COUCHE D-CTA COL 1-50H,SERVICENTRO,CENTRO DE SERVICIOS,COPIAS,COLOR,19,39.66,2,2,Couche,Doble Carta,Couche Doble Carta,33353
2024,8,33455,COP-IMP COUCHE D-CTA COL 1-50H,SERVICENTRO,CENTRO DE SERVICIOS,COPIAS,COLOR,13,1606.06,86,13,Couche,Doble Carta,Couche Doble Carta,33353
2024,10,33455,COP-IMP COUCHE D-CTA COL 1-50H,SERVICENTRO,CENTRO DE SERVICIOS,COPIAS,COLOR,19,1259.06,64,5,Couche,Doble Carta,Couche Doble Carta,33353
2025,12,33455,COP-IMP COUCHE D-CTA COL 1-50H,SERVICENTRO,CENTRO DE SERVICIOS,COPIAS,COLOR,13,1308.65,66,13,Couche,Doble Carta,Couche Doble Carta,33353
2024,10,33455,COP-IMP COUCHE D-CTA COL 1-50H,SERVICENTRO,CENTRO DE SERVICIOS,COPIAS,COLOR,13,342.04,18,11,Couche,Doble Carta,Couche Doble Carta,33353
2025,3,33455,COP-IMP COUCHE D-CTA COL 1-50H,SERVICENTRO,CENTRO DE SERVICIOS,COPIAS,COLOR,13,337.07,17,1,Couche,Doble Carta,Couche Doble Carta,33353
2024,1,33455,COP-IMP COUCHE D-CTA COL 1-50H,SERVICENTRO,CENTRO DE SERVICIOS,COPIAS,COLOR,13,689.04,35,11,Couche,Doble Carta,Couche Doble Carta,33353
2024,4,33455,COP-IMP COUCHE D-CTA COL 1-50H,SERVICENTRO,CENTRO DE SERVICIOS,COPIAS,COLOR,28,4012.8056,205,35,Couche,Doble Carta,Couche Doble Carta,33353
2026,3,100277824,COP-IMP COUCHE D-CTA COL 1-25H,SERVICENTRO,CENTRO DE SERVICIOS,COPIAS,COLOR,28,4265.39,215,44,Couche,Doble Carta,Couche Doble Carta,33353
2024,7,33455,COP-IMP COUCHE D-CTA COL 1-50H,SERVICENTRO,CENTRO DE SERVICIOS,COPIAS,COLOR,13,94.19,5,3,Couche,Doble Carta,Couche Doble Carta,33353
2024,2,33455,COP-IMP COUCHE D-CTA COL 1-50H,SERVICENTRO,CENTRO DE SERVICIOS,COPIAS,COLOR,13,636.79,33,15,Couche,Doble Carta,Couche Doble Carta,33353
2026,1,33455,COP-IMP COUCHE D-CTA COL 1-50H,SERVICENTRO,CENTRO DE SERVICIOS,COPIAS,COLOR,28,3039.64,159,18,Couche,Doble Carta,Couche Doble Carta,33353
2025,2,33455,COP-IMP COUCHE D-CTA COL 1-50H,SERVICENTRO,CENTRO DE SERVICIOS,COPIAS,COLOR,28,2825.47,145,35,Couche,Doble Carta,Couche Doble Carta,33353
2025,2,33455,COP-IMP COUCHE D-CTA COL 1-50H,SERVICENTRO,CENTRO DE SERVICIOS,COPIAS,COLOR,13,198.29,11,7,Couche,Doble Carta,Couche Doble Carta,33353
2025,2,33455,COP-IMP COUCHE D-CTA COL 1-50H,SERVICENTRO,CENTRO DE SERVICIOS,COPIAS,COLOR,19,713.8056,36,9,Couche,Doble Carta,Couche Doble Carta,33353
2025,5,33455,COP-IMP COUCHE D-CTA COL 1-50H,SERVICENTRO,CENTRO DE SERVICIOS,COPIAS,COLOR,13,371.79,19,9,Couche,Doble Carta,Couche Doble Carta,33353
2025,4,33455,COP-IMP COUCHE D-CTA COL 1-50H,SERVICENTRO,CENTRO DE SERVICIOS,COPIAS,COLOR,13,260.1,18,9,Couche,Doble Carta,Couche Doble Carta,33353
2025,4,33455,COP-IMP COUCHE D-CTA COL 1-50H,SERVICENTRO,CENTRO DE SERVICIOS,COPIAS,COLOR,19,416.38,21,2,Couche,Doble Carta,Couche Doble Carta,33353
2024,7,33455,COP-IMP COUCHE D-CTA COL 1-50H,SERVICENTRO,CENTRO DE SERVICIOS,COPIAS,COLOR,19,535.35,27,6,Couche,Doble Carta,Couche Doble Carta,33353
2024,9,33455,COP-IMP COUCHE D-CTA COL 1-50H,SERVICENTRO,CENTRO DE SERVICIOS,COPIAS,COLOR,28,2805.22,162,24,Couche,Doble Carta,Couche Doble Carta,33353
2024,6,33455,COP-IMP COUCHE D-CTA COL 1-50H,SERVICENTRO,CENTRO DE SERVICIOS,COPIAS,COLOR,28,2334.72,124,20,Couche,Doble Carta,Couche Doble Carta,33353
2024,12,33455,COP-IMP COUCHE D-CTA COL 1-50H,SERVICENTRO,CENTRO DE SERVICIOS,COPIAS,COLOR,19,59.49,3,2,Couche,Doble Carta,Couche Doble Carta,33353
2024,2,33455,COP-IMP COUCHE D-CTA COL 1-50H,SERVICENTRO,CENTRO DE SERVICIOS,COPIAS,COLOR,28,2203.91,124,25,Couche,Doble Carta,Couche Doble Carta,33353
2025,10,33455,COP-IMP COUCHE D-CTA COL 1-50H,SERVICENTRO,CENTRO DE SERVICIOS,COPIAS,COLOR,19,951.72,48,5,Couche,Doble Carta,Couche Doble Carta,33353
2024,10,33455,COP-IMP COUCHE D-CTA COL 1-50H,SERVICENTRO,CENTRO DE SERVICIOS,COPIAS,COLOR,28,5061.05,258,48,Couche,Doble Carta,Couche Doble Carta,33353
2024,2,33455,COP-IMP COUCHE D-CTA COL 1-50H,SERVICENTRO,CENTRO DE SERVICIOS,COPIAS,COLOR,19,79.32,4,3,Couche,Doble Carta,Couche Doble Carta,33353
2025,6,33455,COP-IMP COUCHE D-CTA COL 1-50H,SERVICENTRO,CENTRO DE SERVICIOS,COPIAS,COLOR,13,679.11,37,18,Couche,Doble Carta,Couche Doble Carta,33353
2025,10,33455,COP-IMP COUCHE D-CTA COL 1-50H,SERVICENTRO,CENTRO DE SERVICIOS,COPIAS,COLOR,28,3324.658,174,37,Couche,Doble Carta,Couche Doble Carta,33353
2026,2,100277824,COP-IMP COUCHE D-CTA COL 1-25H,SERVICENTRO,CENTRO DE SERVICIOS,COPIAS,COLOR,28,3020.73,146,38,Couche,Doble Carta,Couche Doble Carta,33353
2025,9,33455,COP-IMP COUCHE D-CTA COL 1-50H,SERVICENTRO,CENTRO DE SERVICIOS,COPIAS,COLOR,19,634.48,32,4,Couche,Doble Carta,Couche Doble Carta,33353
2025,1,33455,COP-IMP COUCHE D-CTA COL 1-50H,SERVICENTRO,CENTRO DE SERVICIOS,COPIAS,COLOR,19,118.98,6,5,Couche,Doble Carta,Couche Doble Carta,33353
2024,8,33455,COP-IMP COUCHE D-CTA COL 1-50H,SERVICENTRO,CENTRO DE SERVICIOS,COPIAS,COLOR,28,3454.9952,193,36,Couche,Doble Carta,Couche Doble Carta,33353
2024,3,33455,COP-IMP COUCHE D-CTA COL 1-50H,SERVICENTRO,CENTRO DE SERVICIOS,COPIAS,COLOR,19,436.21,22,5,Couche,Doble Carta,Couche Doble Carta,33353
2025,1,33455,COP-IMP COUCHE D-CTA COL 1-50H,SERVICENTRO,CENTRO DE SERVICIOS,COPIAS,COLOR,13,589.88,33,7,Couche,Doble Carta,Couche Doble Carta,33353
2024,5,33455,COP-IMP COUCHE D-CTA COL 1-50H,SERVICENTRO,CENTRO DE SERVICIOS,COPIAS,COLOR,28,3180.58,168,34,Couche,Doble Carta,Couche Doble Carta,33353
2025,8,33455,COP-IMP COUCHE D-CTA COL 1-50H,SERVICENTRO,CENTRO DE SERVICIOS,COPIAS,COLOR,13,1490.99,80,22,Couche,Doble Carta,Couche Doble Carta,33353
2024,1,33455,COP-IMP COUCHE D-CTA COL 1-50H,SERVICENTRO,CENTRO DE SERVICIOS,COPIAS,COLOR,28,3053.49,165,35,Couche,Doble Carta,Couche Doble Carta,33353
2026,1,33455,COP-IMP COUCHE D-CTA COL 1-50H,SERVICENTRO,CENTRO DE SERVICIOS,COPIAS,COLOR,13,2200.86,111,8,Couche,Doble Carta,Couche Doble Carta,33353
2025,8,33455,COP-IMP COUCHE D-CTA COL 1-50H,SERVICENTRO,CENTRO DE SERVICIOS,COPIAS,COLOR,28,2435.74,123,32,Couche,Doble Carta,Couche Doble Carta,33353
2024,4,33455,COP-IMP COUCHE D-CTA COL 1-50H,SERVICENTRO,CENTRO DE SERVICIOS,COPIAS,COLOR,19,386.64,20,3,Couche,Doble Carta,Couche Doble Carta,33353
2026,2,100277824,COP-IMP COUCHE D-CTA COL 1-25H,SERVICENTRO,CENTRO DE SERVICIOS,COPIAS,COLOR,13,663.37,33,16,Couche,Doble Carta,Couche Doble Carta,33353
2025,7,33455,COP-IMP COUCHE D-CTA COL 1-50H,SERVICENTRO,CENTRO DE SERVICIOS,COPIAS,COLOR,13,609.73,32,17,Couche,Doble Carta,Couche Doble Carta,33353
2025,11,33455,COP-IMP COUCHE D-CTA COL 1-50H,SERVICENTRO,CENTRO DE SERVICIOS,COPIAS,COLOR,28,2929.3704,151,38,Couche,Doble Carta,Couche Doble Carta,33353
2024,6,33455,COP-IMP COUCHE D-CTA COL 1-50H,SERVICENTRO,CENTRO DE SERVICIOS,COPIAS,COLOR,19,456.04,27,6,Couche,Doble Carta,Couche Doble Carta,33353
2025,5,33453,COP-IMP COUCHE CTA COL 51-100H,SERVICENTRO,CENTRO DE SERVICIOS,COPIAS,COLOR,28,2201.12,157,2,Couche,Carta,Couche Carta,33352
2025,9,33454,COP-IMP COUCHE CTA COL 101H+,SERVICENTRO,CENTRO DE SERVICIOS,COPIAS,COLOR,28,9775.86,700,3,Couche,Carta,Couche Carta,33352
2024,4,33454,COP-IMP COUCHE CTA COL 101H+,SERVICENTRO,CENTRO DE SERVICIOS,COPIAS,COLOR,13,2094.83,150,1,Couche,Carta,Couche Carta,33352
2025,5,33454,COP-IMP COUCHE CTA COL 101H+,SERVICENTRO,CENTRO DE SERVICIOS,COPIAS,COLOR,19,8658.62,620,1,Couche,Carta,Couche Carta,33352
2024,7,33452,COP-IMP COUCHE CTA COL 1-50H,SERVICENTRO,CENTRO DE SERVICIOS,COPIAS,COLOR,19,448.83,30,12,Couche,Carta,Couche Carta,33352
2024,9,33453,COP-IMP COUCHE CTA COL 51-100H,SERVICENTRO,CENTRO DE SERVICIOS,COPIAS,COLOR,28,1824.76,150,2,Couche,Carta,Couche Carta,33352
2024,5,33452,COP-IMP COUCHE CTA COL 1-50H,SERVICENTRO,CENTRO DE SERVICIOS,COPIAS,COLOR,28,10398.1225,730,98,Couche,Carta,Couche Carta,33352
2024,12,33454,COP-IMP COUCHE CTA COL 101H+,SERVICENTRO,CENTRO DE SERVICIOS,COPIAS,COLOR,28,1452.41,104,1,Couche,Carta,Couche Carta,33352
2024,6,33452,COP-IMP COUCHE CTA COL 1-50H,SERVICENTRO,CENTRO DE SERVICIOS,COPIAS,COLOR,13,2535.01,185,25,Couche,Carta,Couche Carta,33352
2024,10,33452,COP-IMP COUCHE CTA COL 1-50H,SERVICENTRO,CENTRO DE SERVICIOS,COPIAS,COLOR,13,2304.41,155,30,Couche,Carta,Couche Carta,33352
2025,6,33452,COP-IMP COUCHE CTA COL 1-50H,SERVICENTRO,CENTRO DE SERVICIOS,COPIAS,COLOR,28,14184.3663,977,137,Couche,Carta,Couche Carta,33352
2025,12,33452,COP-IMP COUCHE CTA COL 1-50H,SERVICENTRO,CENTRO DE SERVICIOS,COPIAS,COLOR,28,9766.7746,648,100,Couche,Carta,Couche Carta,33352
2025,12,33453,COP-IMP COUCHE CTA COL 51-100H,SERVICENTRO,CENTRO DE SERVICIOS,COPIAS,COLOR,28,2331.04,160,2,Couche,Carta,Couche Carta,33352
2024,6,33454,COP-IMP COUCHE CTA COL 101H+,SERVICENTRO,CENTRO DE SERVICIOS,COPIAS,COLOR,28,5296.43,407,3,Couche,Carta,Couche Carta,33352
2025,6,33452,COP-IMP COUCHE CTA COL 1-50H,SERVICENTRO,CENTRO DE SERVICIOS,COPIAS,COLOR,19,1825.41,129,20,Couche,Carta,Couche Carta,33352
2025,3,33452,COP-IMP COUCHE CTA COL 1-50H,SERVICENTRO,CENTRO DE SERVICIOS,COPIAS,COLOR,19,2172.41,146,18,Couche,Carta,Couche Carta,33352
2026,2,33453,COP-IMP COUCHE CTA COL 51-100H,SERVICENTRO,CENTRO DE SERVICIOS,COPIAS,COLOR,13,1282.07,88,1,Couche,Carta,Couche Carta,33352
2024,8,33452,COP-IMP COUCHE CTA COL 1-50H,SERVICENTRO,CENTRO DE SERVICIOS,COPIAS,COLOR,19,890.09,59,8,Couche,Carta,Couche Carta,33352
2026,3,100277841,COP-IMP COUCHE CTA COL 1-25H,SERVICENTRO,CENTRO DE SERVICIOS,COPIAS,COLOR,28,10047.43,630,98,Couche,Carta,Couche Carta,33352
2025,7,33453,COP-IMP COUCHE CTA COL 51-100H,SERVICENTRO,CENTRO DE SERVICIOS,COPIAS,COLOR,28,1194.66,82,1,Couche,Carta,Couche Carta,33352
2024,12,33452,COP-IMP COUCHE CTA COL 1-50H,SERVICENTRO,CENTRO DE SERVICIOS,COPIAS,COLOR,28,8800.78,623,89,Couche,Carta,Couche Carta,33352
2024,11,33454,COP-IMP COUCHE CTA COL 101H+,SERVICENTRO,CENTRO DE SERVICIOS,COPIAS,COLOR,13,1675.86,120,1,Couche,Carta,Couche Carta,33352
2025,6,33454,COP-IMP COUCHE CTA COL 101H+,SERVICENTRO,CENTRO DE SERVICIOS,COPIAS,COLOR,28,8301.28,600,1,Couche,Carta,Couche Carta,33352
2025,10,33452,COP-IMP COUCHE CTA COL 1-50H,SERVICENTRO,CENTRO DE SERVICIOS,COPIAS,COLOR,19,603.45,40,7,Couche,Carta,Couche Carta,33352
2025,3,33452,COP-IMP COUCHE CTA COL 1-50H,SERVICENTRO,CENTRO DE SERVICIOS,COPIAS,COLOR,13,784.4687,62,10,Couche,Carta,Couche Carta,33352
2025,2,33452,COP-IMP COUCHE CTA COL 1-50H,SERVICENTRO,CENTRO DE SERVICIOS,COPIAS,COLOR,13,1459.58,101,17,Couche,Carta,Couche Carta,33352
2025,11,33453,COP-IMP COUCHE CTA COL 51-100H,SERVICENTRO,CENTRO DE SERVICIOS,COPIAS,COLOR,19,743.02,51,1,Couche,Carta,Couche Carta,33352
2025,8,33454,COP-IMP COUCHE CTA COL 101H+,SERVICENTRO,CENTRO DE SERVICIOS,COPIAS,COLOR,28,8882.07,636,2,Couche,Carta,Couche Carta,33352
2025,5,33452,COP-IMP COUCHE CTA COL 1-50H,SERVICENTRO,CENTRO DE SERVICIOS,COPIAS,COLOR,28,17640.6814,1219,142,Couche,Carta,Couche Carta,33352
2025,3,33453,COP-IMP COUCHE CTA COL 51-100H,SERVICENTRO,CENTRO DE SERVICIOS,COPIAS,COLOR,28,2014.16,151,2,Couche,Carta,Couche Carta,33352
2025,3,33452,COP-IMP COUCHE CTA COL 1-50H,SERVICENTRO,CENTRO DE SERVICIOS,COPIAS,COLOR,28,6515.7563,448,73,Couche,Carta,Couche Carta,33352
2025,9,33452,COP-IMP COUCHE CTA COL 1-50H,SERVICENTRO,CENTRO DE SERVICIOS,COPIAS,COLOR,19,875,58,13,Couche,Carta,Couche Carta,33352
2024,8,33452,COP-IMP COUCHE CTA COL 1-50H,SERVICENTRO,CENTRO DE SERVICIOS,COPIAS,COLOR,13,1206.9,85,12,Couche,Carta,Couche Carta,33352
2024,7,33452,COP-IMP COUCHE CTA COL 1-50H,SERVICENTRO,CENTRO DE SERVICIOS,COPIAS,COLOR,13,45.26,3,2,Couche,Carta,Couche Carta,33352
2025,1,33452,COP-IMP COUCHE CTA COL 1-50H,SERVICENTRO,CENTRO DE SERVICIOS,COPIAS,COLOR,19,301.72,20,4,Couche,Carta,Couche Carta,33352
2025,7,33452,COP-IMP COUCHE CTA COL 1-50H,SERVICENTRO,CENTRO DE SERVICIOS,COPIAS,COLOR,28,7203.431,520,80,Couche,Carta,Couche Carta,33352
2026,1,33452,COP-IMP COUCHE CTA COL 1-50H,SERVICENTRO,CENTRO DE SERVICIOS,COPIAS,COLOR,13,1780.17,118,20,Couche,Carta,Couche Carta,33352
2026,1,100277859,COP-IMP COUCHE CTA COL 26-50H,SERVICENTRO,CENTRO DE SERVICIOS,COPIAS,COLOR,28,2374.15,153,7,Couche,Carta,Couche Carta,33352
2024,10,33453,COP-IMP COUCHE CTA COL 51-100H,SERVICENTRO,CENTRO DE SERVICIOS,COPIAS,COLOR,28,6002.42,437,6,Couche,Carta,Couche Carta,33352
2024,11,33452,COP-IMP COUCHE CTA COL 1-50H,SERVICENTRO,CENTRO DE SERVICIOS,COPIAS,COLOR,28,18141.11,1285,168,Couche,Carta,Couche Carta,33352
2024,2,33452,COP-IMP COUCHE CTA COL 1-50H,SERVICENTRO,CENTRO DE SERVICIOS,COPIAS,COLOR,13,2773.35,206,38,Couche,Carta,Couche Carta,33352
2025,2,33452,COP-IMP COUCHE CTA COL 1-50H,SERVICENTRO,CENTRO DE SERVICIOS,COPIAS,COLOR,28,6730.6087,455,71,Couche,Carta,Couche Carta,33352
2025,2,33453,COP-IMP COUCHE CTA COL 51-100H,SERVICENTRO,CENTRO DE SERVICIOS,COPIAS,COLOR,28,801.29,55,1,Couche,Carta,Couche Carta,33352
2025,6,33453,COP-IMP COUCHE CTA COL 51-100H,SERVICENTRO,CENTRO DE SERVICIOS,COPIAS,COLOR,28,823.14,57,2,Couche,Carta,Couche Carta,33352
2024,2,33453,COP-IMP COUCHE CTA COL 51-100H,SERVICENTRO,CENTRO DE SERVICIOS,COPIAS,COLOR,28,1675.43,115,2,Couche,Carta,Couche Carta,33352
2026,2,33454,COP-IMP COUCHE CTA COL 101H+,SERVICENTRO,CENTRO DE SERVICIOS,COPIAS,COLOR,28,15348.1,1099,3,Couche,Carta,Couche Carta,33352
2025,9,33454,COP-IMP COUCHE CTA COL 101H+,SERVICENTRO,CENTRO DE SERVICIOS,COPIAS,COLOR,19,223.45,16,2,Couche,Carta,Couche Carta,33352
2025,5,33453,COP-IMP COUCHE CTA COL 51-100H,SERVICENTRO,CENTRO DE SERVICIOS,COPIAS,COLOR,19,874.14,80,1,Couche,Carta,Couche Carta,33352
2025,5,33452,COP-IMP COUCHE CTA COL 1-50H,SERVICENTRO,CENTRO DE SERVICIOS,COPIAS,COLOR,19,4336.43,306,29,Couche,Carta,Couche Carta,33352
2025,9,33453,COP-IMP COUCHE CTA COL 51-100H,SERVICENTRO,CENTRO DE SERVICIOS,COPIAS,COLOR,13,310.52,60,1,Couche,Carta,Couche Carta,33352
2025,4,33452,COP-IMP COUCHE CTA COL 1-50H,SERVICENTRO,CENTRO DE SERVICIOS,COPIAS,COLOR,13,1386,98,10,Couche,Carta,Couche Carta,33352
2026,3,33453,COP-IMP COUCHE CTA COL 51-100H,SERVICENTRO,CENTRO DE SERVICIOS,COPIAS,COLOR,13,743.02,51,1,Couche,Carta,Couche Carta,33352
2026,3,33454,COP-IMP COUCHE CTA COL 101H+,SERVICENTRO,CENTRO DE SERVICIOS,COPIAS,COLOR,19,6591.72,472,1,Couche,Carta,Couche Carta,33352
2026,3,100277859,COP-IMP COUCHE CTA COL 26-50H,SERVICENTRO,CENTRO DE SERVICIOS,COPIAS,COLOR,28,2234.49,144,5,Couche,Carta,Couche Carta,33352
2026,3,100277859,COP-IMP COUCHE CTA COL 26-50H,SERVICENTRO,CENTRO DE SERVICIOS,COPIAS,COLOR,13,1862.07,120,4,Couche,Carta,Couche Carta,33352
2025,8,33452,COP-IMP COUCHE CTA COL 1-50H,SERVICENTRO,CENTRO DE SERVICIOS,COPIAS,COLOR,28,16819.8074,1145,146,Couche,Carta,Couche Carta,33352
2024,9,33454,COP-IMP COUCHE CTA COL 101H+,SERVICENTRO,CENTRO DE SERVICIOS,COPIAS,COLOR,28,4322.32,346,3,Couche,Carta,Couche Carta,33352
2026,1,33454,COP-IMP COUCHE CTA COL 101H+,SERVICENTRO,CENTRO DE SERVICIOS,COPIAS,COLOR,28,12806.38,917,5,Couche,Carta,Couche Carta,33352
2026,1,100277841,COP-IMP COUCHE CTA COL 1-25H,SERVICENTRO,CENTRO DE SERVICIOS,COPIAS,COLOR,28,4465.52,280,48,Couche,Carta,Couche Carta,33352
2024,12,33452,COP-IMP COUCHE CTA COL 1-50H,SERVICENTRO,CENTRO DE SERVICIOS,COPIAS,COLOR,19,256.46,17,3,Couche,Carta,Couche Carta,33352
2026,2,100277859,COP-IMP COUCHE CTA COL 26-50H,SERVICENTRO,CENTRO DE SERVICIOS,COPIAS,COLOR,19,713.79,46,1,Couche,Carta,Couche Carta,33352
2024,6,33452,COP-IMP COUCHE CTA COL 1-50H,SERVICENTRO,CENTRO DE SERVICIOS,COPIAS,COLOR,19,1395.47,94,14,Couche,Carta,Couche Carta,33352
2024,10,33453,COP-IMP COUCHE CTA COL 51-100H,SERVICENTRO,CENTRO DE SERVICIOS,COPIAS,COLOR,13,743.02,51,1,Couche,Carta,Couche Carta,33352
2024,11,33454,COP-IMP COUCHE CTA COL 101H+,SERVICENTRO,CENTRO DE SERVICIOS,COPIAS,COLOR,28,6147.63,477,4,Couche,Carta,Couche Carta,33352
2024,2,33453,COP-IMP COUCHE CTA COL 51-100H,SERVICENTRO,CENTRO DE SERVICIOS,COPIAS,COLOR,19,757.59,52,1,Couche,Carta,Couche Carta,33352
2025,6,33454,COP-IMP COUCHE CTA COL 101H+,SERVICENTRO,CENTRO DE SERVICIOS,COPIAS,COLOR,13,1298.79,124,1,Couche,Carta,Couche Carta,33352
2025,10,33452,COP-IMP COUCHE CTA COL 1-50H,SERVICENTRO,CENTRO DE SERVICIOS,COPIAS,COLOR,28,16673.2397,1106,120,Couche,Carta,Couche Carta,33352
2025,10,33452,COP-IMP COUCHE CTA COL 1-50H,SERVICENTRO,CENTRO DE SERVICIOS,COPIAS,COLOR,13,4502.11,309,84,Couche,Carta,Couche Carta,33352
2026,2,100277841,COP-IMP COUCHE CTA COL 1-25H,SERVICENTRO,CENTRO DE SERVICIOS,COPIAS,COLOR,19,1451.31,91,13,Couche,Carta,Couche Carta,33352
2024,12,33453,COP-IMP COUCHE CTA COL 51-100H,SERVICENTRO,CENTRO DE SERVICIOS,COPIAS,COLOR,28,3598.53,272,4,Couche,Carta,Couche Carta,33352
2024,3,33452,COP-IMP COUCHE CTA COL 1-50H,SERVICENTRO,CENTRO DE SERVICIOS,COPIAS,COLOR,13,2668.29,199,38,Couche,Carta,Couche Carta,33352
2025,8,33452,COP-IMP COUCHE CTA COL 1-50H,SERVICENTRO,CENTRO DE SERVICIOS,COPIAS,COLOR,19,196.13,13,8,Couche,Carta,Couche Carta,33352
2024,4,33452,COP-IMP COUCHE CTA COL 1-50H,SERVICENTRO,CENTRO DE SERVICIOS,COPIAS,COLOR,13,3424.51,250,34,Couche,Carta,Couche Carta,33352
2025,4,33452,COP-IMP COUCHE CTA COL 1-50H,SERVICENTRO,CENTRO DE SERVICIOS,COPIAS,COLOR,28,7509.37,527,80,Couche,Carta,Couche Carta,33352
2026,3,100277841,COP-IMP COUCHE CTA COL 1-25H,SERVICENTRO,CENTRO DE SERVICIOS,COPIAS,COLOR,19,590.08,37,12,Couche,Carta,Couche Carta,33352
2026,3,33453,COP-IMP COUCHE CTA COL 51-100H,SERVICENTRO,CENTRO DE SERVICIOS,COPIAS,COLOR,19,1398.62,96,1,Couche,Carta,Couche Carta,33352
2025,1,33452,COP-IMP COUCHE CTA COL 1-50H,SERVICENTRO,CENTRO DE SERVICIOS,COPIAS,COLOR,13,895.15,77,16,Couche,Carta,Couche Carta,33352
2025,1,33454,COP-IMP COUCHE CTA COL 101H+,SERVICENTRO,CENTRO DE SERVICIOS,COPIAS,COLOR,19,1661.9,119,1,Couche,Carta,Couche Carta,33352
2024,6,33452,COP-IMP COUCHE CTA COL 1-50H,SERVICENTRO,CENTRO DE SERVICIOS,COPIAS,COLOR,28,11158.1087,791,83,Couche,Carta,Couche Carta,33352
2024,9,33452,COP-IMP COUCHE CTA COL 1-50H,SERVICENTRO,CENTRO DE SERVICIOS,COPIAS,COLOR,19,1240.04,84,9,Couche,Carta,Couche Carta,33352
2024,9,33452,COP-IMP COUCHE CTA COL 1-50H,SERVICENTRO,CENTRO DE SERVICIOS,COPIAS,COLOR,28,5449.9,387,68,Couche,Carta,Couche Carta,33352
2024,9,33452,COP-IMP COUCHE CTA COL 1-50H,SERVICENTRO,CENTRO DE SERVICIOS,COPIAS,COLOR,13,1282.31,87,15,Couche,Carta,Couche Carta,33352
2026,1,33452,COP-IMP COUCHE CTA COL 1-50H,SERVICENTRO,CENTRO DE SERVICIOS,COPIAS,COLOR,28,4842.66,321,47,Couche,Carta,Couche Carta,33352
2024,12,33452,COP-IMP COUCHE CTA COL 1-50H,SERVICENTRO,CENTRO DE SERVICIOS,COPIAS,COLOR,13,577.06,41,12,Couche,Carta,Couche Carta,33352
2025,7,33452,COP-IMP COUCHE CTA COL 1-50H,SERVICENTRO,CENTRO DE SERVICIOS,COPIAS,COLOR,19,2685.32,178,23,Couche,Carta,Couche Carta,33352
2024,10,33452,COP-IMP COUCHE CTA COL 1-50H,SERVICENTRO,CENTRO DE SERVICIOS,COPIAS,COLOR,19,1897.08,132,5,Couche,Carta,Couche Carta,33352
2024,2,33454,COP-IMP COUCHE CTA COL 101H+,SERVICENTRO,CENTRO DE SERVICIOS,COPIAS,COLOR,28,3658.96,262,2,Couche,Carta,Couche Carta,33352
2025,12,33452,COP-IMP COUCHE CTA COL 1-50H,SERVICENTRO,CENTRO DE SERVICIOS,COPIAS,COLOR,13,4299.56,285,61,Couche,Carta,Couche Carta,33352
2024,10,33454,COP-IMP COUCHE CTA COL 101H+,SERVICENTRO,CENTRO DE SERVICIOS,COPIAS,COLOR,28,5306.89,380,2,Couche,Carta,Couche Carta,33352
2025,12,100277859,COP-IMP COUCHE CTA COL 26-50H,SERVICENTRO,CENTRO DE SERVICIOS,COPIAS,COLOR,19,1225.87,79,2,Couche,Carta,Couche Carta,33352
2025,10,33453,COP-IMP COUCHE CTA COL 51-100H,SERVICENTRO,CENTRO DE SERVICIOS,COPIAS,COLOR,28,4297.85,295,6,Couche,Carta,Couche Carta,33352
2026,2,100277841,COP-IMP COUCHE CTA COL 1-25H,SERVICENTRO,CENTRO DE SERVICIOS,COPIAS,COLOR,28,6455.5,407,79,Couche,Carta,Couche Carta,33352
2025,1,33453,COP-IMP COUCHE CTA COL 51-100H,SERVICENTRO,CENTRO DE SERVICIOS,COPIAS,COLOR,28,3008.61,233,3,Couche,Carta,Couche Carta,33352
2025,8,33453,COP-IMP COUCHE CTA COL 51-100H,SERVICENTRO,CENTRO DE SERVICIOS,COPIAS,COLOR,28,3001.21,206,4,Couche,Carta,Couche Carta,33352
2025,4,33452,COP-IMP COUCHE CTA COL 1-50H,SERVICENTRO,CENTRO DE SERVICIOS,COPIAS,COLOR,19,2198.82,146,11,Couche,Carta,Couche Carta,33352
2024,4,33453,COP-IMP COUCHE CTA COL 51-100H,SERVICENTRO,CENTRO DE SERVICIOS,COPIAS,COLOR,13,2013.15,180,3,Couche,Carta,Couche Carta,33352
2024,4,33454,COP-IMP COUCHE CTA COL 101H+,SERVICENTRO,CENTRO DE SERVICIOS,COPIAS,COLOR,28,12379.46,970,6,Couche,Carta,Couche Carta,33352
2024,5,33452,COP-IMP COUCHE CTA COL 1-50H,SERVICENTRO,CENTRO DE SERVICIOS,COPIAS,COLOR,13,2931.54,215,31,Couche,Carta,Couche Carta,33352
2024,2,33452,COP-IMP COUCHE CTA COL 1-50H,SERVICENTRO,CENTRO DE SERVICIOS,COPIAS,COLOR,19,863.68,59,12,Couche,Carta,Couche Carta,33352
2025,11,33452,COP-IMP COUCHE CTA COL 1-50H,SERVICENTRO,CENTRO DE SERVICIOS,COPIAS,COLOR,13,3610.67,241,27,Couche,Carta,Couche Carta,33352
2025,11,33452,COP-IMP COUCHE CTA COL 1-50H,SERVICENTRO,CENTRO DE SERVICIOS,COPIAS,COLOR,28,11790.2711,792,116,Couche,Carta,Couche Carta,33352
2024,10,33454,COP-IMP COUCHE CTA COL 101H+,SERVICENTRO,CENTRO DE SERVICIOS,COPIAS,COLOR,19,5027.59,360,1,Couche,Carta,Couche Carta,33352
2025,12,100277841,COP-IMP COUCHE CTA COL 1-25H,SERVICENTRO,CENTRO DE SERVICIOS,COPIAS,COLOR,19,1116.4,70,16,Couche,Carta,Couche Carta,33352
2024,1,33452,COP-IMP COUCHE CTA COL 1-50H,SERVICENTRO,CENTRO DE SERVICIOS,COPIAS,COLOR,19,60.35,4,2,Couche,Carta,Couche Carta,33352
2025,10,100277859,COP-IMP COUCHE CTA COL 26-50H,SERVICENTRO,CENTRO DE SERVICIOS,COPIAS,COLOR,19,1412.07,91,2,Couche,Carta,Couche Carta,33352
2025,11,100277841,COP-IMP COUCHE CTA COL 1-25H,SERVICENTRO,CENTRO DE SERVICIOS,COPIAS,COLOR,19,1323.72,83,15,Couche,Carta,Couche Carta,33352
2025,4,33453,COP-IMP COUCHE CTA COL 51-100H,SERVICENTRO,CENTRO DE SERVICIOS,COPIAS,COLOR,28,874.14,60,1,Couche,Carta,Couche Carta,33352
2025,3,33453,COP-IMP COUCHE CTA COL 51-100H,SERVICENTRO,CENTRO DE SERVICIOS,COPIAS,COLOR,19,655.6,60,1,Couche,Carta,Couche Carta,33352
2024,3,33452,COP-IMP COUCHE CTA COL 1-50H,SERVICENTRO,CENTRO DE SERVICIOS,COPIAS,COLOR,19,1584.0587,131,8,Couche,Carta,Couche Carta,33352
2024,4,33452,COP-IMP COUCHE CTA COL 1-50H,SERVICENTRO,CENTRO DE SERVICIOS,COPIAS,COLOR,19,520.47,35,7,Couche,Carta,Couche Carta,33352
2026,3,33453,COP-IMP COUCHE CTA COL 51-100H,SERVICENTRO,CENTRO DE SERVICIOS,COPIAS,COLOR,28,10795.6,741,8,Couche,Carta,Couche Carta,33352
2024,7,33454,COP-IMP COUCHE CTA COL 101H+,SERVICENTRO,CENTRO DE SERVICIOS,COPIAS,COLOR,28,8979.83,674,3,Couche,Carta,Couche Carta,33352
2024,7,33452,COP-IMP COUCHE CTA COL 1-50H,SERVICENTRO,CENTRO DE SERVICIOS,COPIAS,COLOR,28,11894.35,814,92,Couche,Carta,Couche Carta,33352
2025,1,33453,COP-IMP COUCHE CTA COL 51-100H,SERVICENTRO,CENTRO DE SERVICIOS,COPIAS,COLOR,19,990.69,68,1,Couche,Carta,Couche Carta,33352
2026,2,100277859,COP-IMP COUCHE CTA COL 26-50H,SERVICENTRO,CENTRO DE SERVICIOS,COPIAS,COLOR,28,2684.49,173,5,Couche,Carta,Couche Carta,33352
2025,7,33454,COP-IMP COUCHE CTA COL 101H+,SERVICENTRO,CENTRO DE SERVICIOS,COPIAS,COLOR,28,19342.25,1460,6,Couche,Carta,Couche Carta,33352
2024,11,33453,COP-IMP COUCHE CTA COL 51-100H,SERVICENTRO,CENTRO DE SERVICIOS,COPIAS,COLOR,28,6643.46,491,7,Couche,Carta,Couche Carta,33352
2025,12,33454,COP-IMP COUCHE CTA COL 101H+,SERVICENTRO,CENTRO DE SERVICIOS,COPIAS,COLOR,28,5181.21,371,1,Couche,Carta,Couche Carta,33352
2025,12,33453,COP-IMP COUCHE CTA COL 51-100H,SERVICENTRO,CENTRO DE SERVICIOS,COPIAS,COLOR,13,903.28,62,1,Couche,Carta,Couche Carta,33352
2024,6,33453,COP-IMP COUCHE CTA COL 51-100H,SERVICENTRO,CENTRO DE SERVICIOS,COPIAS,COLOR,28,2389.32,164,3,Couche,Carta,Couche Carta,33352
2025,9,33452,COP-IMP COUCHE CTA COL 1-50H,SERVICENTRO,CENTRO DE SERVICIOS,COPIAS,COLOR,13,3017.2749,200,27,Couche,Carta,Couche Carta,33352
2025,11,33453,COP-IMP COUCHE CTA COL 51-100H,SERVICENTRO,CENTRO DE SERVICIOS,COPIAS,COLOR,28,1063.53,73,1,Couche,Carta,Couche Carta,33352
2024,8,33454,COP-IMP COUCHE CTA COL 101H+,SERVICENTRO,CENTRO DE SERVICIOS,COPIAS,COLOR,19,4189.66,300,1,Couche,Carta,Couche Carta,33352
2025,8,33452,COP-IMP COUCHE CTA COL 1-50H,SERVICENTRO,CENTRO DE SERVICIOS,COPIAS,COLOR,13,4319.32,296,41,Couche,Carta,Couche Carta,33352
2025,5,33452,COP-IMP COUCHE CTA COL 1-50H,SERVICENTRO,CENTRO DE SERVICIOS,COPIAS,COLOR,13,1464.47,107,21,Couche,Carta,Couche Carta,33352
2024,4,33452,COP-IMP COUCHE CTA COL 1-50H,SERVICENTRO,CENTRO DE SERVICIOS,COPIAS,COLOR,28,11467.17,803,95,Couche,Carta,Couche Carta,33352
2024,3,33452,COP-IMP COUCHE CTA COL 1-50H,SERVICENTRO,CENTRO DE SERVICIOS,COPIAS,COLOR,28,11014.61,796,86,Couche,Carta,Couche Carta,33352
2026,3,100277841,COP-IMP COUCHE CTA COL 1-25H,SERVICENTRO,CENTRO DE SERVICIOS,COPIAS,COLOR,13,3157.74,198,45,Couche,Carta,Couche Carta,33352
2024,1,33452,COP-IMP COUCHE CTA COL 1-50H,SERVICENTRO,CENTRO DE SERVICIOS,COPIAS,COLOR,13,2733.07,194,69,Couche,Carta,Couche Carta,33352
2024,1,33452,COP-IMP COUCHE CTA COL 1-50H,SERVICENTRO,CENTRO DE SERVICIOS,COPIAS,COLOR,28,9052.32,636,70,Couche,Carta,Couche Carta,33352
2024,8,33453,COP-IMP COUCHE CTA COL 51-100H,SERVICENTRO,CENTRO DE SERVICIOS,COPIAS,COLOR,28,1092.67,100,1,Couche,Carta,Couche Carta,33352
2024,8,33454,COP-IMP COUCHE CTA COL 101H+,SERVICENTRO,CENTRO DE SERVICIOS,COPIAS,COLOR,28,8833.2,784,4,Couche,Carta,Couche Carta,33352
2024,7,33454,COP-IMP COUCHE CTA COL 101H+,SERVICENTRO,CENTRO DE SERVICIOS,COPIAS,COLOR,19,27.93,2,1,Couche,Carta,Couche Carta,33352
2025,1,33452,COP-IMP COUCHE CTA COL 1-50H,SERVICENTRO,CENTRO DE SERVICIOS,COPIAS,COLOR,28,13861.54,1092,114,Couche,Carta,Couche Carta,33352
2024,5,33452,COP-IMP COUCHE CTA COL 1-50H,SERVICENTRO,CENTRO DE SERVICIOS,COPIAS,COLOR,19,437.51,29,3,Couche,Carta,Couche Carta,33352
2025,7,33452,COP-IMP COUCHE CTA COL 1-50H,SERVICENTRO,CENTRO DE SERVICIOS,COPIAS,COLOR,13,7467.35,566,103,Couche,Carta,Couche Carta,33352
2024,2,33452,COP-IMP COUCHE CTA COL 1-50H,SERVICENTRO,CENTRO DE SERVICIOS,COPIAS,COLOR,28,8928.35,628,99,Couche,Carta,Couche Carta,33352
2026,2,33453,COP-IMP COUCHE CTA COL 51-100H,SERVICENTRO,CENTRO DE SERVICIOS,COPIAS,COLOR,28,1048.97,72,1,Couche,Carta,Couche Carta,33352
2026,1,33453,COP-IMP COUCHE CTA COL 51-100H,SERVICENTRO,CENTRO DE SERVICIOS,COPIAS,COLOR,28,2942.94,202,3,Couche,Carta,Couche Carta,33352
2026,1,100277841,COP-IMP COUCHE CTA COL 1-25H,SERVICENTRO,CENTRO DE SERVICIOS,COPIAS,COLOR,19,862.02,55,8,Couche,Carta,Couche Carta,33352
2024,11,33452,COP-IMP COUCHE CTA COL 1-50H,SERVICENTRO,CENTRO DE SERVICIOS,COPIAS,COLOR,13,1175.02,84,20,Couche,Carta,Couche Carta,33352
2024,10,33452,COP-IMP COUCHE CTA COL 1-50H,SERVICENTRO,CENTRO DE SERVICIOS,COPIAS,COLOR,28,8478.38,582,93,Couche,Carta,Couche Carta,33352
2025,6,33452,COP-IMP COUCHE CTA COL 1-50H,SERVICENTRO,CENTRO DE SERVICIOS,COPIAS,COLOR,13,2775.6194,199,52,Couche,Carta,Couche Carta,33352
2025,3,33454,COP-IMP COUCHE CTA COL 101H+,SERVICENTRO,CENTRO DE SERVICIOS,COPIAS,COLOR,28,8288.54,661,4,Couche,Carta,Couche Carta,33352
2025,10,100277841,COP-IMP COUCHE CTA COL 1-25H,SERVICENTRO,CENTRO DE SERVICIOS,COPIAS,COLOR,19,382.78,24,12,Couche,Carta,Couche Carta,33352
2025,9,33453,COP-IMP COUCHE CTA COL 51-100H,SERVICENTRO,CENTRO DE SERVICIOS,COPIAS,COLOR,28,2709.83,186,3,Couche,Carta,Couche Carta,33352
2025,11,33454,COP-IMP COUCHE CTA COL 101H+,SERVICENTRO,CENTRO DE SERVICIOS,COPIAS,COLOR,28,14705.68,1053,6,Couche,Carta,Couche Carta,33352
2025,4,33454,COP-IMP COUCHE CTA COL 101H+,SERVICENTRO,CENTRO DE SERVICIOS,COPIAS,COLOR,19,2838.49,271,1,Couche,Carta,Couche Carta,33352
2024,8,33452,COP-IMP COUCHE CTA COL 1-50H,SERVICENTRO,CENTRO DE SERVICIOS,COPIAS,COLOR,28,7924.0136,563,67,Couche,Carta,Couche Carta,33352
2025,1,33454,COP-IMP COUCHE CTA COL 101H+,SERVICENTRO,CENTRO DE SERVICIOS,COPIAS,COLOR,28,15655.35,1121,4,Couche,Carta,Couche Carta,33352
2026,1,100277859,COP-IMP COUCHE CTA COL 26-50H,SERVICENTRO,CENTRO DE SERVICIOS,COPIAS,COLOR,13,620.69,40,1,Couche,Carta,Couche Carta,33352
2026,1,100277841,COP-IMP COUCHE CTA COL 1-25H,SERVICENTRO,CENTRO DE SERVICIOS,COPIAS,COLOR,13,1594.83,100,15,Couche,Carta,Couche Carta,33352
2024,11,33452,COP-IMP COUCHE CTA COL 1-50H,SERVICENTRO,CENTRO DE SERVICIOS,COPIAS,COLOR,19,1237.08,87,12,Couche,Carta,Couche Carta,33352
2025,10,33454,COP-IMP COUCHE CTA COL 101H+,SERVICENTRO,CENTRO DE SERVICIOS,COPIAS,COLOR,28,23168.8,1659,7,Couche,Carta,Couche Carta,33352
2025,10,33453,COP-IMP COUCHE CTA COL 51-100H,SERVICENTRO,CENTRO DE SERVICIOS,COPIAS,COLOR,13,926.82,66,2,Couche,Carta,Couche Carta,33352
2026,2,100277841,COP-IMP COUCHE CTA COL 1-25H,SERVICENTRO,CENTRO DE SERVICIOS,COPIAS,COLOR,13,1344.41,87,23,Couche,Carta,Couche Carta,33352
2025,9,33452,COP-IMP COUCHE CTA COL 1-50H,SERVICENTRO,CENTRO DE SERVICIOS,COPIAS,COLOR,28,11049.795,749,102,Couche,Carta,Couche Carta,33352
2025,2,33454,COP-IMP COUCHE CTA COL 101H+,SERVICENTRO,CENTRO DE SERVICIOS,COPIAS,COLOR,28,3491.38,250,1,Couche,Carta,Couche Carta,33352
2025,2,33452,COP-IMP COUCHE CTA COL 1-50H,SERVICENTRO,CENTRO DE SERVICIOS,COPIAS,COLOR,19,829.7363,55,9,Couche,Carta,Couche Carta,33352
2024,3,33454,COP-IMP COUCHE CTA COL 101H+,SERVICENTRO,CENTRO DE SERVICIOS,COPIAS,COLOR,28,12024.3084,861,2,Couche,Carta,Couche Carta,33352
2025,8,33438,COPIA-IMP B&N OPALD/CARTA 1-50,SERVICENTRO,CENTRO DE SERVICIOS,COPIAS,BLANCO Y NEGRO,13,223.36,35,8,Opalina,Doble Carta,Opalina Doble Carta,33351
2025,3,33438,COPIA-IMP B&N OPALD/CARTA 1-50,SERVICENTRO,CENTRO DE SERVICIOS,COPIAS,BLANCO Y NEGRO,13,79.87,12,6,Opalina,Doble Carta,Opalina Doble Carta,33351
2026,3,33438,COPIA-IMP B&N OPALD/CARTA 1-50,SERVICENTRO,CENTRO DE SERVICIOS,COPIAS,BLANCO Y NEGRO,13,23.28,3,3,Opalina,Doble Carta,Opalina Doble Carta,33351
2024,10,33438,COPIA-IMP B&N OPALD/CARTA 1-50,SERVICENTRO,CENTRO DE SERVICIOS,COPIAS,BLANCO Y NEGRO,19,77.59,10,3,Opalina,Doble Carta,Opalina Doble Carta,33351
2025,11,33438,COPIA-IMP B&N OPALD/CARTA 1-50,SERVICENTRO,CENTRO DE SERVICIOS,COPIAS,BLANCO Y NEGRO,13,225.01,29,9,Opalina,Doble Carta,Opalina Doble Carta,33351
2025,12,33438,COPIA-IMP B&N OPALD/CARTA 1-50,SERVICENTRO,CENTRO DE SERVICIOS,COPIAS,BLANCO Y NEGRO,13,38.8,5,4,Opalina,Doble Carta,Opalina Doble Carta,33351
2025,10,33438,COPIA-IMP B&N OPALD/CARTA 1-50,SERVICENTRO,CENTRO DE SERVICIOS,COPIAS,BLANCO Y NEGRO,19,1117.26,144,13,Opalina,Doble Carta,Opalina Doble Carta,33351
2025,5,33438,COPIA-IMP B&N OPALD/CARTA 1-50,SERVICENTRO,CENTRO DE SERVICIOS,COPIAS,BLANCO Y NEGRO,19,32.98,5,5,Opalina,Doble Carta,Opalina Doble Carta,33351
2024,5,33438,COPIA-IMP B&N OPALD/CARTA 1-50,SERVICENTRO,CENTRO DE SERVICIOS,COPIAS,BLANCO Y NEGRO,28,944.63,122,14,Opalina,Doble Carta,Opalina Doble Carta,33351
2024,2,33438,COPIA-IMP B&N OPALD/CARTA 1-50,SERVICENTRO,CENTRO DE SERVICIOS,COPIAS,BLANCO Y NEGRO,19,155.17,20,4,Opalina,Doble Carta,Opalina Doble Carta,33351
2026,2,33438,COPIA-IMP B&N OPALD/CARTA 1-50,SERVICENTRO,CENTRO DE SERVICIOS,COPIAS,BLANCO Y NEGRO,28,457.78,59,10,Opalina,Doble Carta,Opalina Doble Carta,33351
2024,12,33438,COPIA-IMP B&N OPALD/CARTA 1-50,SERVICENTRO,CENTRO DE SERVICIOS,COPIAS,BLANCO Y NEGRO,13,131.9,22,2,Opalina,Doble Carta,Opalina Doble Carta,33351
2024,11,33438,COPIA-IMP B&N OPALD/CARTA 1-50,SERVICENTRO,CENTRO DE SERVICIOS,COPIAS,BLANCO Y NEGRO,28,1586.65,208,17,Opalina,Doble Carta,Opalina Doble Carta,33351
2025,2,33438,COPIA-IMP B&N OPALD/CARTA 1-50,SERVICENTRO,CENTRO DE SERVICIOS,COPIAS,BLANCO Y NEGRO,19,178.45,23,5,Opalina,Doble Carta,Opalina Doble Carta,33351
2025,2,33438,COPIA-IMP B&N OPALD/CARTA 1-50,SERVICENTRO,CENTRO DE SERVICIOS,COPIAS,BLANCO Y NEGRO,28,1497.42,219,10,Opalina,Doble Carta,Opalina Doble Carta,33351
2024,8,33438,COPIA-IMP B&N OPALD/CARTA 1-50,SERVICENTRO,CENTRO DE SERVICIOS,COPIAS,BLANCO Y NEGRO,13,77.59,10,4,Opalina,Doble Carta,Opalina Doble Carta,33351
2025,4,33438,COPIA-IMP B&N OPALD/CARTA 1-50,SERVICENTRO,CENTRO DE SERVICIOS,COPIAS,BLANCO Y NEGRO,19,170.69,22,2,Opalina,Doble Carta,Opalina Doble Carta,33351
2024,9,33438,COPIA-IMP B&N OPALD/CARTA 1-50,SERVICENTRO,CENTRO DE SERVICIOS,COPIAS,BLANCO Y NEGRO,13,192.03,32,4,Opalina,Doble Carta,Opalina Doble Carta,33351
2024,6,33438,COPIA-IMP B&N OPALD/CARTA 1-50,SERVICENTRO,CENTRO DE SERVICIOS,COPIAS,BLANCO Y NEGRO,13,29.09,5,1,Opalina,Doble Carta,Opalina Doble Carta,33351
2025,7,33438,COPIA-IMP B&N OPALD/CARTA 1-50,SERVICENTRO,CENTRO DE SERVICIOS,COPIAS,BLANCO Y NEGRO,19,15.52,2,2,Opalina,Doble Carta,Opalina Doble Carta,33351
2024,12,33438,COPIA-IMP B&N OPALD/CARTA 1-50,SERVICENTRO,CENTRO DE SERVICIOS,COPIAS,BLANCO Y NEGRO,28,2389.65,313,16,Opalina,Doble Carta,Opalina Doble Carta,33351
2024,6,33438,COPIA-IMP B&N OPALD/CARTA 1-50,SERVICENTRO,CENTRO DE SERVICIOS,COPIAS,BLANCO Y NEGRO,19,294.83,48,5,Opalina,Doble Carta,Opalina Doble Carta,33351
2025,6,33438,COPIA-IMP B&N OPALD/CARTA 1-50,SERVICENTRO,CENTRO DE SERVICIOS,COPIAS,BLANCO Y NEGRO,19,32.98,5,4,Opalina,Doble Carta,Opalina Doble Carta,33351
2025,1,33438,COPIA-IMP B&N OPALD/CARTA 1-50,SERVICENTRO,CENTRO DE SERVICIOS,COPIAS,BLANCO Y NEGRO,13,36.86,5,3,Opalina,Doble Carta,Opalina Doble Carta,33351
2026,3,33438,COPIA-IMP B&N OPALD/CARTA 1-50,SERVICENTRO,CENTRO DE SERVICIOS,COPIAS,BLANCO Y NEGRO,28,294.83,38,9,Opalina,Doble Carta,Opalina Doble Carta,33351
2025,1,33438,COPIA-IMP B&N OPALD/CARTA 1-50,SERVICENTRO,CENTRO DE SERVICIOS,COPIAS,BLANCO Y NEGRO,28,1190.96,155,18,Opalina,Doble Carta,Opalina Doble Carta,33351
2025,1,33438,COPIA-IMP B&N OPALD/CARTA 1-50,SERVICENTRO,CENTRO DE SERVICIOS,COPIAS,BLANCO Y NEGRO,19,23.28,3,3,Opalina,Doble Carta,Opalina Doble Carta,33351
2025,7,33438,COPIA-IMP B&N OPALD/CARTA 1-50,SERVICENTRO,CENTRO DE SERVICIOS,COPIAS,BLANCO Y NEGRO,28,97.76,13,6,Opalina,Doble Carta,Opalina Doble Carta,33351
2025,6,33438,COPIA-IMP B&N OPALD/CARTA 1-50,SERVICENTRO,CENTRO DE SERVICIOS,COPIAS,BLANCO Y NEGRO,13,256.05,39,6,Opalina,Doble Carta,Opalina Doble Carta,33351
2024,8,33438,COPIA-IMP B&N OPALD/CARTA 1-50,SERVICENTRO,CENTRO DE SERVICIOS,COPIAS,BLANCO Y NEGRO,28,1933.78,262,17,Opalina,Doble Carta,Opalina Doble Carta,33351
2024,8,33438,COPIA-IMP B&N OPALD/CARTA 1-50,SERVICENTRO,CENTRO DE SERVICIOS,COPIAS,BLANCO Y NEGRO,19,225,29,3,Opalina,Doble Carta,Opalina Doble Carta,33351
2024,4,33438,COPIA-IMP B&N OPALD/CARTA 1-50,SERVICENTRO,CENTRO DE SERVICIOS,COPIAS,BLANCO Y NEGRO,28,837.93,108,10,Opalina,Doble Carta,Opalina Doble Carta,33351
2026,3,33438,COPIA-IMP B&N OPALD/CARTA 1-50,SERVICENTRO,CENTRO DE SERVICIOS,COPIAS,BLANCO Y NEGRO,19,96.67,13,4,Opalina,Doble Carta,Opalina Doble Carta,33351
2024,9,33438,COPIA-IMP B&N OPALD/CARTA 1-50,SERVICENTRO,CENTRO DE SERVICIOS,COPIAS,BLANCO Y NEGRO,28,1765.85,245,22,Opalina,Doble Carta,Opalina Doble Carta,33351
2026,1,33438,COPIA-IMP B&N OPALD/CARTA 1-50,SERVICENTRO,CENTRO DE SERVICIOS,COPIAS,BLANCO Y NEGRO,28,1691.3955,218,15,Opalina,Doble Carta,Opalina Doble Carta,33351
2024,12,33438,COPIA-IMP B&N OPALD/CARTA 1-50,SERVICENTRO,CENTRO DE SERVICIOS,COPIAS,BLANCO Y NEGRO,19,120.27,17,4,Opalina,Doble Carta,Opalina Doble Carta,33351
2025,10,33438,COPIA-IMP B&N OPALD/CARTA 1-50,SERVICENTRO,CENTRO DE SERVICIOS,COPIAS,BLANCO Y NEGRO,13,108.64,14,8,Opalina,Doble Carta,Opalina Doble Carta,33351
2025,10,33438,COPIA-IMP B&N OPALD/CARTA 1-50,SERVICENTRO,CENTRO DE SERVICIOS,COPIAS,BLANCO Y NEGRO,28,682.7704,88,12,Opalina,Doble Carta,Opalina Doble Carta,33351
2024,1,33438,COPIA-IMP B&N OPALD/CARTA 1-50,SERVICENTRO,CENTRO DE SERVICIOS,COPIAS,BLANCO Y NEGRO,13,7.76,1,1,Opalina,Doble Carta,Opalina Doble Carta,33351
2025,2,33438,COPIA-IMP B&N OPALD/CARTA 1-50,SERVICENTRO,CENTRO DE SERVICIOS,COPIAS,BLANCO Y NEGRO,13,46.56,8,4,Opalina,Doble Carta,Opalina Doble Carta,33351
2024,3,33438,COPIA-IMP B&N OPALD/CARTA 1-50,SERVICENTRO,CENTRO DE SERVICIOS,COPIAS,BLANCO Y NEGRO,13,75.66,12,5,Opalina,Doble Carta,Opalina Doble Carta,33351
2025,4,33438,COPIA-IMP B&N OPALD/CARTA 1-50,SERVICENTRO,CENTRO DE SERVICIOS,COPIAS,BLANCO Y NEGRO,13,62.07,8,3,Opalina,Doble Carta,Opalina Doble Carta,33351
2024,4,33438,COPIA-IMP B&N OPALD/CARTA 1-50,SERVICENTRO,CENTRO DE SERVICIOS,COPIAS,BLANCO Y NEGRO,13,64.01,11,5,Opalina,Doble Carta,Opalina Doble Carta,33351
2024,1,33438,COPIA-IMP B&N OPALD/CARTA 1-50,SERVICENTRO,CENTRO DE SERVICIOS,COPIAS,BLANCO Y NEGRO,28,982.7159,137,18,Opalina,Doble Carta,Opalina Doble Carta,33351
2024,5,33438,COPIA-IMP B&N OPALD/CARTA 1-50,SERVICENTRO,CENTRO DE SERVICIOS,COPIAS,BLANCO Y NEGRO,19,263.8,34,3,Opalina,Doble Carta,Opalina Doble Carta,33351
2026,1,33438,COPIA-IMP B&N OPALD/CARTA 1-50,SERVICENTRO,CENTRO DE SERVICIOS,COPIAS,BLANCO Y NEGRO,13,77.6,10,5,Opalina,Doble Carta,Opalina Doble Carta,33351
2024,10,33438,COPIA-IMP B&N OPALD/CARTA 1-50,SERVICENTRO,CENTRO DE SERVICIOS,COPIAS,BLANCO Y NEGRO,13,176.53,24,9,Opalina,Doble Carta,Opalina Doble Carta,33351
2025,12,33438,COPIA-IMP B&N OPALD/CARTA 1-50,SERVICENTRO,CENTRO DE SERVICIOS,COPIAS,BLANCO Y NEGRO,28,589.66,76,9,Opalina,Doble Carta,Opalina Doble Carta,33351
2025,6,33438,COPIA-IMP B&N OPALD/CARTA 1-50,SERVICENTRO,CENTRO DE SERVICIOS,COPIAS,BLANCO Y NEGRO,28,1227.82,199,11,Opalina,Doble Carta,Opalina Doble Carta,33351
2025,9,33438,COPIA-IMP B&N OPALD/CARTA 1-50,SERVICENTRO,CENTRO DE SERVICIOS,COPIAS,BLANCO Y NEGRO,28,1334.4745,172,8,Opalina,Doble Carta,Opalina Doble Carta,33351
2025,5,33438,COPIA-IMP B&N OPALD/CARTA 1-50,SERVICENTRO,CENTRO DE SERVICIOS,COPIAS,BLANCO Y NEGRO,28,1276.3,195,13,Opalina,Doble Carta,Opalina Doble Carta,33351
2025,4,33438,COPIA-IMP B&N OPALD/CARTA 1-50,SERVICENTRO,CENTRO DE SERVICIOS,COPIAS,BLANCO Y NEGRO,28,1647.04,253,20,Opalina,Doble Carta,Opalina Doble Carta,33351
2024,3,33438,COPIA-IMP B&N OPALD/CARTA 1-50,SERVICENTRO,CENTRO DE SERVICIOS,COPIAS,BLANCO Y NEGRO,28,1274.36,165,14,Opalina,Doble Carta,Opalina Doble Carta,33351
2024,5,33438,COPIA-IMP B&N OPALD/CARTA 1-50,SERVICENTRO,CENTRO DE SERVICIOS,COPIAS,BLANCO Y NEGRO,13,95.03,15,3,Opalina,Doble Carta,Opalina Doble Carta,33351
2024,7,33438,COPIA-IMP B&N OPALD/CARTA 1-50,SERVICENTRO,CENTRO DE SERVICIOS,COPIAS,BLANCO Y NEGRO,13,443.81,69,3,Opalina,Doble Carta,Opalina Doble Carta,33351
2025,8,33438,COPIA-IMP B&N OPALD/CARTA 1-50,SERVICENTRO,CENTRO DE SERVICIOS,COPIAS,BLANCO Y NEGRO,19,310.37,40,13,Opalina,Doble Carta,Opalina Doble Carta,33351
2024,7,33438,COPIA-IMP B&N OPALD/CARTA 1-50,SERVICENTRO,CENTRO DE SERVICIOS,COPIAS,BLANCO Y NEGRO,28,950.44,124,12,Opalina,Doble Carta,Opalina Doble Carta,33351
2024,2,33438,COPIA-IMP B&N OPALD/CARTA 1-50,SERVICENTRO,CENTRO DE SERVICIOS,COPIAS,BLANCO Y NEGRO,28,1282.11,169,14,Opalina,Doble Carta,Opalina Doble Carta,33351
2026,1,33438,COPIA-IMP B&N OPALD/CARTA 1-50,SERVICENTRO,CENTRO DE SERVICIOS,COPIAS,BLANCO Y NEGRO,19,659.49,85,5,Opalina,Doble Carta,Opalina Doble Carta,33351
2025,7,33438,COPIA-IMP B&N OPALD/CARTA 1-50,SERVICENTRO,CENTRO DE SERVICIOS,COPIAS,BLANCO Y NEGRO,13,106.69,15,7,Opalina,Doble Carta,Opalina Doble Carta,33351
2024,11,33438,COPIA-IMP B&N OPALD/CARTA 1-50,SERVICENTRO,CENTRO DE SERVICIOS,COPIAS,BLANCO Y NEGRO,19,7.76,1,1,Opalina,Doble Carta,Opalina Doble Carta,33351
2024,2,33438,COPIA-IMP B&N OPALD/CARTA 1-50,SERVICENTRO,CENTRO DE SERVICIOS,COPIAS,BLANCO Y NEGRO,13,120.26,16,3,Opalina,Doble Carta,Opalina Doble Carta,33351
2025,12,33438,COPIA-IMP B&N OPALD/CARTA 1-50,SERVICENTRO,CENTRO DE SERVICIOS,COPIAS,BLANCO Y NEGRO,19,318.11,41,4,Opalina,Doble Carta,Opalina Doble Carta,33351
2025,11,33438,COPIA-IMP B&N OPALD/CARTA 1-50,SERVICENTRO,CENTRO DE SERVICIOS,COPIAS,BLANCO Y NEGRO,28,1311.22,169,10,Opalina,Doble Carta,Opalina Doble Carta,33351
2024,11,33438,COPIA-IMP B&N OPALD/CARTA 1-50,SERVICENTRO,CENTRO DE SERVICIOS,COPIAS,BLANCO Y NEGRO,13,246.34,32,4,Opalina,Doble Carta,Opalina Doble Carta,33351
2025,9,33438,COPIA-IMP B&N OPALD/CARTA 1-50,SERVICENTRO,CENTRO DE SERVICIOS,COPIAS,BLANCO Y NEGRO,13,318.11,41,12,Opalina,Doble Carta,Opalina Doble Carta,33351
2025,11,33438,COPIA-IMP B&N OPALD/CARTA 1-50,SERVICENTRO,CENTRO DE SERVICIOS,COPIAS,BLANCO Y NEGRO,19,737.08,95,11,Opalina,Doble Carta,Opalina Doble Carta,33351
2025,9,33438,COPIA-IMP B&N OPALD/CARTA 1-50,SERVICENTRO,CENTRO DE SERVICIOS,COPIAS,BLANCO Y NEGRO,19,372.42,48,6,Opalina,Doble Carta,Opalina Doble Carta,33351
2024,1,33438,COPIA-IMP B&N OPALD/CARTA 1-50,SERVICENTRO,CENTRO DE SERVICIOS,COPIAS,BLANCO Y NEGRO,19,81.47,11,4,Opalina,Doble Carta,Opalina Doble Carta,33351
2024,9,33438,COPIA-IMP B&N OPALD/CARTA 1-50,SERVICENTRO,CENTRO DE SERVICIOS,COPIAS,BLANCO Y NEGRO,19,54.31,9,2,Opalina,Doble Carta,Opalina Doble Carta,33351
2024,6,33438,COPIA-IMP B&N OPALD/CARTA 1-50,SERVICENTRO,CENTRO DE SERVICIOS,COPIAS,BLANCO Y NEGRO,28,1295.69,169,11,Opalina,Doble Carta,Opalina Doble Carta,33351
2025,8,33438,COPIA-IMP B&N OPALD/CARTA 1-50,SERVICENTRO,CENTRO DE SERVICIOS,COPIAS,BLANCO Y NEGRO,28,1838.79,237,10,Opalina,Doble Carta,Opalina Doble Carta,33351
2025,5,33438,COPIA-IMP B&N OPALD/CARTA 1-50,SERVICENTRO,CENTRO DE SERVICIOS,COPIAS,BLANCO Y NEGRO,13,23.28,3,1,Opalina,Doble Carta,Opalina Doble Carta,33351
2025,3,33438,COPIA-IMP B&N OPALD/CARTA 1-50,SERVICENTRO,CENTRO DE SERVICIOS,COPIAS,BLANCO Y NEGRO,28,1602.73,212,16,Opalina,Doble Carta,Opalina Doble Carta,33351
2024,4,33438,COPIA-IMP B&N OPALD/CARTA 1-50,SERVICENTRO,CENTRO DE SERVICIOS,COPIAS,BLANCO Y NEGRO,19,89.23,12,4,Opalina,Doble Carta,Opalina Doble Carta,33351
2025,3,33438,COPIA-IMP B&N OPALD/CARTA 1-50,SERVICENTRO,CENTRO DE SERVICIOS,COPIAS,BLANCO Y NEGRO,19,108.62,14,3,Opalina,Doble Carta,Opalina Doble Carta,33351
2024,10,33438,COPIA-IMP B&N OPALD/CARTA 1-50,SERVICENTRO,CENTRO DE SERVICIOS,COPIAS,BLANCO Y NEGRO,28,2505.26,337,29,Opalina,Doble Carta,Opalina Doble Carta,33351
2026,2,33438,COPIA-IMP B&N OPALD/CARTA 1-50,SERVICENTRO,CENTRO DE SERVICIOS,COPIAS,BLANCO Y NEGRO,19,77.6,10,7,Opalina,Doble Carta,Opalina Doble Carta,33351
2024,4,33449,COP-IMP OPALINA D-CTA COL 1-50H,SERVICENTRO,CENTRO DE SERVICIOS,COPIAS,COLOR,19,2400.86,130,28,Opalina,Doble Carta,Opalina Doble Carta,33351
2026,3,100277787,COP-IMP OPALINA D-CTA COL 1-25H,SERVICENTRO,CENTRO DE SERVICIOS,COPIAS,COLOR,19,2815.58,142,38,Opalina,Doble Carta,Opalina Doble Carta,33351
2026,3,100277795,COP-IMP OPAL D-CTA COL 26-50H,SERVICENTRO,CENTRO DE SERVICIOS,COPIAS,COLOR,28,601.3,31,2,Opalina,Doble Carta,Opalina Doble Carta,33351
2024,6,33449,COP-IMP OPALINA D-CTA COL 1-50H,SERVICENTRO,CENTRO DE SERVICIOS,COPIAS,COLOR,19,938.81,50,11,Opalina,Doble Carta,Opalina Doble Carta,33351
2026,1,100277787,COP-IMP OPALINA D-CTA COL 1-25H,SERVICENTRO,CENTRO DE SERVICIOS,COPIAS,COLOR,28,4183.68,211,49,Opalina,Doble Carta,Opalina Doble Carta,33351
2026,1,100277795,COP-IMP OPAL D-CTA COL 26-50H,SERVICENTRO,CENTRO DE SERVICIOS,COPIAS,COLOR,19,38.79,2,1,Opalina,Doble Carta,Opalina Doble Carta,33351
2024,11,33449,COP-IMP OPALINA D-CTA COL 1-50H,SERVICENTRO,CENTRO DE SERVICIOS,COPIAS,COLOR,13,2996.6,169,52,Opalina,Doble Carta,Opalina Doble Carta,33351
2025,12,100277787,COP-IMP OPALINA D-CTA COL 1-25H,SERVICENTRO,CENTRO DE SERVICIOS,COPIAS,COLOR,19,1650.39,85,30,Opalina,Doble Carta,Opalina Doble Carta,33351
2025,12,33449,COP-IMP OPALINA D-CTA COL 1-50H,SERVICENTRO,CENTRO DE SERVICIOS,COPIAS,COLOR,28,10537.8966,556,115,Opalina,Doble Carta,Opalina Doble Carta,33351
2025,6,33449,COP-IMP OPALINA D-CTA COL 1-50H,SERVICENTRO,CENTRO DE SERVICIOS,COPIAS,COLOR,28,7471.58,413,81,Opalina,Doble Carta,Opalina Doble Carta,33351
2025,10,33449,COP-IMP OPALINA D-CTA COL 1-50H,SERVICENTRO,CENTRO DE SERVICIOS,COPIAS,COLOR,28,9872.5981,521,126,Opalina,Doble Carta,Opalina Doble Carta,33351
2025,9,33449,COP-IMP OPALINA D-CTA COL 1-50H,SERVICENTRO,CENTRO DE SERVICIOS,COPIAS,COLOR,13,1878.77,106,35,Opalina,Doble Carta,Opalina Doble Carta,33351
2025,11,100277795,COP-IMP OPAL D-CTA COL 26-50H,SERVICENTRO,CENTRO DE SERVICIOS,COPIAS,COLOR,19,1299.57,67,2,Opalina,Doble Carta,Opalina Doble Carta,33351
2024,3,33449,COP-IMP OPALINA D-CTA COL 1-50H,SERVICENTRO,CENTRO DE SERVICIOS,COPIAS,COLOR,13,886.65,51,16,Opalina,Doble Carta,Opalina Doble Carta,33351
2025,4,33449,COP-IMP OPALINA D-CTA COL 1-50H,SERVICENTRO,CENTRO DE SERVICIOS,COPIAS,COLOR,28,11474.1856,643,89,Opalina,Doble Carta,Opalina Doble Carta,33351
2024,3,33449,COP-IMP OPALINA D-CTA COL 1-50H,SERVICENTRO,CENTRO DE SERVICIOS,COPIAS,COLOR,19,2403.92,131,26,Opalina,Doble Carta,Opalina Doble Carta,33351
2024,8,33449,COP-IMP OPALINA D-CTA COL 1-50H,SERVICENTRO,CENTRO DE SERVICIOS,COPIAS,COLOR,13,2200.03,124,38,Opalina,Doble Carta,Opalina Doble Carta,33351
2024,12,33449,COP-IMP OPALINA D-CTA COL 1-50H,SERVICENTRO,CENTRO DE SERVICIOS,COPIAS,COLOR,19,1958.22,109,32,Opalina,Doble Carta,Opalina Doble Carta,33351
2026,2,100277787,COP-IMP OPALINA D-CTA COL 1-25H,SERVICENTRO,CENTRO DE SERVICIOS,COPIAS,COLOR,13,3410.1,173,47,Opalina,Doble Carta,Opalina Doble Carta,33351
2025,7,33449,COP-IMP OPALINA D-CTA COL 1-50H,SERVICENTRO,CENTRO DE SERVICIOS,COPIAS,COLOR,28,7164.3411,378,82,Opalina,Doble Carta,Opalina Doble Carta,33351
2024,10,33449,COP-IMP OPALINA D-CTA COL 1-50H,SERVICENTRO,CENTRO DE SERVICIOS,COPIAS,COLOR,13,2445.77,137,42,Opalina,Doble Carta,Opalina Doble Carta,33351
2024,2,33449,COP-IMP OPALINA D-CTA COL 1-50H,SERVICENTRO,CENTRO DE SERVICIOS,COPIAS,COLOR,19,3209.96,173,33,Opalina,Doble Carta,Opalina Doble Carta,33351
2024,2,33449,COP-IMP OPALINA D-CTA COL 1-50H,SERVICENTRO,CENTRO DE SERVICIOS,COPIAS,COLOR,28,9359.5975,513,104,Opalina,Doble Carta,Opalina Doble Carta,33351
2025,10,33449,COP-IMP OPALINA D-CTA COL 1-50H,SERVICENTRO,CENTRO DE SERVICIOS,COPIAS,COLOR,19,1391.46,87,30,Opalina,Doble Carta,Opalina Doble Carta,33351
2025,2,33449,COP-IMP OPALINA D-CTA COL 1-50H,SERVICENTRO,CENTRO DE SERVICIOS,COPIAS,COLOR,19,1185.39,64,31,Opalina,Doble Carta,Opalina Doble Carta,33351
2025,2,33449,COP-IMP OPALINA D-CTA COL 1-50H,SERVICENTRO,CENTRO DE SERVICIOS,COPIAS,COLOR,28,10587.1302,603,109,Opalina,Doble Carta,Opalina Doble Carta,33351
2025,11,33449,COP-IMP OPALINA D-CTA COL 1-50H,SERVICENTRO,CENTRO DE SERVICIOS,COPIAS,COLOR,13,3869.65,205,58,Opalina,Doble Carta,Opalina Doble Carta,33351
2025,5,33449,COP-IMP OPALINA D-CTA COL 1-50H,SERVICENTRO,CENTRO DE SERVICIOS,COPIAS,COLOR,13,3598.28,196,34,Opalina,Doble Carta,Opalina Doble Carta,33351
2025,4,33449,COP-IMP OPALINA D-CTA COL 1-50H,SERVICENTRO,CENTRO DE SERVICIOS,COPIAS,COLOR,13,1842.77,112,39,Opalina,Doble Carta,Opalina Doble Carta,33351
2024,5,33449,COP-IMP OPALINA D-CTA COL 1-50H,SERVICENTRO,CENTRO DE SERVICIOS,COPIAS,COLOR,13,2119.41,121,35,Opalina,Doble Carta,Opalina Doble Carta,33351
2025,8,33449,COP-IMP OPALINA D-CTA COL 1-50H,SERVICENTRO,CENTRO DE SERVICIOS,COPIAS,COLOR,28,5584.5694,299,79,Opalina,Doble Carta,Opalina Doble Carta,33351
2024,9,33449,COP-IMP OPALINA D-CTA COL 1-50H,SERVICENTRO,CENTRO DE SERVICIOS,COPIAS,COLOR,13,2368.7,140,55,Opalina,Doble Carta,Opalina Doble Carta,33351
2025,6,33449,COP-IMP OPALINA D-CTA COL 1-50H,SERVICENTRO,CENTRO DE SERVICIOS,COPIAS,COLOR,13,3673.91,221,56,Opalina,Doble Carta,Opalina Doble Carta,33351
2025,12,33449,COP-IMP OPALINA D-CTA COL 1-50H,SERVICENTRO,CENTRO DE SERVICIOS,COPIAS,COLOR,13,2977.63,157,45,Opalina,Doble Carta,Opalina Doble Carta,33351
2024,6,33449,COP-IMP OPALINA D-CTA COL 1-50H,SERVICENTRO,CENTRO DE SERVICIOS,COPIAS,COLOR,28,8740.2,495,97,Opalina,Doble Carta,Opalina Doble Carta,33351
2024,1,33449,COP-IMP OPALINA D-CTA COL 1-50H,SERVICENTRO,CENTRO DE SERVICIOS,COPIAS,COLOR,13,986.23,54,21,Opalina,Doble Carta,Opalina Doble Carta,33351
2024,12,33449,COP-IMP OPALINA D-CTA COL 1-50H,SERVICENTRO,CENTRO DE SERVICIOS,COPIAS,COLOR,13,3370.76,193,73,Opalina,Doble Carta,Opalina Doble Carta,33351
2025,2,33449,COP-IMP OPALINA D-CTA COL 1-50H,SERVICENTRO,CENTRO DE SERVICIOS,COPIAS,COLOR,13,2565.79,150,51,Opalina,Doble Carta,Opalina Doble Carta,33351
2024,8,33449,COP-IMP OPALINA D-CTA COL 1-50H,SERVICENTRO,CENTRO DE SERVICIOS,COPIAS,COLOR,28,9994.85,549,92,Opalina,Doble Carta,Opalina Doble Carta,33351
2025,5,33449,COP-IMP OPALINA D-CTA COL 1-50H,SERVICENTRO,CENTRO DE SERVICIOS,COPIAS,COLOR,28,11832.7211,648,119,Opalina,Doble Carta,Opalina Doble Carta,33351
2024,4,33449,COP-IMP OPALINA D-CTA COL 1-50H,SERVICENTRO,CENTRO DE SERVICIOS,COPIAS,COLOR,28,6450.13,356,70,Opalina,Doble Carta,Opalina Doble Carta,33351
2025,8,33449,COP-IMP OPALINA D-CTA COL 1-50H,SERVICENTRO,CENTRO DE SERVICIOS,COPIAS,COLOR,19,1541.06,86,21,Opalina,Doble Carta,Opalina Doble Carta,33351
2024,7,33449,COP-IMP OPALINA D-CTA COL 1-50H,SERVICENTRO,CENTRO DE SERVICIOS,COPIAS,COLOR,19,730.2,39,13,Opalina,Doble Carta,Opalina Doble Carta,33351
2024,1,33449,COP-IMP OPALINA D-CTA COL 1-50H,SERVICENTRO,CENTRO DE SERVICIOS,COPIAS,COLOR,19,1981.96,107,29,Opalina,Doble Carta,Opalina Doble Carta,33351
2025,1,33449,COP-IMP OPALINA D-CTA COL 1-50H,SERVICENTRO,CENTRO DE SERVICIOS,COPIAS,COLOR,28,10246.2066,557,105,Opalina,Doble Carta,Opalina Doble Carta,33351
2025,1,33449,COP-IMP OPALINA D-CTA COL 1-50H,SERVICENTRO,CENTRO DE SERVICIOS,COPIAS,COLOR,19,1355.63,81,29,Opalina,Doble Carta,Opalina Doble Carta,33351
2024,9,33449,COP-IMP OPALINA D-CTA COL 1-50H,SERVICENTRO,CENTRO DE SERVICIOS,COPIAS,COLOR,28,14103.2487,777,118,Opalina,Doble Carta,Opalina Doble Carta,33351
2025,3,33449,COP-IMP OPALINA D-CTA COL 1-50H,SERVICENTRO,CENTRO DE SERVICIOS,COPIAS,COLOR,28,9644.6133,558,96,Opalina,Doble Carta,Opalina Doble Carta,33351
2025,3,33449,COP-IMP OPALINA D-CTA COL 1-50H,SERVICENTRO,CENTRO DE SERVICIOS,COPIAS,COLOR,19,1507.78,81,24,Opalina,Doble Carta,Opalina Doble Carta,33351
2026,1,100277787,COP-IMP OPALINA D-CTA COL 1-25H,SERVICENTRO,CENTRO DE SERVICIOS,COPIAS,COLOR,19,1744.9,88,28,Opalina,Doble Carta,Opalina Doble Carta,33351
2024,11,33449,COP-IMP OPALINA D-CTA COL 1-50H,SERVICENTRO,CENTRO DE SERVICIOS,COPIAS,COLOR,28,13545.01,754,138,Opalina,Doble Carta,Opalina Doble Carta,33351
2025,6,33449,COP-IMP OPALINA D-CTA COL 1-50H,SERVICENTRO,CENTRO DE SERVICIOS,COPIAS,COLOR,19,1711.68,91,21,Opalina,Doble Carta,Opalina Doble Carta,33351
2025,9,33449,COP-IMP OPALINA D-CTA COL 1-50H,SERVICENTRO,CENTRO DE SERVICIOS,COPIAS,COLOR,19,3261.2,177,33,Opalina,Doble Carta,Opalina Doble Carta,33351
2025,11,33449,COP-IMP OPALINA D-CTA COL 1-50H,SERVICENTRO,CENTRO DE SERVICIOS,COPIAS,COLOR,28,12306.65,651,126,Opalina,Doble Carta,Opalina Doble Carta,33351
2024,3,33449,COP-IMP OPALINA D-CTA COL 1-50H,SERVICENTRO,CENTRO DE SERVICIOS,COPIAS,COLOR,28,7403.29,409,86,Opalina,Doble Carta,Opalina Doble Carta,33351
2024,1,33449,COP-IMP OPALINA D-CTA COL 1-50H,SERVICENTRO,CENTRO DE SERVICIOS,COPIAS,COLOR,28,7432.14,410,81,Opalina,Doble Carta,Opalina Doble Carta,33351
2024,8,33449,COP-IMP OPALINA D-CTA COL 1-50H,SERVICENTRO,CENTRO DE SERVICIOS,COPIAS,COLOR,19,1351.33,73,22,Opalina,Doble Carta,Opalina Doble Carta,33351
2026,3,100277787,COP-IMP OPALINA D-CTA COL 1-25H,SERVICENTRO,CENTRO DE SERVICIOS,COPIAS,COLOR,13,3164.34,169,54,Opalina,Doble Carta,Opalina Doble Carta,33351
2024,11,33449,COP-IMP OPALINA D-CTA COL 1-50H,SERVICENTRO,CENTRO DE SERVICIOS,COPIAS,COLOR,19,1982.05,108,33,Opalina,Doble Carta,Opalina Doble Carta,33351
2024,2,33449,COP-IMP OPALINA D-CTA COL 1-50H,SERVICENTRO,CENTRO DE SERVICIOS,COPIAS,COLOR,13,3224.21,176,49,Opalina,Doble Carta,Opalina Doble Carta,33351
2024,10,33449,COP-IMP OPALINA D-CTA COL 1-50H,SERVICENTRO,CENTRO DE SERVICIOS,COPIAS,COLOR,19,2616.46,143,47,Opalina,Doble Carta,Opalina Doble Carta,33351
2024,12,33449,COP-IMP OPALINA D-CTA COL 1-50H,SERVICENTRO,CENTRO DE SERVICIOS,COPIAS,COLOR,28,9626.37,538,86,Opalina,Doble Carta,Opalina Doble Carta,33351
2025,5,33449,COP-IMP OPALINA D-CTA COL 1-50H,SERVICENTRO,CENTRO DE SERVICIOS,COPIAS,COLOR,19,578.48,31,18,Opalina,Doble Carta,Opalina Doble Carta,33351
2024,9,33449,COP-IMP OPALINA D-CTA COL 1-50H,SERVICENTRO,CENTRO DE SERVICIOS,COPIAS,COLOR,19,1981.94,107,21,Opalina,Doble Carta,Opalina Doble Carta,33351
2024,4,33449,COP-IMP OPALINA D-CTA COL 1-50H,SERVICENTRO,CENTRO DE SERVICIOS,COPIAS,COLOR,13,2536.67,147,37,Opalina,Doble Carta,Opalina Doble Carta,33351
2024,5,33449,COP-IMP OPALINA D-CTA COL 1-50H,SERVICENTRO,CENTRO DE SERVICIOS,COPIAS,COLOR,19,2750.05,146,39,Opalina,Doble Carta,Opalina Doble Carta,33351
2024,5,33449,COP-IMP OPALINA D-CTA COL 1-50H,SERVICENTRO,CENTRO DE SERVICIOS,COPIAS,COLOR,28,14432.38,793,100,Opalina,Doble Carta,Opalina Doble Carta,33351
2026,1,33449,COP-IMP OPALINA D-CTA COL 1-50H,SERVICENTRO,CENTRO DE SERVICIOS,COPIAS,COLOR,28,2446.5932,129,32,Opalina,Doble Carta,Opalina Doble Carta,33351
2025,7,33449,COP-IMP OPALINA D-CTA COL 1-50H,SERVICENTRO,CENTRO DE SERVICIOS,COPIAS,COLOR,13,2436.28,140,50,Opalina,Doble Carta,Opalina Doble Carta,33351
2026,1,33449,COP-IMP OPALINA D-CTA COL 1-50H,SERVICENTRO,CENTRO DE SERVICIOS,COPIAS,COLOR,13,673.45,37,15,Opalina,Doble Carta,Opalina Doble Carta,33351
2025,11,100277787,COP-IMP OPALINA D-CTA COL 1-25H,SERVICENTRO,CENTRO DE SERVICIOS,COPIAS,COLOR,19,2597.48,131,42,Opalina,Doble Carta,Opalina Doble Carta,33351
2026,2,100277787,COP-IMP OPALINA D-CTA COL 1-25H,SERVICENTRO,CENTRO DE SERVICIOS,COPIAS,COLOR,28,6995.85,355,98,Opalina,Doble Carta,Opalina Doble Carta,33351
2025,8,33449,COP-IMP OPALINA D-CTA COL 1-50H,SERVICENTRO,CENTRO DE SERVICIOS,COPIAS,COLOR,13,1842,117,35,Opalina,Doble Carta,Opalina Doble Carta,33351
2024,6,33449,COP-IMP OPALINA D-CTA COL 1-50H,SERVICENTRO,CENTRO DE SERVICIOS,COPIAS,COLOR,13,2477.18,140,32,Opalina,Doble Carta,Opalina Doble Carta,33351
2026,2,100277795,COP-IMP OPAL D-CTA COL 26-50H,SERVICENTRO,CENTRO DE SERVICIOS,COPIAS,COLOR,28,581.9,30,3,Opalina,Doble Carta,Opalina Doble Carta,33351
2026,3,100277787,COP-IMP OPALINA D-CTA COL 1-25H,SERVICENTRO,CENTRO DE SERVICIOS,COPIAS,COLOR,28,8744.18,441,113,Opalina,Doble Carta,Opalina Doble Carta,33351
2025,1,33449,COP-IMP OPALINA D-CTA COL 1-50H,SERVICENTRO,CENTRO DE SERVICIOS,COPIAS,COLOR,13,4234.05,235,67,Opalina,Doble Carta,Opalina Doble Carta,33351
2024,7,33449,COP-IMP OPALINA D-CTA COL 1-50H,SERVICENTRO,CENTRO DE SERVICIOS,COPIAS,COLOR,28,8751.4263,485,93,Opalina,Doble Carta,Opalina Doble Carta,33351
2024,7,33449,COP-IMP OPALINA D-CTA COL 1-50H,SERVICENTRO,CENTRO DE SERVICIOS,COPIAS,COLOR,13,2934.95,162,42,Opalina,Doble Carta,Opalina Doble Carta,33351
2025,7,33449,COP-IMP OPALINA D-CTA COL 1-50H,SERVICENTRO,CENTRO DE SERVICIOS,COPIAS,COLOR,19,1269.26,70,21,Opalina,Doble Carta,Opalina Doble Carta,33351
2026,1,100277795,COP-IMP OPAL D-CTA COL 26-50H,SERVICENTRO,CENTRO DE SERVICIOS,COPIAS,COLOR,28,1415.95,73,2,Opalina,Doble Carta,Opalina Doble Carta,33351
2025,4,33449,COP-IMP OPALINA D-CTA COL 1-50H,SERVICENTRO,CENTRO DE SERVICIOS,COPIAS,COLOR,19,1144.56,66,20,Opalina,Doble Carta,Opalina Doble Carta,33351
2026,1,100277787,COP-IMP OPALINA D-CTA COL 1-25H,SERVICENTRO,CENTRO DE SERVICIOS,COPIAS,COLOR,13,1625.92,82,25,Opalina,Doble Carta,Opalina Doble Carta,33351
2026,2,100277787,COP-IMP OPALINA D-CTA COL 1-25H,SERVICENTRO,CENTRO DE SERVICIOS,COPIAS,COLOR,19,2866.33,146,32,Opalina,Doble Carta,Opalina Doble Carta,33351
2025,10,100277787,COP-IMP OPALINA D-CTA COL 1-25H,SERVICENTRO,CENTRO DE SERVICIOS,COPIAS,COLOR,19,626.52,33,13,Opalina,Doble Carta,Opalina Doble Carta,33351
2025,10,33449,COP-IMP OPALINA D-CTA COL 1-50H,SERVICENTRO,CENTRO DE SERVICIOS,COPIAS,COLOR,13,2821.69,155,61,Opalina,Doble Carta,Opalina Doble Carta,33351
2024,10,33449,COP-IMP OPALINA D-CTA COL 1-50H,SERVICENTRO,CENTRO DE SERVICIOS,COPIAS,COLOR,28,12845.61,720,123,Opalina,Doble Carta,Opalina Doble Carta,33351
2025,3,33449,COP-IMP OPALINA D-CTA COL 1-50H,SERVICENTRO,CENTRO DE SERVICIOS,COPIAS,COLOR,13,2874.09,166,65,Opalina,Doble Carta,Opalina Doble Carta,33351
2025,9,33449,COP-IMP OPALINA D-CTA COL 1-50H,SERVICENTRO,CENTRO DE SERVICIOS,COPIAS,COLOR,28,7906.81,417,91,Opalina,Doble Carta,Opalina Doble Carta,33351
2024,5,33436,COP-IMP BN OPALINA CART 51-100,SERVICENTRO,CENTRO DE SERVICIOS,COPIAS,BLANCO Y NEGRO,28,422.41,100,1,Opalina,Carta,Opalina Carta,33349
2024,6,33435,COPIA-IMP B&N OPALIN CART 1-50,SERVICENTRO,CENTRO DE SERVICIOS,COPIAS,BLANCO Y NEGRO,28,2206.29,497,72,Opalina,Carta,Opalina Carta,33349
2024,2,33435,COPIA-IMP B&N OPALIN CART 1-50,SERVICENTRO,CENTRO DE SERVICIOS,COPIAS,BLANCO Y NEGRO,28,2630.08,610,73,Opalina,Carta,Opalina Carta,33349
2026,1,33435,COPIA-IMP B&N OPALIN CART 1-50,SERVICENTRO,CENTRO DE SERVICIOS,COPIAS,BLANCO Y NEGRO,28,1338.78,286,56,Opalina,Carta,Opalina Carta,33349
2024,12,33435,COPIA-IMP B&N OPALIN CART 1-50,SERVICENTRO,CENTRO DE SERVICIOS,COPIAS,BLANCO Y NEGRO,28,2176.22,473,67,Opalina,Carta,Opalina Carta,33349
2024,10,33435,COPIA-IMP B&N OPALIN CART 1-50,SERVICENTRO,CENTRO DE SERVICIOS,COPIAS,BLANCO Y NEGRO,19,635.31,136,22,Opalina,Carta,Opalina Carta,33349
2025,12,33435,COPIA-IMP B&N OPALIN CART 1-50,SERVICENTRO,CENTRO DE SERVICIOS,COPIAS,BLANCO Y NEGRO,19,796.53,168,26,Opalina,Carta,Opalina Carta,33349
2024,6,33435,COPIA-IMP B&N OPALIN CART 1-50,SERVICENTRO,CENTRO DE SERVICIOS,COPIAS,BLANCO Y NEGRO,19,590.3,128,15,Opalina,Carta,Opalina Carta,33349
2025,3,33436,COP-IMP BN OPALINA CART 51-100,SERVICENTRO,CENTRO DE SERVICIOS,COPIAS,BLANCO Y NEGRO,19,21.12,5,1,Opalina,Carta,Opalina Carta,33349
2026,2,33436,COP-IMP BN OPALINA CART 51-100,SERVICENTRO,CENTRO DE SERVICIOS,COPIAS,BLANCO Y NEGRO,28,25.34,6,1,Opalina,Carta,Opalina Carta,33349
2025,11,33435,COPIA-IMP B&N OPALIN CART 1-50,SERVICENTRO,CENTRO DE SERVICIOS,COPIAS,BLANCO Y NEGRO,19,421.97,89,28,Opalina,Carta,Opalina Carta,33349
2025,4,33435,COPIA-IMP B&N OPALIN CART 1-50,SERVICENTRO,CENTRO DE SERVICIOS,COPIAS,BLANCO Y NEGRO,19,672.06,157,22,Opalina,Carta,Opalina Carta,33349
2026,3,33435,COPIA-IMP B&N OPALIN CART 1-50,SERVICENTRO,CENTRO DE SERVICIOS,COPIAS,BLANCO Y NEGRO,28,2503.4422,528,64,Opalina,Carta,Opalina Carta,33349
2025,5,33435,COPIA-IMP B&N OPALIN CART 1-50,SERVICENTRO,CENTRO DE SERVICIOS,COPIAS,BLANCO Y NEGRO,19,292.75,65,18,Opalina,Carta,Opalina Carta,33349
2024,8,33435,COPIA-IMP B&N OPALIN CART 1-50,SERVICENTRO,CENTRO DE SERVICIOS,COPIAS,BLANCO Y NEGRO,19,414.8725,88,19,Opalina,Carta,Opalina Carta,33349
2024,4,33435,COPIA-IMP B&N OPALIN CART 1-50,SERVICENTRO,CENTRO DE SERVICIOS,COPIAS,BLANCO Y NEGRO,13,346.1,79,12,Opalina,Carta,Opalina Carta,33349
2025,1,33435,COPIA-IMP B&N OPALIN CART 1-50,SERVICENTRO,CENTRO DE SERVICIOS,COPIAS,BLANCO Y NEGRO,13,417.24,91,16,Opalina,Carta,Opalina Carta,33349
2024,7,33435,COPIA-IMP B&N OPALIN CART 1-50,SERVICENTRO,CENTRO DE SERVICIOS,COPIAS,BLANCO Y NEGRO,13,583.78,143,14,Opalina,Carta,Opalina Carta,33349
2025,1,33435,COPIA-IMP B&N OPALIN CART 1-50,SERVICENTRO,CENTRO DE SERVICIOS,COPIAS,BLANCO Y NEGRO,19,178.96,40,16,Opalina,Carta,Opalina Carta,33349
2024,5,33435,COPIA-IMP B&N OPALIN CART 1-50,SERVICENTRO,CENTRO DE SERVICIOS,COPIAS,BLANCO Y NEGRO,19,308.16,66,21,Opalina,Carta,Opalina Carta,33349
2024,9,33435,COPIA-IMP B&N OPALIN CART 1-50,SERVICENTRO,CENTRO DE SERVICIOS,COPIAS,BLANCO Y NEGRO,28,1560.4456,353,53,Opalina,Carta,Opalina Carta,33349
2024,2,33435,COPIA-IMP B&N OPALIN CART 1-50,SERVICENTRO,CENTRO DE SERVICIOS,COPIAS,BLANCO Y NEGRO,19,455.14,96,32,Opalina,Carta,Opalina Carta,33349
2025,7,33435,COPIA-IMP B&N OPALIN CART 1-50,SERVICENTRO,CENTRO DE SERVICIOS,COPIAS,BLANCO Y NEGRO,19,301.06,66,16,Opalina,Carta,Opalina Carta,33349
2024,11,33436,COP-IMP BN OPALINA CART 51-100,SERVICENTRO,CENTRO DE SERVICIOS,COPIAS,BLANCO Y NEGRO,28,47.52,15,1,Opalina,Carta,Opalina Carta,33349
2024,11,33435,COPIA-IMP B&N OPALIN CART 1-50,SERVICENTRO,CENTRO DE SERVICIOS,COPIAS,BLANCO Y NEGRO,28,1689.1,375,42,Opalina,Carta,Opalina Carta,33349
2025,10,33435,COPIA-IMP B&N OPALIN CART 1-50,SERVICENTRO,CENTRO DE SERVICIOS,COPIAS,BLANCO Y NEGRO,28,2418.7125,523,75,Opalina,Carta,Opalina Carta,33349
2024,10,33435,COPIA-IMP B&N OPALIN CART 1-50,SERVICENTRO,CENTRO DE SERVICIOS,COPIAS,BLANCO Y NEGRO,13,227.54,56,18,Opalina,Carta,Opalina Carta,33349
2025,6,33435,COPIA-IMP B&N OPALIN CART 1-50,SERVICENTRO,CENTRO DE SERVICIOS,COPIAS,BLANCO Y NEGRO,28,2200.26,557,53,Opalina,Carta,Opalina Carta,33349
2025,2,33435,COPIA-IMP B&N OPALIN CART 1-50,SERVICENTRO,CENTRO DE SERVICIOS,COPIAS,BLANCO Y NEGRO,13,130.84,34,8,Opalina,Carta,Opalina Carta,33349
2024,7,33436,COP-IMP BN OPALINA CART 51-100,SERVICENTRO,CENTRO DE SERVICIOS,COPIAS,BLANCO Y NEGRO,13,253.45,60,1,Opalina,Carta,Opalina Carta,33349
2025,8,33435,COPIA-IMP B&N OPALIN CART 1-50,SERVICENTRO,CENTRO DE SERVICIOS,COPIAS,BLANCO Y NEGRO,28,2057.71,434,63,Opalina,Carta,Opalina Carta,33349
2024,9,33435,COPIA-IMP B&N OPALIN CART 1-50,SERVICENTRO,CENTRO DE SERVICIOS,COPIAS,BLANCO Y NEGRO,19,1168.7435,252,30,Opalina,Carta,Opalina Carta,33349
2024,6,33435,COPIA-IMP B&N OPALIN CART 1-50,SERVICENTRO,CENTRO DE SERVICIOS,COPIAS,BLANCO Y NEGRO,13,1123.68,299,15,Opalina,Carta,Opalina Carta,33349
2026,1,33435,COPIA-IMP B&N OPALIN CART 1-50,SERVICENTRO,CENTRO DE SERVICIOS,COPIAS,BLANCO Y NEGRO,19,938.77,198,22,Opalina,Carta,Opalina Carta,33349
2024,10,33435,COPIA-IMP B&N OPALIN CART 1-50,SERVICENTRO,CENTRO DE SERVICIOS,COPIAS,BLANCO Y NEGRO,28,2967.98,657,85,Opalina,Carta,Opalina Carta,33349
2024,1,33435,COPIA-IMP B&N OPALIN CART 1-50,SERVICENTRO,CENTRO DE SERVICIOS,COPIAS,BLANCO Y NEGRO,28,1911.87,410,62,Opalina,Carta,Opalina Carta,33349
2024,4,33435,COPIA-IMP B&N OPALIN CART 1-50,SERVICENTRO,CENTRO DE SERVICIOS,COPIAS,BLANCO Y NEGRO,19,907.97,206,26,Opalina,Carta,Opalina Carta,33349
2025,4,33435,COPIA-IMP B&N OPALIN CART 1-50,SERVICENTRO,CENTRO DE SERVICIOS,COPIAS,BLANCO Y NEGRO,28,1984.25,437,55,Opalina,Carta,Opalina Carta,33349
2025,3,33435,COPIA-IMP B&N OPALIN CART 1-50,SERVICENTRO,CENTRO DE SERVICIOS,COPIAS,BLANCO Y NEGRO,13,214.74,48,13,Opalina,Carta,Opalina Carta,33349
2024,1,33435,COPIA-IMP B&N OPALIN CART 1-50,SERVICENTRO,CENTRO DE SERVICIOS,COPIAS,BLANCO Y NEGRO,13,54.52,12,4,Opalina,Carta,Opalina Carta,33349
2025,9,33435,COPIA-IMP B&N OPALIN CART 1-50,SERVICENTRO,CENTRO DE SERVICIOS,COPIAS,BLANCO Y NEGRO,28,2350.7318,503,52,Opalina,Carta,Opalina Carta,33349
2024,5,33436,COP-IMP BN OPALINA CART 51-100,SERVICENTRO,CENTRO DE SERVICIOS,COPIAS,BLANCO Y NEGRO,13,210.34,60,1,Opalina,Carta,Opalina Carta,33349
2025,7,33435,COPIA-IMP B&N OPALIN CART 1-50,SERVICENTRO,CENTRO DE SERVICIOS,COPIAS,BLANCO Y NEGRO,13,465.79,103,21,Opalina,Carta,Opalina Carta,33349
2024,9,33436,COP-IMP BN OPALINA CART 51-100,SERVICENTRO,CENTRO DE SERVICIOS,COPIAS,BLANCO Y NEGRO,28,316.81,100,1,Opalina,Carta,Opalina Carta,33349
2026,1,33435,COPIA-IMP B&N OPALIN CART 1-50,SERVICENTRO,CENTRO DE SERVICIOS,COPIAS,BLANCO Y NEGRO,13,507.34,107,13,Opalina,Carta,Opalina Carta,33349
2026,1,33436,COP-IMP BN OPALINA CART 51-100,SERVICENTRO,CENTRO DE SERVICIOS,COPIAS,BLANCO Y NEGRO,13,253.45,60,1,Opalina,Carta,Opalina Carta,33349
2024,1,33435,COPIA-IMP B&N OPALIN CART 1-50,SERVICENTRO,CENTRO DE SERVICIOS,COPIAS,BLANCO Y NEGRO,19,198,46,19,Opalina,Carta,Opalina Carta,33349
2024,10,33436,COP-IMP BN OPALINA CART 51-100,SERVICENTRO,CENTRO DE SERVICIOS,COPIAS,BLANCO Y NEGRO,13,304.14,72,1,Opalina,Carta,Opalina Carta,33349
2025,9,33435,COPIA-IMP B&N OPALIN CART 1-50,SERVICENTRO,CENTRO DE SERVICIOS,COPIAS,BLANCO Y NEGRO,13,679.05,144,19,Opalina,Carta,Opalina Carta,33349
2025,11,33435,COPIA-IMP B&N OPALIN CART 1-50,SERVICENTRO,CENTRO DE SERVICIOS,COPIAS,BLANCO Y NEGRO,28,2832.01,604,69,Opalina,Carta,Opalina Carta,33349
2024,3,33435,COPIA-IMP B&N OPALIN CART 1-50,SERVICENTRO,CENTRO DE SERVICIOS,COPIAS,BLANCO Y NEGRO,13,730.45,166,15,Opalina,Carta,Opalina Carta,33349
2026,3,33435,COPIA-IMP B&N OPALIN CART 1-50,SERVICENTRO,CENTRO DE SERVICIOS,COPIAS,BLANCO Y NEGRO,13,222.82,47,16,Opalina,Carta,Opalina Carta,33349
2024,4,33435,COPIA-IMP B&N OPALIN CART 1-50,SERVICENTRO,CENTRO DE SERVICIOS,COPIAS,BLANCO Y NEGRO,28,2199.0369,494,67,Opalina,Carta,Opalina Carta,33349
2024,7,33435,COPIA-IMP B&N OPALIN CART 1-50,SERVICENTRO,CENTRO DE SERVICIOS,COPIAS,BLANCO Y NEGRO,19,393.52,83,16,Opalina,Carta,Opalina Carta,33349
2025,1,33436,COP-IMP BN OPALINA CART 51-100,SERVICENTRO,CENTRO DE SERVICIOS,COPIAS,BLANCO Y NEGRO,13,6.34,2,1,Opalina,Carta,Opalina Carta,33349
2025,12,33436,COP-IMP BN OPALINA CART 51-100,SERVICENTRO,CENTRO DE SERVICIOS,COPIAS,BLANCO Y NEGRO,28,485.78,115,1,Opalina,Carta,Opalina Carta,33349
2025,12,33435,COPIA-IMP B&N OPALIN CART 1-50,SERVICENTRO,CENTRO DE SERVICIOS,COPIAS,BLANCO Y NEGRO,28,1456.6656,308,59,Opalina,Carta,Opalina Carta,33349
2025,3,33436,COP-IMP BN OPALINA CART 51-100,SERVICENTRO,CENTRO DE SERVICIOS,COPIAS,BLANCO Y NEGRO,28,287.44,91,2,Opalina,Carta,Opalina Carta,33349
2026,2,33435,COPIA-IMP B&N OPALIN CART 1-50,SERVICENTRO,CENTRO DE SERVICIOS,COPIAS,BLANCO Y NEGRO,19,777.54,164,34,Opalina,Carta,Opalina Carta,33349
2026,2,33435,COPIA-IMP B&N OPALIN CART 1-50,SERVICENTRO,CENTRO DE SERVICIOS,COPIAS,BLANCO Y NEGRO,28,1559.8411,329,65,Opalina,Carta,Opalina Carta,33349
2024,12,33435,COPIA-IMP B&N OPALIN CART 1-50,SERVICENTRO,CENTRO DE SERVICIOS,COPIAS,BLANCO Y NEGRO,19,499.01,110,16,Opalina,Carta,Opalina Carta,33349
2024,4,33436,COP-IMP BN OPALINA CART 51-100,SERVICENTRO,CENTRO DE SERVICIOS,COPIAS,BLANCO Y NEGRO,28,591.39,140,3,Opalina,Carta,Opalina Carta,33349
2024,9,33435,COPIA-IMP B&N OPALIN CART 1-50,SERVICENTRO,CENTRO DE SERVICIOS,COPIAS,BLANCO Y NEGRO,13,324.74,72,19,Opalina,Carta,Opalina Carta,33349
2024,3,33435,COPIA-IMP B&N OPALIN CART 1-50,SERVICENTRO,CENTRO DE SERVICIOS,COPIAS,BLANCO Y NEGRO,19,325.95,75,15,Opalina,Carta,Opalina Carta,33349
2026,3,33436,COP-IMP BN OPALINA CART 51-100,SERVICENTRO,CENTRO DE SERVICIOS,COPIAS,BLANCO Y NEGRO,19,346.38,82,1,Opalina,Carta,Opalina Carta,33349
2024,5,33435,COPIA-IMP B&N OPALIN CART 1-50,SERVICENTRO,CENTRO DE SERVICIOS,COPIAS,BLANCO Y NEGRO,13,156.45,36,12,Opalina,Carta,Opalina Carta,33349
2024,7,33435,COPIA-IMP B&N OPALIN CART 1-50,SERVICENTRO,CENTRO DE SERVICIOS,COPIAS,BLANCO Y NEGRO,28,1581.51,348,51,Opalina,Carta,Opalina Carta,33349
2025,3,33435,COPIA-IMP B&N OPALIN CART 1-50,SERVICENTRO,CENTRO DE SERVICIOS,COPIAS,BLANCO Y NEGRO,28,1866.81,414,72,Opalina,Carta,Opalina Carta,33349
2025,7,33435,COPIA-IMP B&N OPALIN CART 1-50,SERVICENTRO,CENTRO DE SERVICIOS,COPIAS,BLANCO Y NEGRO,28,3105.55,662,64,Opalina,Carta,Opalina Carta,33349
2024,11,33435,COPIA-IMP B&N OPALIN CART 1-50,SERVICENTRO,CENTRO DE SERVICIOS,COPIAS,BLANCO Y NEGRO,13,507.28,112,17,Opalina,Carta,Opalina Carta,33349
2025,6,33436,COP-IMP BN OPALINA CART 51-100,SERVICENTRO,CENTRO DE SERVICIOS,COPIAS,BLANCO Y NEGRO,28,285.13,90,1,Opalina,Carta,Opalina Carta,33349
2025,3,33435,COPIA-IMP B&N OPALIN CART 1-50,SERVICENTRO,CENTRO DE SERVICIOS,COPIAS,BLANCO Y NEGRO,19,783.49,167,20,Opalina,Carta,Opalina Carta,33349
2025,11,33436,COP-IMP BN OPALINA CART 51-100,SERVICENTRO,CENTRO DE SERVICIOS,COPIAS,BLANCO Y NEGRO,28,291.47,69,2,Opalina,Carta,Opalina Carta,33349
2024,8,33435,COPIA-IMP B&N OPALIN CART 1-50,SERVICENTRO,CENTRO DE SERVICIOS,COPIAS,BLANCO Y NEGRO,28,1845.1002,418,63,Opalina,Carta,Opalina Carta,33349
2026,3,33435,COPIA-IMP B&N OPALIN CART 1-50,SERVICENTRO,CENTRO DE SERVICIOS,COPIAS,BLANCO Y NEGRO,19,574.76,136,22,Opalina,Carta,Opalina Carta,33349
2025,9,33435,COPIA-IMP B&N OPALIN CART 1-50,SERVICENTRO,CENTRO DE SERVICIOS,COPIAS,BLANCO Y NEGRO,19,416.77,97,28,Opalina,Carta,Opalina Carta,33349
2024,5,33435,COPIA-IMP B&N OPALIN CART 1-50,SERVICENTRO,CENTRO DE SERVICIOS,COPIAS,BLANCO Y NEGRO,28,2623.0328,570,86,Opalina,Carta,Opalina Carta,33349
2024,2,33436,COP-IMP BN OPALINA CART 51-100,SERVICENTRO,CENTRO DE SERVICIOS,COPIAS,BLANCO Y NEGRO,19,236.55,56,1,Opalina,Carta,Opalina Carta,33349
2025,7,33436,COP-IMP BN OPALINA CART 51-100,SERVICENTRO,CENTRO DE SERVICIOS,COPIAS,BLANCO Y NEGRO,28,760.35,180,4,Opalina,Carta,Opalina Carta,33349
2025,2,33436,COP-IMP BN OPALINA CART 51-100,SERVICENTRO,CENTRO DE SERVICIOS,COPIAS,BLANCO Y NEGRO,28,333.71,79,1,Opalina,Carta,Opalina Carta,33349
2024,11,33435,COPIA-IMP B&N OPALIN CART 1-50,SERVICENTRO,CENTRO DE SERVICIOS,COPIAS,BLANCO Y NEGRO,19,308.16,67,17,Opalina,Carta,Opalina Carta,33349
2025,6,33435,COPIA-IMP B&N OPALIN CART 1-50,SERVICENTRO,CENTRO DE SERVICIOS,COPIAS,BLANCO Y NEGRO,13,570.12,126,23,Opalina,Carta,Opalina Carta,33349
2025,6,33435,COPIA-IMP B&N OPALIN CART 1-50,SERVICENTRO,CENTRO DE SERVICIOS,COPIAS,BLANCO Y NEGRO,19,323.59,73,18,Opalina,Carta,Opalina Carta,33349
2025,10,33435,COPIA-IMP B&N OPALIN CART 1-50,SERVICENTRO,CENTRO DE SERVICIOS,COPIAS,BLANCO Y NEGRO,19,1427.11,301,36,Opalina,Carta,Opalina Carta,33349
2025,2,33435,COPIA-IMP B&N OPALIN CART 1-50,SERVICENTRO,CENTRO DE SERVICIOS,COPIAS,BLANCO Y NEGRO,28,1910.2314,422,67,Opalina,Carta,Opalina Carta,33349
2025,8,33436,COP-IMP BN OPALINA CART 51-100,SERVICENTRO,CENTRO DE SERVICIOS,COPIAS,BLANCO Y NEGRO,13,253.45,60,1,Opalina,Carta,Opalina Carta,33349
2025,5,33435,COPIA-IMP B&N OPALIN CART 1-50,SERVICENTRO,CENTRO DE SERVICIOS,COPIAS,BLANCO Y NEGRO,13,126.81,29,11,Opalina,Carta,Opalina Carta,33349
2024,3,33436,COP-IMP BN OPALINA CART 51-100,SERVICENTRO,CENTRO DE SERVICIOS,COPIAS,BLANCO Y NEGRO,28,430.87,117,2,Opalina,Carta,Opalina Carta,33349
2024,8,33435,COPIA-IMP B&N OPALIN CART 1-50,SERVICENTRO,CENTRO DE SERVICIOS,COPIAS,BLANCO Y NEGRO,13,669.69,153,23,Opalina,Carta,Opalina Carta,33349
2025,1,33436,COP-IMP BN OPALINA CART 51-100,SERVICENTRO,CENTRO DE SERVICIOS,COPIAS,BLANCO Y NEGRO,28,253.45,60,1,Opalina,Carta,Opalina Carta,33349
2025,1,33435,COPIA-IMP B&N OPALIN CART 1-50,SERVICENTRO,CENTRO DE SERVICIOS,COPIAS,BLANCO Y NEGRO,28,2602.94,580,68,Opalina,Carta,Opalina Carta,33349
2025,8,33435,COPIA-IMP B&N OPALIN CART 1-50,SERVICENTRO,CENTRO DE SERVICIOS,COPIAS,BLANCO Y NEGRO,19,1088.68,231,20,Opalina,Carta,Opalina Carta,33349
2024,2,33435,COPIA-IMP B&N OPALIN CART 1-50,SERVICENTRO,CENTRO DE SERVICIOS,COPIAS,BLANCO Y NEGRO,13,304.61,72,10,Opalina,Carta,Opalina Carta,33349
2025,10,33436,COP-IMP BN OPALINA CART 51-100,SERVICENTRO,CENTRO DE SERVICIOS,COPIAS,BLANCO Y NEGRO,28,54.91,13,2,Opalina,Carta,Opalina Carta,33349
2025,5,33435,COPIA-IMP B&N OPALIN CART 1-50,SERVICENTRO,CENTRO DE SERVICIOS,COPIAS,BLANCO Y NEGRO,28,1467.3369,335,57,Opalina,Carta,Opalina Carta,33349
2024,3,33435,COPIA-IMP B&N OPALIN CART 1-50,SERVICENTRO,CENTRO DE SERVICIOS,COPIAS,BLANCO Y NEGRO,28,1890.51,418,57,Opalina,Carta,Opalina Carta,33349
2025,4,33435,COPIA-IMP B&N OPALIN CART 1-50,SERVICENTRO,CENTRO DE SERVICIOS,COPIAS,BLANCO Y NEGRO,13,436.21,92,12,Opalina,Carta,Opalina Carta,33349
2024,7,33436,COP-IMP BN OPALINA CART 51-100,SERVICENTRO,CENTRO DE SERVICIOS,COPIAS,BLANCO Y NEGRO,28,194.31,61,2,Opalina,Carta,Opalina Carta,33349
2025,8,33436,COP-IMP BN OPALINA CART 51-100,SERVICENTRO,CENTRO DE SERVICIOS,COPIAS,BLANCO Y NEGRO,28,270.34,64,1,Opalina,Carta,Opalina Carta,33349
2025,8,33435,COPIA-IMP B&N OPALIN CART 1-50,SERVICENTRO,CENTRO DE SERVICIOS,COPIAS,BLANCO Y NEGRO,13,491.57,105,26,Opalina,Carta,Opalina Carta,33349
2026,2,33435,COPIA-IMP B&N OPALIN CART 1-50,SERVICENTRO,CENTRO DE SERVICIOS,COPIAS,BLANCO Y NEGRO,13,218.09,46,15,Opalina,Carta,Opalina Carta,33349
2024,6,33436,COP-IMP BN OPALINA CART 51-100,SERVICENTRO,CENTRO DE SERVICIOS,COPIAS,BLANCO Y NEGRO,13,422.41,100,1,Opalina,Carta,Opalina Carta,33349
2025,12,33435,COPIA-IMP B&N OPALIN CART 1-50,SERVICENTRO,CENTRO DE SERVICIOS,COPIAS,BLANCO Y NEGRO,13,369.81,78,18,Opalina,Carta,Opalina Carta,33349
2025,10,33435,COPIA-IMP B&N OPALIN CART 1-50,SERVICENTRO,CENTRO DE SERVICIOS,COPIAS,BLANCO Y NEGRO,13,459.89,97,22,Opalina,Carta,Opalina Carta,33349
2024,12,33435,COPIA-IMP B&N OPALIN CART 1-50,SERVICENTRO,CENTRO DE SERVICIOS,COPIAS,BLANCO Y NEGRO,13,287.99,69,22,Opalina,Carta,Opalina Carta,33349
2025,11,33435,COPIA-IMP B&N OPALIN CART 1-50,SERVICENTRO,CENTRO DE SERVICIOS,COPIAS,BLANCO Y NEGRO,13,507.3,107,27,Opalina,Carta,Opalina Carta,33349
2025,2,33435,COPIA-IMP B&N OPALIN CART 1-50,SERVICENTRO,CENTRO DE SERVICIOS,COPIAS,BLANCO Y NEGRO,19,1203.12,277,32,Opalina,Carta,Opalina Carta,33349
2025,3,33447,COP-IMP OPALINA CTA COL 51-100H,SERVICENTRO,CENTRO DE SERVICIOS,COPIAS,COLOR,13,1200,87,1,Opalina,Carta,Opalina Carta,33349
2024,3,33448,COP-IMP OPALINA CTA COL 101H+,SERVICENTRO,CENTRO DE SERVICIOS,COPIAS,COLOR,28,13455.15,1033,5,Opalina,Carta,Opalina Carta,33349
2026,3,100277816,COP-IMP OPALINA CTA COL 26-50H,SERVICENTRO,CENTRO DE SERVICIOS,COPIAS,COLOR,13,2317.07,151,4,Opalina,Carta,Opalina Carta,33349
2025,5,33446,COP-IMP OPALINA CTA COL 1-50H,SERVICENTRO,CENTRO DE SERVICIOS,COPIAS,COLOR,13,12540.2604,896,180,Opalina,Carta,Opalina Carta,33349
2024,5,33446,COP-IMP OPALINA CTA COL 1-50H,SERVICENTRO,CENTRO DE SERVICIOS,COPIAS,COLOR,28,40593.5874,2818,441,Opalina,Carta,Opalina Carta,33349
2024,5,33448,COP-IMP OPALINA CTA COL 101H+,SERVICENTRO,CENTRO DE SERVICIOS,COPIAS,COLOR,28,20226.8311,1514,6,Opalina,Carta,Opalina Carta,33349
2025,8,33447,COP-IMP OPALINA CTA COL 51-100H,SERVICENTRO,CENTRO DE SERVICIOS,COPIAS,COLOR,28,2579.32,187,3,Opalina,Carta,Opalina Carta,33349
2024,1,33447,COP-IMP OPALINA CTA COL 51-100H,SERVICENTRO,CENTRO DE SERVICIOS,COPIAS,COLOR,19,1931.04,140,2,Opalina,Carta,Opalina Carta,33349
2024,8,33446,COP-IMP OPALINA CTA COL 1-50H,SERVICENTRO,CENTRO DE SERVICIOS,COPIAS,COLOR,13,15192.34,1069,204,Opalina,Carta,Opalina Carta,33349
2025,7,33446,COP-IMP OPALINA CTA COL 1-50H,SERVICENTRO,CENTRO DE SERVICIOS,COPIAS,COLOR,28,40443.2191,2755,440,Opalina,Carta,Opalina Carta,33349
2026,1,100277808,COP-IMP OPALINA CTA COL 1-25H,SERVICENTRO,CENTRO DE SERVICIOS,COPIAS,COLOR,13,5772.65,373,77,Opalina,Carta,Opalina Carta,33349
2024,12,33447,COP-IMP OPALINA CTA COL 51-100H,SERVICENTRO,CENTRO DE SERVICIOS,COPIAS,COLOR,28,5903.44,468,6,Opalina,Carta,Opalina Carta,33349
2024,11,33447,COP-IMP OPALINA CTA COL 51-100H,SERVICENTRO,CENTRO DE SERVICIOS,COPIAS,COLOR,28,5499.62,409,5,Opalina,Carta,Opalina Carta,33349
2024,11,33446,COP-IMP OPALINA CTA COL 1-50H,SERVICENTRO,CENTRO DE SERVICIOS,COPIAS,COLOR,19,10822.08,760,129,Opalina,Carta,Opalina Carta,33349
2024,2,33446,COP-IMP OPALINA CTA COL 1-50H,SERVICENTRO,CENTRO DE SERVICIOS,COPIAS,COLOR,28,33796.5473,2317,429,Opalina,Carta,Opalina Carta,33349
2025,6,33448,COP-IMP OPALINA CTA COL 101H+,SERVICENTRO,CENTRO DE SERVICIOS,COPIAS,COLOR,28,6408.36,511,2,Opalina,Carta,Opalina Carta,33349
2025,12,33448,COP-IMP OPALINA CTA COL 101H+,SERVICENTRO,CENTRO DE SERVICIOS,COPIAS,COLOR,28,10008.19,749,5,Opalina,Carta,Opalina Carta,33349
2025,11,33447,COP-IMP OPALINA CTA COL 51-100H,SERVICENTRO,CENTRO DE SERVICIOS,COPIAS,COLOR,19,4496.55,326,4,Opalina,Carta,Opalina Carta,33349
2025,11,33447,COP-IMP OPALINA CTA COL 51-100H,SERVICENTRO,CENTRO DE SERVICIOS,COPIAS,COLOR,28,5434.5,394,7,Opalina,Carta,Opalina Carta,33349
2025,12,33446,COP-IMP OPALINA CTA COL 1-50H,SERVICENTRO,CENTRO DE SERVICIOS,COPIAS,COLOR,28,63071.0574,4207,651,Opalina,Carta,Opalina Carta,33349
2024,2,33447,COP-IMP OPALINA CTA COL 51-100H,SERVICENTRO,CENTRO DE SERVICIOS,COPIAS,COLOR,28,10803.83,867,14,Opalina,Carta,Opalina Carta,33349
2025,9,33446,COP-IMP OPALINA CTA COL 1-50H,SERVICENTRO,CENTRO DE SERVICIOS,COPIAS,COLOR,13,9551.28,667,146,Opalina,Carta,Opalina Carta,33349
2024,12,33448,COP-IMP OPALINA CTA COL 101H+,SERVICENTRO,CENTRO DE SERVICIOS,COPIAS,COLOR,13,1312.82,131,1,Opalina,Carta,Opalina Carta,33349
2025,1,33446,COP-IMP OPALINA CTA COL 1-50H,SERVICENTRO,CENTRO DE SERVICIOS,COPIAS,COLOR,19,6415.59,433,95,Opalina,Carta,Opalina Carta,33349
2024,9,33448,COP-IMP OPALINA CTA COL 101H+,SERVICENTRO,CENTRO DE SERVICIOS,COPIAS,COLOR,19,3748.06,374,1,Opalina,Carta,Opalina Carta,33349
2024,9,33446,COP-IMP OPALINA CTA COL 1-50H,SERVICENTRO,CENTRO DE SERVICIOS,COPIAS,COLOR,13,8588.91,622,135,Opalina,Carta,Opalina Carta,33349
2025,3,33447,COP-IMP OPALINA CTA COL 51-100H,SERVICENTRO,CENTRO DE SERVICIOS,COPIAS,COLOR,28,4586.21,352,6,Opalina,Carta,Opalina Carta,33349
2026,3,100277808,COP-IMP OPALINA CTA COL 1-25H,SERVICENTRO,CENTRO DE SERVICIOS,COPIAS,COLOR,28,30909.28,2010,416,Opalina,Carta,Opalina Carta,33349
2026,3,33448,COP-IMP OPALINA CTA COL 101H+,SERVICENTRO,CENTRO DE SERVICIOS,COPIAS,COLOR,28,13562.49,1015,3,Opalina,Carta,Opalina Carta,33349
2025,9,33446,COP-IMP OPALINA CTA COL 1-50H,SERVICENTRO,CENTRO DE SERVICIOS,COPIAS,COLOR,28,38797.5317,2633,450,Opalina,Carta,Opalina Carta,33349
2024,8,33448,COP-IMP OPALINA CTA COL 101H+,SERVICENTRO,CENTRO DE SERVICIOS,COPIAS,COLOR,19,5211.2,390,2,Opalina,Carta,Opalina Carta,33349
2024,4,33446,COP-IMP OPALINA CTA COL 1-50H,SERVICENTRO,CENTRO DE SERVICIOS,COPIAS,COLOR,13,7387.19,559,126,Opalina,Carta,Opalina Carta,33349
2026,3,100277816,COP-IMP OPALINA CTA COL 26-50H,SERVICENTRO,CENTRO DE SERVICIOS,COPIAS,COLOR,28,10419.11,679,21,Opalina,Carta,Opalina Carta,33349
2025,5,33446,COP-IMP OPALINA CTA COL 1-50H,SERVICENTRO,CENTRO DE SERVICIOS,COPIAS,COLOR,28,29555.45,2131,384,Opalina,Carta,Opalina Carta,33349
2024,7,33447,COP-IMP OPALINA CTA COL 51-100H,SERVICENTRO,CENTRO DE SERVICIOS,COPIAS,COLOR,19,855.17,62,1,Opalina,Carta,Opalina Carta,33349
2024,5,33447,COP-IMP OPALINA CTA COL 51-100H,SERVICENTRO,CENTRO DE SERVICIOS,COPIAS,COLOR,19,717.24,52,1,Opalina,Carta,Opalina Carta,33349
2024,1,33446,COP-IMP OPALINA CTA COL 1-50H,SERVICENTRO,CENTRO DE SERVICIOS,COPIAS,COLOR,28,37135.1308,2590,427,Opalina,Carta,Opalina Carta,33349
2025,7,33447,COP-IMP OPALINA CTA COL 51-100H,SERVICENTRO,CENTRO DE SERVICIOS,COPIAS,COLOR,19,1820.68,132,2,Opalina,Carta,Opalina Carta,33349
2024,6,33447,COP-IMP OPALINA CTA COL 51-100H,SERVICENTRO,CENTRO DE SERVICIOS,COPIAS,COLOR,13,3613.8,262,4,Opalina,Carta,Opalina Carta,33349
2024,10,33448,COP-IMP OPALINA CTA COL 101H+,SERVICENTRO,CENTRO DE SERVICIOS,COPIAS,COLOR,28,18626.72,1595,3,Opalina,Carta,Opalina Carta,33349
2025,6,33447,COP-IMP OPALINA CTA COL 51-100H,SERVICENTRO,CENTRO DE SERVICIOS,COPIAS,COLOR,28,1589.65,131,3,Opalina,Carta,Opalina Carta,33349
2025,11,33448,COP-IMP OPALINA CTA COL 101H+,SERVICENTRO,CENTRO DE SERVICIOS,COPIAS,COLOR,19,8198.28,620,3,Opalina,Carta,Opalina Carta,33349
2025,10,33446,COP-IMP OPALINA CTA COL 1-50H,SERVICENTRO,CENTRO DE SERVICIOS,COPIAS,COLOR,28,45621.0087,3051,501,Opalina,Carta,Opalina Carta,33349
2024,1,33448,COP-IMP OPALINA CTA COL 101H+,SERVICENTRO,CENTRO DE SERVICIOS,COPIAS,COLOR,28,8271.12,647,5,Opalina,Carta,Opalina Carta,33349
2024,10,33447,COP-IMP OPALINA CTA COL 51-100H,SERVICENTRO,CENTRO DE SERVICIOS,COPIAS,COLOR,19,4151.72,301,4,Opalina,Carta,Opalina Carta,33349
2026,2,100277808,COP-IMP OPALINA CTA COL 1-25H,SERVICENTRO,CENTRO DE SERVICIOS,COPIAS,COLOR,19,8999.99,580,142,Opalina,Carta,Opalina Carta,33349
2025,2,33448,COP-IMP OPALINA CTA COL 101H+,SERVICENTRO,CENTRO DE SERVICIOS,COPIAS,COLOR,28,173.71,13,1,Opalina,Carta,Opalina Carta,33349
2025,8,33446,COP-IMP OPALINA CTA COL 1-50H,SERVICENTRO,CENTRO DE SERVICIOS,COPIAS,COLOR,19,4863.86,324,86,Opalina,Carta,Opalina Carta,33349
2025,8,33446,COP-IMP OPALINA CTA COL 1-50H,SERVICENTRO,CENTRO DE SERVICIOS,COPIAS,COLOR,28,42915.1563,2883,440,Opalina,Carta,Opalina Carta,33349
2025,3,33447,COP-IMP OPALINA CTA COL 51-100H,SERVICENTRO,CENTRO DE SERVICIOS,COPIAS,COLOR,19,965.52,70,1,Opalina,Carta,Opalina Carta,33349
2026,3,100277816,COP-IMP OPALINA CTA COL 26-50H,SERVICENTRO,CENTRO DE SERVICIOS,COPIAS,COLOR,19,1427.06,93,3,Opalina,Carta,Opalina Carta,33349
2024,4,33448,COP-IMP OPALINA CTA COL 101H+,SERVICENTRO,CENTRO DE SERVICIOS,COPIAS,COLOR,28,27459.05,2055,3,Opalina,Carta,Opalina Carta,33349
2024,4,33448,COP-IMP OPALINA CTA COL 101H+,SERVICENTRO,CENTRO DE SERVICIOS,COPIAS,COLOR,19,10.02,1,1,Opalina,Carta,Opalina Carta,33349
2024,5,33446,COP-IMP OPALINA CTA COL 1-50H,SERVICENTRO,CENTRO DE SERVICIOS,COPIAS,COLOR,19,7624.3125,528,119,Opalina,Carta,Opalina Carta,33349
2026,3,33447,COP-IMP OPALINA CTA COL 51-100H,SERVICENTRO,CENTRO DE SERVICIOS,COPIAS,COLOR,28,8497.86,625,9,Opalina,Carta,Opalina Carta,33349
2024,7,33446,COP-IMP OPALINA CTA COL 1-50H,SERVICENTRO,CENTRO DE SERVICIOS,COPIAS,COLOR,19,5036.64,364,58,Opalina,Carta,Opalina Carta,33349
2025,8,33447,COP-IMP OPALINA CTA COL 51-100H,SERVICENTRO,CENTRO DE SERVICIOS,COPIAS,COLOR,13,1544.83,112,1,Opalina,Carta,Opalina Carta,33349
2024,8,33447,COP-IMP OPALINA CTA COL 51-100H,SERVICENTRO,CENTRO DE SERVICIOS,COPIAS,COLOR,28,10835.3432,825,12,Opalina,Carta,Opalina Carta,33349
2024,6,33446,COP-IMP OPALINA CTA COL 1-50H,SERVICENTRO,CENTRO DE SERVICIOS,COPIAS,COLOR,28,26736.44,1880,319,Opalina,Carta,Opalina Carta,33349
2025,3,33446,COP-IMP OPALINA CTA COL 1-50H,SERVICENTRO,CENTRO DE SERVICIOS,COPIAS,COLOR,28,39359.6347,2764,415,Opalina,Carta,Opalina Carta,33349
2024,2,33447,COP-IMP OPALINA CTA COL 51-100H,SERVICENTRO,CENTRO DE SERVICIOS,COPIAS,COLOR,13,51.72,4,2,Opalina,Carta,Opalina Carta,33349
2024,12,33447,COP-IMP OPALINA CTA COL 51-100H,SERVICENTRO,CENTRO DE SERVICIOS,COPIAS,COLOR,13,2616.83,195,3,Opalina,Carta,Opalina Carta,33349
2026,2,100277816,COP-IMP OPALINA CTA COL 26-50H,SERVICENTRO,CENTRO DE SERVICIOS,COPIAS,COLOR,28,9130.15,595,17,Opalina,Carta,Opalina Carta,33349
2026,2,33447,COP-IMP OPALINA CTA COL 51-100H,SERVICENTRO,CENTRO DE SERVICIOS,COPIAS,COLOR,19,1379.31,100,1,Opalina,Carta,Opalina Carta,33349
2026,1,33448,COP-IMP OPALINA CTA COL 101H+,SERVICENTRO,CENTRO DE SERVICIOS,COPIAS,COLOR,28,16515.52,1236,6,Opalina,Carta,Opalina Carta,33349
2026,1,100277808,COP-IMP OPALINA CTA COL 1-25H,SERVICENTRO,CENTRO DE SERVICIOS,COPIAS,COLOR,28,18989.76,1231,249,Opalina,Carta,Opalina Carta,33349
2024,10,33446,COP-IMP OPALINA CTA COL 1-50H,SERVICENTRO,CENTRO DE SERVICIOS,COPIAS,COLOR,19,9934.145,684,131,Opalina,Carta,Opalina Carta,33349
2025,10,33446,COP-IMP OPALINA CTA COL 1-50H,SERVICENTRO,CENTRO DE SERVICIOS,COPIAS,COLOR,13,12094.9111,831,170,Opalina,Carta,Opalina Carta,33349
2025,10,100277808,COP-IMP OPALINA CTA COL 1-25H,SERVICENTRO,CENTRO DE SERVICIOS,COPIAS,COLOR,19,822.43,53,14,Opalina,Carta,Opalina Carta,33349
2026,2,33447,COP-IMP OPALINA CTA COL 51-100H,SERVICENTRO,CENTRO DE SERVICIOS,COPIAS,COLOR,28,7201.29,528,7,Opalina,Carta,Opalina Carta,33349
2025,1,33447,COP-IMP OPALINA CTA COL 51-100H,SERVICENTRO,CENTRO DE SERVICIOS,COPIAS,COLOR,19,953.38,96,1,Opalina,Carta,Opalina Carta,33349
2024,3,33447,COP-IMP OPALINA CTA COL 51-100H,SERVICENTRO,CENTRO DE SERVICIOS,COPIAS,COLOR,13,724.14,70,1,Opalina,Carta,Opalina Carta,33349
2026,3,100277808,COP-IMP OPALINA CTA COL 1-25H,SERVICENTRO,CENTRO DE SERVICIOS,COPIAS,COLOR,13,8488.23,548,133,Opalina,Carta,Opalina Carta,33349
2026,3,33447,COP-IMP OPALINA CTA COL 51-100H,SERVICENTRO,CENTRO DE SERVICIOS,COPIAS,COLOR,13,2248.28,163,2,Opalina,Carta,Opalina Carta,33349
2024,1,33446,COP-IMP OPALINA CTA COL 1-50H,SERVICENTRO,CENTRO DE SERVICIOS,COPIAS,COLOR,19,8656.69,633,122,Opalina,Carta,Opalina Carta,33349
2024,4,33446,COP-IMP OPALINA CTA COL 1-50H,SERVICENTRO,CENTRO DE SERVICIOS,COPIAS,COLOR,19,8516.17,588,96,Opalina,Carta,Opalina Carta,33349
2025,4,33448,COP-IMP OPALINA CTA COL 101H+,SERVICENTRO,CENTRO DE SERVICIOS,COPIAS,COLOR,28,2979.74,223,2,Opalina,Carta,Opalina Carta,33349
2024,4,33446,COP-IMP OPALINA CTA COL 1-50H,SERVICENTRO,CENTRO DE SERVICIOS,COPIAS,COLOR,28,32119.7695,2287,416,Opalina,Carta,Opalina Carta,33349
2025,1,33446,COP-IMP OPALINA CTA COL 1-50H,SERVICENTRO,CENTRO DE SERVICIOS,COPIAS,COLOR,13,12467.07,892,215,Opalina,Carta,Opalina Carta,33349
2024,7,33446,COP-IMP OPALINA CTA COL 1-50H,SERVICENTRO,CENTRO DE SERVICIOS,COPIAS,COLOR,28,33351.3158,2318,403,Opalina,Carta,Opalina Carta,33349
2024,7,33446,COP-IMP OPALINA CTA COL 1-50H,SERVICENTRO,CENTRO DE SERVICIOS,COPIAS,COLOR,13,8850.19,663,153,Opalina,Carta,Opalina Carta,33349
2024,9,33447,COP-IMP OPALINA CTA COL 51-100H,SERVICENTRO,CENTRO DE SERVICIOS,COPIAS,COLOR,28,6013.8,456,7,Opalina,Carta,Opalina Carta,33349
2025,3,33448,COP-IMP OPALINA CTA COL 101H+,SERVICENTRO,CENTRO DE SERVICIOS,COPIAS,COLOR,28,5648.81,459,3,Opalina,Carta,Opalina Carta,33349
2026,1,100277816,COP-IMP OPALINA CTA COL 26-50H,SERVICENTRO,CENTRO DE SERVICIOS,COPIAS,COLOR,13,1012.76,66,2,Opalina,Carta,Opalina Carta,33349
2026,1,33446,COP-IMP OPALINA CTA COL 1-50H,SERVICENTRO,CENTRO DE SERVICIOS,COPIAS,COLOR,28,16538.1487,1100,186,Opalina,Carta,Opalina Carta,33349
2025,7,33446,COP-IMP OPALINA CTA COL 1-50H,SERVICENTRO,CENTRO DE SERVICIOS,COPIAS,COLOR,19,6084.67,420,97,Opalina,Carta,Opalina Carta,33349
2026,1,100277816,COP-IMP OPALINA CTA COL 26-50H,SERVICENTRO,CENTRO DE SERVICIOS,COPIAS,COLOR,19,2900.18,189,6,Opalina,Carta,Opalina Carta,33349
2026,1,100277808,COP-IMP OPALINA CTA COL 1-25H,SERVICENTRO,CENTRO DE SERVICIOS,COPIAS,COLOR,19,7556.88,487,131,Opalina,Carta,Opalina Carta,33349
2026,1,33447,COP-IMP OPALINA CTA COL 51-100H,SERVICENTRO,CENTRO DE SERVICIOS,COPIAS,COLOR,19,882.76,64,1,Opalina,Carta,Opalina Carta,33349
2025,6,33446,COP-IMP OPALINA CTA COL 1-50H,SERVICENTRO,CENTRO DE SERVICIOS,COPIAS,COLOR,13,13050.75,971,221,Opalina,Carta,Opalina Carta,33349
2025,12,100277816,COP-IMP OPALINA CTA COL 26-50H,SERVICENTRO,CENTRO DE SERVICIOS,COPIAS,COLOR,19,5585.52,364,9,Opalina,Carta,Opalina Carta,33349
2025,12,33447,COP-IMP OPALINA CTA COL 51-100H,SERVICENTRO,CENTRO DE SERVICIOS,COPIAS,COLOR,28,5696.54,413,7,Opalina,Carta,Opalina Carta,33349
2024,6,33448,COP-IMP OPALINA CTA COL 101H+,SERVICENTRO,CENTRO DE SERVICIOS,COPIAS,COLOR,13,2405.17,180,1,Opalina,Carta,Opalina Carta,33349
2024,10,33448,COP-IMP OPALINA CTA COL 101H+,SERVICENTRO,CENTRO DE SERVICIOS,COPIAS,COLOR,19,7055.18,528,4,Opalina,Carta,Opalina Carta,33349
2025,6,33446,COP-IMP OPALINA CTA COL 1-50H,SERVICENTRO,CENTRO DE SERVICIOS,COPIAS,COLOR,28,31285.7978,2234,340,Opalina,Carta,Opalina Carta,33349
2025,9,33448,COP-IMP OPALINA CTA COL 101H+,SERVICENTRO,CENTRO DE SERVICIOS,COPIAS,COLOR,19,2004.31,150,1,Opalina,Carta,Opalina Carta,33349
2025,2,33446,COP-IMP OPALINA CTA COL 1-50H,SERVICENTRO,CENTRO DE SERVICIOS,COPIAS,COLOR,19,5081.4475,362,83,Opalina,Carta,Opalina Carta,33349
2025,5,33446,COP-IMP OPALINA CTA COL 1-50H,SERVICENTRO,CENTRO DE SERVICIOS,COPIAS,COLOR,19,10188.01,699,129,Opalina,Carta,Opalina Carta,33349
2025,5,33448,COP-IMP OPALINA CTA COL 101H+,SERVICENTRO,CENTRO DE SERVICIOS,COPIAS,COLOR,28,1670.26,125,1,Opalina,Carta,Opalina Carta,33349
2025,9,33448,COP-IMP OPALINA CTA COL 101H+,SERVICENTRO,CENTRO DE SERVICIOS,COPIAS,COLOR,28,12520.27,937,5,Opalina,Carta,Opalina Carta,33349
2024,5,33447,COP-IMP OPALINA CTA COL 51-100H,SERVICENTRO,CENTRO DE SERVICIOS,COPIAS,COLOR,28,5765.52,418,7,Opalina,Carta,Opalina Carta,33349
2026,3,100277808,COP-IMP OPALINA CTA COL 1-25H,SERVICENTRO,CENTRO DE SERVICIOS,COPIAS,COLOR,19,10318.92,665,159,Opalina,Carta,Opalina Carta,33349
2024,7,33448,COP-IMP OPALINA CTA COL 101H+,SERVICENTRO,CENTRO DE SERVICIOS,COPIAS,COLOR,28,19842.684,1485,7,Opalina,Carta,Opalina Carta,33349
2024,6,33448,COP-IMP OPALINA CTA COL 101H+,SERVICENTRO,CENTRO DE SERVICIOS,COPIAS,COLOR,28,4409.48,330,2,Opalina,Carta,Opalina Carta,33349
2025,7,33448,COP-IMP OPALINA CTA COL 101H+,SERVICENTRO,CENTRO DE SERVICIOS,COPIAS,COLOR,28,10325.5,878,4,Opalina,Carta,Opalina Carta,33349
2024,9,33446,COP-IMP OPALINA CTA COL 1-50H,SERVICENTRO,CENTRO DE SERVICIOS,COPIAS,COLOR,19,6380.75,455,89,Opalina,Carta,Opalina Carta,33349
2026,1,33448,COP-IMP OPALINA CTA COL 101H+,SERVICENTRO,CENTRO DE SERVICIOS,COPIAS,COLOR,19,4663.36,349,2,Opalina,Carta,Opalina Carta,33349
2024,6,33447,COP-IMP OPALINA CTA COL 51-100H,SERVICENTRO,CENTRO DE SERVICIOS,COPIAS,COLOR,19,2055.17,149,2,Opalina,Carta,Opalina Carta,33349
2025,12,100277808,COP-IMP OPALINA CTA COL 1-25H,SERVICENTRO,CENTRO DE SERVICIOS,COPIAS,COLOR,19,10970.75,707,184,Opalina,Carta,Opalina Carta,33349
2025,12,33447,COP-IMP OPALINA CTA COL 51-100H,SERVICENTRO,CENTRO DE SERVICIOS,COPIAS,COLOR,19,2758.62,200,2,Opalina,Carta,Opalina Carta,33349
2024,1,33446,COP-IMP OPALINA CTA COL 1-50H,SERVICENTRO,CENTRO DE SERVICIOS,COPIAS,COLOR,13,5419.47,380,74,Opalina,Carta,Opalina Carta,33349
2024,2,33446,COP-IMP OPALINA CTA COL 1-50H,SERVICENTRO,CENTRO DE SERVICIOS,COPIAS,COLOR,13,9139.09,674,148,Opalina,Carta,Opalina Carta,33349
2024,10,33448,COP-IMP OPALINA CTA COL 101H+,SERVICENTRO,CENTRO DE SERVICIOS,COPIAS,COLOR,13,1563.36,156,1,Opalina,Carta,Opalina Carta,33349
2024,11,33446,COP-IMP OPALINA CTA COL 1-50H,SERVICENTRO,CENTRO DE SERVICIOS,COPIAS,COLOR,13,11856.28,873,168,Opalina,Carta,Opalina Carta,33349
2025,6,33447,COP-IMP OPALINA CTA COL 51-100H,SERVICENTRO,CENTRO DE SERVICIOS,COPIAS,COLOR,19,1020.69,74,1,Opalina,Carta,Opalina Carta,33349
2024,12,33448,COP-IMP OPALINA CTA COL 101H+,SERVICENTRO,CENTRO DE SERVICIOS,COPIAS,COLOR,19,2725.86,204,1,Opalina,Carta,Opalina Carta,33349
2025,11,33448,COP-IMP OPALINA CTA COL 101H+,SERVICENTRO,CENTRO DE SERVICIOS,COPIAS,COLOR,28,6574.13,492,2,Opalina,Carta,Opalina Carta,33349
2025,1,33447,COP-IMP OPALINA CTA COL 51-100H,SERVICENTRO,CENTRO DE SERVICIOS,COPIAS,COLOR,28,5644.83,447,7,Opalina,Carta,Opalina Carta,33349
2024,3,33446,COP-IMP OPALINA CTA COL 1-50H,SERVICENTRO,CENTRO DE SERVICIOS,COPIAS,COLOR,13,6713.83,519,116,Opalina,Carta,Opalina Carta,33349
2025,4,33446,COP-IMP OPALINA CTA COL 1-50H,SERVICENTRO,CENTRO DE SERVICIOS,COPIAS,COLOR,28,33104.8649,2295,379,Opalina,Carta,Opalina Carta,33349
2024,4,33447,COP-IMP OPALINA CTA COL 51-100H,SERVICENTRO,CENTRO DE SERVICIOS,COPIAS,COLOR,19,703.45,51,1,Opalina,Carta,Opalina Carta,33349
2025,4,33446,COP-IMP OPALINA CTA COL 1-50H,SERVICENTRO,CENTRO DE SERVICIOS,COPIAS,COLOR,13,8147.06,615,123,Opalina,Carta,Opalina Carta,33349
2025,3,33446,COP-IMP OPALINA CTA COL 1-50H,SERVICENTRO,CENTRO DE SERVICIOS,COPIAS,COLOR,13,14534.53,1052,175,Opalina,Carta,Opalina Carta,33349
2024,1,33447,COP-IMP OPALINA CTA COL 51-100H,SERVICENTRO,CENTRO DE SERVICIOS,COPIAS,COLOR,13,806.9,78,1,Opalina,Carta,Opalina Carta,33349
2025,9,33446,COP-IMP OPALINA CTA COL 1-50H,SERVICENTRO,CENTRO DE SERVICIOS,COPIAS,COLOR,19,10167.8,677,139,Opalina,Carta,Opalina Carta,33349
2024,8,33446,COP-IMP OPALINA CTA COL 1-50H,SERVICENTRO,CENTRO DE SERVICIOS,COPIAS,COLOR,28,40571.42,2898,436,Opalina,Carta,Opalina Carta,33349
2025,8,33448,COP-IMP OPALINA CTA COL 101H+,SERVICENTRO,CENTRO DE SERVICIOS,COPIAS,COLOR,28,1658.72,139,1,Opalina,Carta,Opalina Carta,33349
2025,8,33446,COP-IMP OPALINA CTA COL 1-50H,SERVICENTRO,CENTRO DE SERVICIOS,COPIAS,COLOR,13,12137.7,860,176,Opalina,Carta,Opalina Carta,33349
2024,8,33448,COP-IMP OPALINA CTA COL 101H+,SERVICENTRO,CENTRO DE SERVICIOS,COPIAS,COLOR,28,8511.63,666,4,Opalina,Carta,Opalina Carta,33349
2024,6,33446,COP-IMP OPALINA CTA COL 1-50H,SERVICENTRO,CENTRO DE SERVICIOS,COPIAS,COLOR,19,5732.92,400,80,Opalina,Carta,Opalina Carta,33349
2025,3,33446,COP-IMP OPALINA CTA COL 1-50H,SERVICENTRO,CENTRO DE SERVICIOS,COPIAS,COLOR,19,8398.62,576,110,Opalina,Carta,Opalina Carta,33349
2026,1,100277816,COP-IMP OPALINA CTA COL 26-50H,SERVICENTRO,CENTRO DE SERVICIOS,COPIAS,COLOR,28,5315.67,353,10,Opalina,Carta,Opalina Carta,33349
2024,12,33446,COP-IMP OPALINA CTA COL 1-50H,SERVICENTRO,CENTRO DE SERVICIOS,COPIAS,COLOR,19,14996.25,1047,158,Opalina,Carta,Opalina Carta,33349
2024,12,33447,COP-IMP OPALINA CTA COL 51-100H,SERVICENTRO,CENTRO DE SERVICIOS,COPIAS,COLOR,19,717.24,52,1,Opalina,Carta,Opalina Carta,33349
2024,10,33446,COP-IMP OPALINA CTA COL 1-50H,SERVICENTRO,CENTRO DE SERVICIOS,COPIAS,COLOR,28,45057.33,3131,508,Opalina,Carta,Opalina Carta,33349
2024,11,33448,COP-IMP OPALINA CTA COL 101H+,SERVICENTRO,CENTRO DE SERVICIOS,COPIAS,COLOR,28,13395.01,1029,7,Opalina,Carta,Opalina Carta,33349
2025,12,33446,COP-IMP OPALINA CTA COL 1-50H,SERVICENTRO,CENTRO DE SERVICIOS,COPIAS,COLOR,13,10819.3421,737,140,Opalina,Carta,Opalina Carta,33349
2025,10,33448,COP-IMP OPALINA CTA COL 101H+,SERVICENTRO,CENTRO DE SERVICIOS,COPIAS,COLOR,13,1864.66,146,1,Opalina,Carta,Opalina Carta,33349
2025,10,33447,COP-IMP OPALINA CTA COL 51-100H,SERVICENTRO,CENTRO DE SERVICIOS,COPIAS,COLOR,13,965.52,70,1,Opalina,Carta,Opalina Carta,33349
2024,10,33447,COP-IMP OPALINA CTA COL 51-100H,SERVICENTRO,CENTRO DE SERVICIOS,COPIAS,COLOR,28,9696.56,728,11,Opalina,Carta,Opalina Carta,33349
2025,12,33447,COP-IMP OPALINA CTA COL 51-100H,SERVICENTRO,CENTRO DE SERVICIOS,COPIAS,COLOR,13,532.54,46,1,Opalina,Carta,Opalina Carta,33349
2024,11,33448,COP-IMP OPALINA CTA COL 101H+,SERVICENTRO,CENTRO DE SERVICIOS,COPIAS,COLOR,19,6841.38,512,3,Opalina,Carta,Opalina Carta,33349
2025,6,33448,COP-IMP OPALINA CTA COL 101H+,SERVICENTRO,CENTRO DE SERVICIOS,COPIAS,COLOR,13,2004.31,150,1,Opalina,Carta,Opalina Carta,33349
2025,10,33447,COP-IMP OPALINA CTA COL 51-100H,SERVICENTRO,CENTRO DE SERVICIOS,COPIAS,COLOR,19,2096.548,152,5,Opalina,Carta,Opalina Carta,33349
2025,2,33446,COP-IMP OPALINA CTA COL 1-50H,SERVICENTRO,CENTRO DE SERVICIOS,COPIAS,COLOR,13,12317.56,896,176,Opalina,Carta,Opalina Carta,33349
2025,2,33446,COP-IMP OPALINA CTA COL 1-50H,SERVICENTRO,CENTRO DE SERVICIOS,COPIAS,COLOR,28,40398.8803,2811,444,Opalina,Carta,Opalina Carta,33349
2024,3,33447,COP-IMP OPALINA CTA COL 51-100H,SERVICENTRO,CENTRO DE SERVICIOS,COPIAS,COLOR,28,12089.67,894,13,Opalina,Carta,Opalina Carta,33349
2024,8,33446,COP-IMP OPALINA CTA COL 1-50H,SERVICENTRO,CENTRO DE SERVICIOS,COPIAS,COLOR,19,8922.31,611,108,Opalina,Carta,Opalina Carta,33349
2025,4,33446,COP-IMP OPALINA CTA COL 1-50H,SERVICENTRO,CENTRO DE SERVICIOS,COPIAS,COLOR,19,5996.79,428,91,Opalina,Carta,Opalina Carta,33349
2024,9,33448,COP-IMP OPALINA CTA COL 101H+,SERVICENTRO,CENTRO DE SERVICIOS,COPIAS,COLOR,28,2672.41,200,1,Opalina,Carta,Opalina Carta,33349
2024,3,33446,COP-IMP OPALINA CTA COL 1-50H,SERVICENTRO,CENTRO DE SERVICIOS,COPIAS,COLOR,19,6465.6336,439,105,Opalina,Carta,Opalina Carta,33349
2025,5,33447,COP-IMP OPALINA CTA COL 51-100H,SERVICENTRO,CENTRO DE SERVICIOS,COPIAS,COLOR,19,731.03,53,1,Opalina,Carta,Opalina Carta,33349
2024,8,33447,COP-IMP OPALINA CTA COL 51-100H,SERVICENTRO,CENTRO DE SERVICIOS,COPIAS,COLOR,19,2262.07,164,2,Opalina,Carta,Opalina Carta,33349
2024,12,33446,COP-IMP OPALINA CTA COL 1-50H,SERVICENTRO,CENTRO DE SERVICIOS,COPIAS,COLOR,13,18102.22,1303,256,Opalina,Carta,Opalina Carta,33349
2024,11,33447,COP-IMP OPALINA CTA COL 51-100H,SERVICENTRO,CENTRO DE SERVICIOS,COPIAS,COLOR,13,2549.49,232,4,Opalina,Carta,Opalina Carta,33349
2024,2,33447,COP-IMP OPALINA CTA COL 51-100H,SERVICENTRO,CENTRO DE SERVICIOS,COPIAS,COLOR,19,2124.14,179,2,Opalina,Carta,Opalina Carta,33349
2024,2,33448,COP-IMP OPALINA CTA COL 101H+,SERVICENTRO,CENTRO DE SERVICIOS,COPIAS,COLOR,13,1924.14,144,1,Opalina,Carta,Opalina Carta,33349
2025,11,33447,COP-IMP OPALINA CTA COL 51-100H,SERVICENTRO,CENTRO DE SERVICIOS,COPIAS,COLOR,13,2675.87,194,3,Opalina,Carta,Opalina Carta,33349
2025,10,33446,COP-IMP OPALINA CTA COL 1-50H,SERVICENTRO,CENTRO DE SERVICIOS,COPIAS,COLOR,19,13185.41,874,132,Opalina,Carta,Opalina Carta,33349
2025,10,33448,COP-IMP OPALINA CTA COL 101H+,SERVICENTRO,CENTRO DE SERVICIOS,COPIAS,COLOR,28,10986.11,845,5,Opalina,Carta,Opalina Carta,33349
2024,1,33448,COP-IMP OPALINA CTA COL 101H+,SERVICENTRO,CENTRO DE SERVICIOS,COPIAS,COLOR,19,13.36,1,1,Opalina,Carta,Opalina Carta,33349
2026,2,100277816,COP-IMP OPALINA CTA COL 26-50H,SERVICENTRO,CENTRO DE SERVICIOS,COPIAS,COLOR,13,1166.2,76,2,Opalina,Carta,Opalina Carta,33349
2025,9,33447,COP-IMP OPALINA CTA COL 51-100H,SERVICENTRO,CENTRO DE SERVICIOS,COPIAS,COLOR,28,11806.88,856,12,Opalina,Carta,Opalina Carta,33349
2025,9,33447,COP-IMP OPALINA CTA COL 51-100H,SERVICENTRO,CENTRO DE SERVICIOS,COPIAS,COLOR,19,413.79,30,1,Opalina,Carta,Opalina Carta,33349
2025,2,33447,COP-IMP OPALINA CTA COL 51-100H,SERVICENTRO,CENTRO DE SERVICIOS,COPIAS,COLOR,19,3737.93,271,4,Opalina,Carta,Opalina Carta,33349
2025,1,33446,COP-IMP OPALINA CTA COL 1-50H,SERVICENTRO,CENTRO DE SERVICIOS,COPIAS,COLOR,28,30273.58,2123,388,Opalina,Carta,Opalina Carta,33349
2025,1,33448,COP-IMP OPALINA CTA COL 101H+,SERVICENTRO,CENTRO DE SERVICIOS,COPIAS,COLOR,28,4182.33,313,2,Opalina,Carta,Opalina Carta,33349
2024,3,33446,COP-IMP OPALINA CTA COL 1-50H,SERVICENTRO,CENTRO DE SERVICIOS,COPIAS,COLOR,28,33732.29,2359,420,Opalina,Carta,Opalina Carta,33349
2025,5,33447,COP-IMP OPALINA CTA COL 51-100H,SERVICENTRO,CENTRO DE SERVICIOS,COPIAS,COLOR,28,8496.56,616,9,Opalina,Carta,Opalina Carta,33349
2025,4,33447,COP-IMP OPALINA CTA COL 51-100H,SERVICENTRO,CENTRO DE SERVICIOS,COPIAS,COLOR,28,8743.11,682,10,Opalina,Carta,Opalina Carta,33349
2024,4,33447,COP-IMP OPALINA CTA COL 51-100H,SERVICENTRO,CENTRO DE SERVICIOS,COPIAS,COLOR,28,7657.22,591,9,Opalina,Carta,Opalina Carta,33349
2026,3,33448,COP-IMP OPALINA CTA COL 101H+,SERVICENTRO,CENTRO DE SERVICIOS,COPIAS,COLOR,13,2926.29,219,1,Opalina,Carta,Opalina Carta,33349
2025,5,33447,COP-IMP OPALINA CTA COL 51-100H,SERVICENTRO,CENTRO DE SERVICIOS,COPIAS,COLOR,13,568.97,55,1,Opalina,Carta,Opalina Carta,33349
2025,1,33447,COP-IMP OPALINA CTA COL 51-100H,SERVICENTRO,CENTRO DE SERVICIOS,COPIAS,COLOR,13,1820.69,132,2,Opalina,Carta,Opalina Carta,33349
2024,7,33447,COP-IMP OPALINA CTA COL 51-100H,SERVICENTRO,CENTRO DE SERVICIOS,COPIAS,COLOR,28,4641.29,367,6,Opalina,Carta,Opalina Carta,33349
2026,2,33448,COP-IMP OPALINA CTA COL 101H+,SERVICENTRO,CENTRO DE SERVICIOS,COPIAS,COLOR,13,3220.26,241,2,Opalina,Carta,Opalina Carta,33349
2026,2,33448,COP-IMP OPALINA CTA COL 101H+,SERVICENTRO,CENTRO DE SERVICIOS,COPIAS,COLOR,28,22662.06,1696,6,Opalina,Carta,Opalina Carta,33349
2024,6,33446,COP-IMP OPALINA CTA COL 1-50H,SERVICENTRO,CENTRO DE SERVICIOS,COPIAS,COLOR,13,13157.69,938,178,Opalina,Carta,Opalina Carta,33349
2025,7,33447,COP-IMP OPALINA CTA COL 51-100H,SERVICENTRO,CENTRO DE SERVICIOS,COPIAS,COLOR,28,8138.5,643,10,Opalina,Carta,Opalina Carta,33349
2025,7,33448,COP-IMP OPALINA CTA COL 101H+,SERVICENTRO,CENTRO DE SERVICIOS,COPIAS,COLOR,19,1843.97,138,1,Opalina,Carta,Opalina Carta,33349
2024,12,33446,COP-IMP OPALINA CTA COL 1-50H,SERVICENTRO,CENTRO DE SERVICIOS,COPIAS,COLOR,28,41622.01,2879,514,Opalina,Carta,Opalina Carta,33349
2026,1,33446,COP-IMP OPALINA CTA COL 1-50H,SERVICENTRO,CENTRO DE SERVICIOS,COPIAS,COLOR,13,3230.64,219,49,Opalina,Carta,Opalina Carta,33349
2024,10,33447,COP-IMP OPALINA CTA COL 51-100H,SERVICENTRO,CENTRO DE SERVICIOS,COPIAS,COLOR,13,703.45,51,1,Opalina,Carta,Opalina Carta,33349
2025,2,33448,COP-IMP OPALINA CTA COL 101H+,SERVICENTRO,CENTRO DE SERVICIOS,COPIAS,COLOR,19,2244.83,168,1,Opalina,Carta,Opalina Carta,33349
2025,11,33446,COP-IMP OPALINA CTA COL 1-50H,SERVICENTRO,CENTRO DE SERVICIOS,COPIAS,COLOR,13,14418.27,979,177,Opalina,Carta,Opalina Carta,33349
2024,6,33447,COP-IMP OPALINA CTA COL 51-100H,SERVICENTRO,CENTRO DE SERVICIOS,COPIAS,COLOR,28,855.18,62,2,Opalina,Carta,Opalina Carta,33349
2025,6,33446,COP-IMP OPALINA CTA COL 1-50H,SERVICENTRO,CENTRO DE SERVICIOS,COPIAS,COLOR,19,11050.66,747,113,Opalina,Carta,Opalina Carta,33349
2026,2,100277808,COP-IMP OPALINA CTA COL 1-25H,SERVICENTRO,CENTRO DE SERVICIOS,COPIAS,COLOR,28,28421.97,1834,441,Opalina,Carta,Opalina Carta,33349
2025,2,33447,COP-IMP OPALINA CTA COL 51-100H,SERVICENTRO,CENTRO DE SERVICIOS,COPIAS,COLOR,28,9723.83,708,11,Opalina,Carta,Opalina Carta,33349
2025,2,33447,COP-IMP OPALINA CTA COL 51-100H,SERVICENTRO,CENTRO DE SERVICIOS,COPIAS,COLOR,13,855.18,62,2,Opalina,Carta,Opalina Carta,33349
2025,11,100277808,COP-IMP OPALINA CTA COL 1-25H,SERVICENTRO,CENTRO DE SERVICIOS,COPIAS,COLOR,19,8627.53,556,119,Opalina,Carta,Opalina Carta,33349
2025,4,33447,COP-IMP OPALINA CTA COL 51-100H,SERVICENTRO,CENTRO DE SERVICIOS,COPIAS,COLOR,13,703.45,51,1,Opalina,Carta,Opalina Carta,33349
2024,1,33447,COP-IMP OPALINA CTA COL 51-100H,SERVICENTRO,CENTRO DE SERVICIOS,COPIAS,COLOR,28,3641.38,264,6,Opalina,Carta,Opalina Carta,33349
2024,4,33447,COP-IMP OPALINA CTA COL 51-100H,SERVICENTRO,CENTRO DE SERVICIOS,COPIAS,COLOR,13,848.28,99,1,Opalina,Carta,Opalina Carta,33349
2024,9,33446,COP-IMP OPALINA CTA COL 1-50H,SERVICENTRO,CENTRO DE SERVICIOS,COPIAS,COLOR,28,38112.87,2711,421,Opalina,Carta,Opalina Carta,33349
2024,5,33446,COP-IMP OPALINA CTA COL 1-50H,SERVICENTRO,CENTRO DE SERVICIOS,COPIAS,COLOR,13,8321.36,611,144,Opalina,Carta,Opalina Carta,33349
2025,7,33446,COP-IMP OPALINA CTA COL 1-50H,SERVICENTRO,CENTRO DE SERVICIOS,COPIAS,COLOR,13,8972.96,662,135,Opalina,Carta,Opalina Carta,33349
2026,1,33447,COP-IMP OPALINA CTA COL 51-100H,SERVICENTRO,CENTRO DE SERVICIOS,COPIAS,COLOR,28,7186.21,521,7,Opalina,Carta,Opalina Carta,33349
2024,12,33448,COP-IMP OPALINA CTA COL 101H+,SERVICENTRO,CENTRO DE SERVICIOS,COPIAS,COLOR,28,1102.37,110,1,Opalina,Carta,Opalina Carta,33349
2026,2,100277816,COP-IMP OPALINA CTA COL 26-50H,SERVICENTRO,CENTRO DE SERVICIOS,COPIAS,COLOR,19,1381.04,90,3,Opalina,Carta,Opalina Carta,33349
2024,10,33446,COP-IMP OPALINA CTA COL 1-50H,SERVICENTRO,CENTRO DE SERVICIOS,COPIAS,COLOR,13,12115.84,854,195,Opalina,Carta,Opalina Carta,33349
2025,11,100277816,COP-IMP OPALINA CTA COL 26-50H,SERVICENTRO,CENTRO DE SERVICIOS,COPIAS,COLOR,19,1826.03,119,4,Opalina,Carta,Opalina Carta,33349
2024,2,33446,COP-IMP OPALINA CTA COL 1-50H,SERVICENTRO,CENTRO DE SERVICIOS,COPIAS,COLOR,19,5427.24,371,71,Opalina,Carta,Opalina Carta,33349
2024,11,33446,COP-IMP OPALINA CTA COL 1-50H,SERVICENTRO,CENTRO DE SERVICIOS,COPIAS,COLOR,28,35056.81,2426,355,Opalina,Carta,Opalina Carta,33349
2025,10,33447,COP-IMP OPALINA CTA COL 51-100H,SERVICENTRO,CENTRO DE SERVICIOS,COPIAS,COLOR,28,4165.52,302,5,Opalina,Carta,Opalina Carta,33349
2026,2,100277808,COP-IMP OPALINA CTA COL 1-25H,SERVICENTRO,CENTRO DE SERVICIOS,COPIAS,COLOR,13,9492.48,617,150,Opalina,Carta,Opalina Carta,33349
2025,11,33446,COP-IMP OPALINA CTA COL 1-50H,SERVICENTRO,CENTRO DE SERVICIOS,COPIAS,COLOR,28,50275.813,3356,466,Opalina,Carta,Opalina Carta,33349
2024,3,33448,COP-IMP OPALINA CTA COL 101H+,SERVICENTRO,CENTRO DE SERVICIOS,COPIAS,COLOR,19,1910.78,143,1,Opalina,Carta,Opalina Carta,33349
