CREATE_DATE,TSF_NO,FROM_LOC,TO_LOC,ITEM,TSF_QTY,SHIP_QTY,RECEIVED_QTY,Ctd Pendiente,STATUS,
20/04/2026,729893,177,19,100224888,2,0,0,2,A,-
05/07/2024 11:55,3003616124,110,19,92166,3,0,0,3,I,-
05/07/2024 11:55,3003616128,109,19,100135084,3,0,0,3,I,-
08/04/2026 00:00,3004669973,19001,19,151,2,2,2,0,S,-
08/04/2026 00:00,3004669973,19001,19,1424,3,3,3,0,S,-
08/04/2026 00:00,3004669973,19001,19,1732,4,4,4,0,S,-
08/04/2026 00:00,3004669973,19001,19,1740,11,11,11,0,S,-
08/04/2026 00:00,3004669973,19001,19,1849,2,2,2,0,S,-
08/04/2026 00:00,3004669973,19001,19,2770,3,3,3,0,S,-
08/04/2026 00:00,3004669973,19001,19,4322,28,28,28,0,S,-
08/04/2026 00:00,3004669973,19001,19,4385,4,4,4,0,S,-
08/04/2026 00:00,3004669973,19001,19,5311,3,3,3,0,S,-
08/04/2026 00:00,3004669973,19001,19,5410,0,0,0,0,S,-
08/04/2026 00:00,3004669973,19001,19,5411,4,4,4,0,S,-
08/04/2026 00:00,3004669973,19001,19,5412,5,5,5,0,S,-
08/04/2026 00:00,3004669973,19001,19,6470,5,5,5,0,S,-
08/04/2026 00:00,3004669973,19001,19,8709,4,4,4,0,S,-
08/04/2026 00:00,3004669973,19001,19,8811,3,3,3,0,S,-
08/04/2026 00:00,3004669973,19001,19,9418,4,4,4,0,S,-
08/04/2026 00:00,3004669973,19001,19,9419,3,3,3,0,S,-
08/04/2026 00:00,3004669973,19001,19,11114,5,5,5,0,S,-
08/04/2026 00:00,3004669973,19001,19,13960,6,6,6,0,S,-
08/04/2026 00:00,3004669973,19001,19,16568,3,3,3,0,S,-
08/04/2026 00:00,3004669973,19001,19,17277,4,4,4,0,S,-
08/04/2026 00:00,3004669973,19001,19,17701,3,3,3,0,S,-
08/04/2026 00:00,3004669973,19001,19,17841,3,3,3,0,S,-
08/04/2026 00:00,3004669973,19001,19,18470,4,4,4,0,S,-
08/04/2026 00:00,3004669973,19001,19,24015,6,6,6,0,S,-
08/04/2026 00:00,3004669973,19001,19,26944,0,0,0,0,S,-
08/04/2026 00:00,3004669973,19001,19,27413,4,4,4,0,S,-
08/04/2026 00:00,3004669973,19001,19,27648,3,3,3,0,S,-
08/04/2026 00:00,3004669973,19001,19,27859,0,0,0,0,S,-
08/04/2026 00:00,3004669973,19001,19,28067,0,0,0,0,S,-
08/04/2026 00:00,3004669973,19001,19,29064,5,5,5,0,S,-
08/04/2026 00:00,3004669973,19001,19,30053,4,4,4,0,S,-
08/04/2026 00:00,3004669973,19001,19,30096,8,8,8,0,S,-
08/04/2026 00:00,3004669973,19001,19,31591,3,3,3,0,S,-
08/04/2026 00:00,3004669973,19001,19,32603,4,4,4,0,S,-
08/04/2026 00:00,3004669973,19001,19,35712,3,3,3,0,S,-
08/04/2026 00:00,3004669973,19001,19,36349,4,4,4,0,S,-
08/04/2026 00:00,3004669973,19001,19,36434,2,2,2,0,S,-
08/04/2026 00:00,3004669973,19001,19,37573,0,0,0,0,S,-
08/04/2026 00:00,3004669973,19001,19,38256,0,0,0,0,S,-
08/04/2026 00:00,3004669973,19001,19,38259,2,2,2,0,S,-
08/04/2026 00:00,3004669973,19001,19,38341,3,3,3,0,S,-
08/04/2026 00:00,3004669973,19001,19,39249,4,4,4,0,S,-
08/04/2026 00:00,3004669973,19001,19,39451,3,3,3,0,S,-
08/04/2026 00:00,3004669973,19001,19,39628,6,6,6,0,S,-
08/04/2026 00:00,3004669973,19001,19,40067,3,3,3,0,S,-
08/04/2026 00:00,3004669973,19001,19,41218,0,0,0,0,S,-
08/04/2026 00:00,3004669973,19001,19,43043,0,0,0,0,S,-
08/04/2026 00:00,3004669973,19001,19,43555,3,3,3,0,S,-
08/04/2026 00:00,3004669973,19001,19,43946,9,9,9,0,S,-
08/04/2026 00:00,3004669973,19001,19,43956,3,3,3,0,S,-
08/04/2026 00:00,3004669973,19001,19,44090,6,6,6,0,S,-
08/04/2026 00:00,3004669973,19001,19,44342,5,5,5,0,S,-
08/04/2026 00:00,3004669973,19001,19,44345,5,5,5,0,S,-
08/04/2026 00:00,3004669973,19001,19,48845,0,0,0,0,S,-
08/04/2026 00:00,3004669973,19001,19,50646,0,0,0,0,S,-
08/04/2026 00:00,3004669973,19001,19,52184,5,5,5,0,S,-
08/04/2026 00:00,3004669973,19001,19,52306,0,0,0,0,S,-
08/04/2026 00:00,3004669973,19001,19,52597,3,3,3,0,S,-
08/04/2026 00:00,3004669973,19001,19,52698,6,6,6,0,S,-
08/04/2026 00:00,3004669973,19001,19,53136,0,0,0,0,S,-
08/04/2026 00:00,3004669973,19001,19,56532,3,3,3,0,S,-
08/04/2026 00:00,3004669973,19001,19,56908,0,0,0,0,S,-
08/04/2026 00:00,3004669973,19001,19,56943,0,0,0,0,S,-
08/04/2026 00:00,3004669973,19001,19,56945,0,0,0,0,S,-
08/04/2026 00:00,3004669973,19001,19,57574,1,1,1,0,S,-
08/04/2026 00:00,3004669973,19001,19,58298,3,3,3,0,S,-
08/04/2026 00:00,3004669973,19001,19,58330,0,0,0,0,S,-
08/04/2026 00:00,3004669973,19001,19,62207,3,3,3,0,S,-
08/04/2026 00:00,3004669973,19001,19,62227,3,3,3,0,S,-
08/04/2026 00:00,3004669973,19001,19,62231,4,4,4,0,S,-
08/04/2026 00:00,3004669973,19001,19,62605,6,6,6,0,S,-
08/04/2026 00:00,3004669973,19001,19,63538,0,0,0,0,S,-
08/04/2026 00:00,3004669973,19001,19,64246,3,3,3,0,S,-
08/04/2026 00:00,3004669973,19001,19,64410,3,3,3,0,S,-
08/04/2026 00:00,3004669973,19001,19,65182,4,4,4,0,S,-
08/04/2026 00:00,3004669973,19001,19,65763,2,2,2,0,S,-
08/04/2026 00:00,3004669973,19001,19,65961,0,0,0,0,S,-
08/04/2026 00:00,3004669973,19001,19,66249,2,2,2,0,S,-
08/04/2026 00:00,3004669973,19001,19,68826,0,0,0,0,S,-
08/04/2026 00:00,3004669973,19001,19,68827,3,3,3,0,S,-
08/04/2026 00:00,3004669973,19001,19,70077,4,4,4,0,S,-
08/04/2026 00:00,3004669973,19001,19,71381,6,6,6,0,S,-
08/04/2026 00:00,3004669973,19001,19,72170,2,2,2,0,S,-
08/04/2026 00:00,3004669973,19001,19,72299,11,11,11,0,S,-
08/04/2026 00:00,3004669973,19001,19,73109,2,2,2,0,S,-
08/04/2026 00:00,3004669973,19001,19,73121,3,3,3,0,S,-
08/04/2026 00:00,3004669973,19001,19,73129,0,0,0,0,S,-
08/04/2026 00:00,3004669973,19001,19,73130,0,0,0,0,S,-
08/04/2026 00:00,3004669973,19001,19,73831,11,11,11,0,S,-
08/04/2026 00:00,3004669973,19001,19,74280,3,3,3,0,S,-
08/04/2026 00:00,3004669973,19001,19,74288,2,2,2,0,S,-
08/04/2026 00:00,3004669973,19001,19,74289,2,2,2,0,S,-
08/04/2026 00:00,3004669973,19001,19,74290,2,2,2,0,S,-
08/04/2026 00:00,3004669973,19001,19,74705,0,0,0,0,S,-
08/04/2026 00:00,3004669973,19001,19,75097,2,2,2,0,S,-
08/04/2026 00:00,3004669973,19001,19,75101,2,2,2,0,S,-
08/04/2026 00:00,3004669973,19001,19,75194,2,2,2,0,S,-
08/04/2026 00:00,3004669973,19001,19,76087,3,3,3,0,S,-
08/04/2026 00:00,3004669973,19001,19,78759,0,0,0,0,S,-
08/04/2026 00:00,3004669973,19001,19,83847,0,0,0,0,S,-
08/04/2026 00:00,3004669973,19001,19,84156,1,1,1,0,S,-
08/04/2026 00:00,3004669973,19001,19,84264,7,7,7,0,S,-
08/04/2026 00:00,3004669973,19001,19,84966,0,0,0,0,S,-
08/04/2026 00:00,3004669973,19001,19,85716,4,4,4,0,S,-
08/04/2026 00:00,3004669973,19001,19,86508,5,5,5,0,S,-
08/04/2026 00:00,3004669973,19001,19,86857,3,3,3,0,S,-
08/04/2026 00:00,3004669973,19001,19,87082,0,0,0,0,S,-
08/04/2026 00:00,3004669973,19001,19,87480,7,7,7,0,S,-
08/04/2026 00:00,3004669973,19001,19,87610,0,0,0,0,S,-
08/04/2026 00:00,3004669973,19001,19,88376,0,0,0,0,S,-
08/04/2026 00:00,3004669973,19001,19,88390,35,35,35,0,S,-
08/04/2026 00:00,3004669973,19001,19,89357,0,0,0,0,S,-
08/04/2026 00:00,3004669973,19001,19,89668,0,0,0,0,S,-
08/04/2026 00:00,3004669973,19001,19,92334,0,0,0,0,S,-
08/04/2026 00:00,3004669973,19001,19,100007111,8,8,8,0,S,-
08/04/2026 00:00,3004669973,19001,19,100007269,5,5,5,0,S,-
08/04/2026 00:00,3004669973,19001,19,100014194,8,8,8,0,S,-
08/04/2026 00:00,3004669973,19001,19,100025635,3,3,3,0,S,-
08/04/2026 00:00,3004669973,19001,19,100025660,0,0,0,0,S,-
08/04/2026 00:00,3004669973,19001,19,100031998,0,0,0,0,S,-
08/04/2026 00:00,3004669973,19001,19,100037695,0,0,0,0,S,-
08/04/2026 00:00,3004669973,19001,19,100039121,3,3,3,0,S,-
08/04/2026 00:00,3004669973,19001,19,100041109,2,2,2,0,S,-
08/04/2026 00:00,3004669973,19001,19,100053433,3,3,3,0,S,-
08/04/2026 00:00,3004669973,19001,19,100062516,0,0,0,0,S,-
08/04/2026 00:00,3004669973,19001,19,100062639,0,0,0,0,S,-
08/04/2026 00:00,3004669973,19001,19,100062655,0,0,0,0,S,-
08/04/2026 00:00,3004669973,19001,19,100063981,0,0,0,0,S,-
08/04/2026 00:00,3004669973,19001,19,100069021,2,2,2,0,S,-
08/04/2026 00:00,3004669973,19001,19,100072562,0,0,0,0,S,-
08/04/2026 00:00,3004669973,19001,19,100076205,5,5,5,0,S,-
08/04/2026 00:00,3004669973,19001,19,100076731,0,0,0,0,S,-
08/04/2026 00:00,3004669973,19001,19,100078471,3,3,3,0,S,-
08/04/2026 00:00,3004669973,19001,19,100079254,0,0,0,0,S,-
08/04/2026 00:00,3004669973,19001,19,100079959,0,0,0,0,S,-
08/04/2026 00:00,3004669973,19001,19,100080589,0,0,0,0,S,-
08/04/2026 00:00,3004669973,19001,19,100083747,0,0,0,0,S,-
08/04/2026 00:00,3004669973,19001,19,100085460,3,3,3,0,S,-
08/04/2026 00:00,3004669973,19001,19,100087422,3,3,3,0,S,-
08/04/2026 00:00,3004669973,19001,19,100088581,4,4,4,0,S,-
08/04/2026 00:00,3004669973,19001,19,100091966,2,2,2,0,S,-
08/04/2026 00:00,3004669973,19001,19,100094850,0,0,0,0,S,-
08/04/2026 00:00,3004669973,19001,19,100100367,0,0,0,0,S,-
08/04/2026 00:00,3004669973,19001,19,100105838,0,0,0,0,S,-
08/04/2026 00:00,3004669973,19001,19,100112616,2,2,2,0,S,-
08/04/2026 00:00,3004669973,19001,19,100123569,2,2,2,0,S,-
08/04/2026 00:00,3004669973,19001,19,100124668,0,0,0,0,S,-
08/04/2026 00:00,3004669973,19001,19,100124887,0,0,0,0,S,-
08/04/2026 00:00,3004669973,19001,19,100126743,2,2,2,0,S,-
08/04/2026 00:00,3004669973,19001,19,100128491,0,0,0,0,S,-
08/04/2026 00:00,3004669973,19001,19,100129864,3,3,3,0,S,-
08/04/2026 00:00,3004669973,19001,19,100131155,0,0,0,0,S,-
08/04/2026 00:00,3004669973,19001,19,100138576,0,0,0,0,S,-
08/04/2026 00:00,3004669973,19001,19,100138584,0,0,0,0,S,-
08/04/2026 00:00,3004669973,19001,19,100139499,7,7,7,0,S,-
08/04/2026 00:00,3004669973,19001,19,100140959,7,7,7,0,S,-
08/04/2026 00:00,3004669973,19001,19,100140991,0,0,0,0,S,-
08/04/2026 00:00,3004669973,19001,19,100145987,0,0,0,0,S,-
08/04/2026 00:00,3004669973,19001,19,100147245,30,30,30,0,S,-
08/04/2026 00:00,3004669973,19001,19,100151308,3,3,3,0,S,-
08/04/2026 00:00,3004669973,19001,19,100151498,0,0,0,0,S,-
08/04/2026 00:00,3004669973,19001,19,100155069,0,0,0,0,S,-
08/04/2026 00:00,3004669973,19001,19,100155296,0,0,0,0,S,-
08/04/2026 00:00,3004669973,19001,19,100159027,7,7,7,0,S,-
08/04/2026 00:00,3004669973,19001,19,100159086,6,6,6,0,S,-
08/04/2026 00:00,3004669973,19001,19,100159166,7,7,7,0,S,-
08/04/2026 00:00,3004669973,19001,19,100160204,0,0,0,0,S,-
08/04/2026 00:00,3004669973,19001,19,100161549,0,0,0,0,S,-
08/04/2026 00:00,3004669973,19001,19,100167414,2,2,2,0,S,-
08/04/2026 00:00,3004669973,19001,19,100170306,2,2,2,0,S,-
08/04/2026 00:00,3004669973,19001,19,100174286,0,0,0,0,S,-
08/04/2026 00:00,3004669973,19001,19,100174294,7,7,7,0,S,-
08/04/2026 00:00,3004669973,19001,19,100174307,0,0,0,0,S,-
08/04/2026 00:00,3004669973,19001,19,100174577,4,4,4,0,S,-
08/04/2026 00:00,3004669973,19001,19,100174702,0,0,0,0,S,-
08/04/2026 00:00,3004669973,19001,19,100177284,8,8,8,0,S,-
08/04/2026 00:00,3004669973,19001,19,100186471,0,0,0,0,S,-
08/04/2026 00:00,3004669973,19001,19,100187415,5,5,5,0,S,-
08/04/2026 00:00,3004669973,19001,19,100189251,0,0,0,0,S,-
08/04/2026 00:00,3004669973,19001,19,100190016,3,3,3,0,S,-
08/04/2026 00:00,3004669973,19001,19,100191991,0,0,0,0,S,-
08/04/2026 00:00,3004669973,19001,19,100195685,0,0,0,0,S,-
08/04/2026 00:00,3004669973,19001,19,100198464,0,0,0,0,S,-
08/04/2026 00:00,3004669973,19001,19,100219771,7,7,7,0,S,-
08/04/2026 00:00,3004669973,19001,19,100224546,0,0,0,0,S,-
08/04/2026 00:00,3004669973,19001,19,100224749,7,0,0,7,S,-
08/04/2026 00:00,3004669973,19001,19,100230719,0,0,0,0,S,-
08/04/2026 00:00,3004669973,19001,19,100230743,0,0,0,0,S,-
08/04/2026 00:00,3004669973,19001,19,100233493,0,0,0,0,S,-
08/04/2026 00:00,3004669973,19001,19,100238024,0,0,0,0,S,-
08/04/2026 00:00,3004669973,19001,19,100239191,0,0,0,0,S,-
08/04/2026 00:00,3004669973,19001,19,100246876,0,0,0,0,S,-
08/04/2026 00:00,3004669973,19001,19,100247844,5,5,5,0,S,-
08/04/2026 00:00,3004669973,19001,19,100249014,0,0,0,0,S,-
08/04/2026 00:00,3004669973,19001,19,100265428,0,0,0,0,S,-
08/04/2026 00:00,3004669973,19001,19,100265583,0,0,0,0,S,-
08/04/2026 00:00,3004669973,19001,19,100266130,0,0,0,0,S,-
08/04/2026 00:00,3004669973,19001,19,100267239,0,0,0,0,S,-
10/04/2026 00:00,3004672946,19001,19,5,5,5,5,0,S,-
10/04/2026 00:00,3004672946,19001,19,155,2,2,2,0,S,-
10/04/2026 00:00,3004672946,19001,19,159,3,3,3,0,S,-
10/04/2026 00:00,3004672946,19001,19,458,3,3,3,0,S,-
10/04/2026 00:00,3004672946,19001,19,5410,11,11,11,0,S,-
10/04/2026 00:00,3004672946,19001,19,6468,5,5,5,0,S,-
10/04/2026 00:00,3004672946,19001,19,6470,5,5,5,0,S,-
10/04/2026 00:00,3004672946,19001,19,7258,6,6,6,0,S,-
10/04/2026 00:00,3004672946,19001,19,8101,7,7,7,0,S,-
10/04/2026 00:00,3004672946,19001,19,9201,3,3,3,0,S,-
10/04/2026 00:00,3004672946,19001,19,9418,4,4,4,0,S,-
10/04/2026 00:00,3004672946,19001,19,9419,3,3,3,0,S,-
10/04/2026 00:00,3004672946,19001,19,11684,8,8,8,0,S,-
10/04/2026 00:00,3004672946,19001,19,17841,8,8,8,0,S,-
10/04/2026 00:00,3004672946,19001,19,18470,4,4,4,0,S,-
10/04/2026 00:00,3004672946,19001,19,23046,3,3,3,0,S,-
10/04/2026 00:00,3004672946,19001,19,26521,3,3,3,0,S,-
10/04/2026 00:00,3004672946,19001,19,26943,3,3,3,0,S,-
10/04/2026 00:00,3004672946,19001,19,26944,0,0,0,0,S,-
10/04/2026 00:00,3004672946,19001,19,27412,11,11,11,0,S,-
10/04/2026 00:00,3004672946,19001,19,27859,0,0,0,0,S,-
10/04/2026 00:00,3004672946,19001,19,28067,8,0,0,8,S,-
10/04/2026 00:00,3004672946,19001,19,28873,3,3,3,0,S,-
10/04/2026 00:00,3004672946,19001,19,30048,4,4,4,0,S,-
10/04/2026 00:00,3004672946,19001,19,30060,3,3,3,0,S,-
10/04/2026 00:00,3004672946,19001,19,30064,3,3,3,0,S,-
10/04/2026 00:00,3004672946,19001,19,30410,6,6,6,0,S,-
10/04/2026 00:00,3004672946,19001,19,30540,3,3,3,0,S,-
10/04/2026 00:00,3004672946,19001,19,32606,5,5,5,0,S,-
10/04/2026 00:00,3004672946,19001,19,35666,3,3,3,0,S,-
10/04/2026 00:00,3004672946,19001,19,35669,3,3,3,0,S,-
10/04/2026 00:00,3004672946,19001,19,36097,3,3,3,0,S,-
10/04/2026 00:00,3004672946,19001,19,37573,9,9,9,0,S,-
10/04/2026 00:00,3004672946,19001,19,38256,0,0,0,0,S,-
10/04/2026 00:00,3004672946,19001,19,38335,5,5,5,0,S,-
10/04/2026 00:00,3004672946,19001,19,38352,5,5,5,0,S,-
10/04/2026 00:00,3004672946,19001,19,39446,3,3,3,0,S,-
10/04/2026 00:00,3004672946,19001,19,40142,5,5,5,0,S,-
10/04/2026 00:00,3004672946,19001,19,40291,0,0,0,0,S,-
10/04/2026 00:00,3004672946,19001,19,41218,0,0,0,0,S,-
10/04/2026 00:00,3004672946,19001,19,43043,0,0,0,0,S,-
10/04/2026 00:00,3004672946,19001,19,43127,4,4,4,0,S,-
10/04/2026 00:00,3004672946,19001,19,43880,3,3,3,0,S,-
10/04/2026 00:00,3004672946,19001,19,46087,20,20,20,0,S,-
10/04/2026 00:00,3004672946,19001,19,48845,0,0,0,0,S,-
10/04/2026 00:00,3004672946,19001,19,50646,0,0,0,0,S,-
10/04/2026 00:00,3004672946,19001,19,50648,3,3,3,0,S,-
10/04/2026 00:00,3004672946,19001,19,50702,0,0,0,0,S,-
10/04/2026 00:00,3004672946,19001,19,51151,2,2,2,0,S,-
10/04/2026 00:00,3004672946,19001,19,52116,3,3,3,0,S,-
10/04/2026 00:00,3004672946,19001,19,52306,0,0,0,0,S,-
10/04/2026 00:00,3004672946,19001,19,52598,3,3,3,0,S,-
10/04/2026 00:00,3004672946,19001,19,53136,0,0,0,0,S,-
10/04/2026 00:00,3004672946,19001,19,53568,3,3,3,0,S,-
10/04/2026 00:00,3004672946,19001,19,55299,0,0,0,0,S,-
10/04/2026 00:00,3004672946,19001,19,56536,5,5,5,0,S,-
10/04/2026 00:00,3004672946,19001,19,56831,12,12,12,0,S,-
10/04/2026 00:00,3004672946,19001,19,56832,18,18,18,0,S,-
10/04/2026 00:00,3004672946,19001,19,56942,0,0,0,0,S,-
10/04/2026 00:00,3004672946,19001,19,56943,0,0,0,0,S,-
10/04/2026 00:00,3004672946,19001,19,56945,0,0,0,0,S,-
10/04/2026 00:00,3004672946,19001,19,58724,3,3,3,0,S,-
10/04/2026 00:00,3004672946,19001,19,60861,2,2,2,0,S,-
10/04/2026 00:00,3004672946,19001,19,63538,0,0,0,0,S,-
10/04/2026 00:00,3004672946,19001,19,65957,0,0,0,0,S,-
10/04/2026 00:00,3004672946,19001,19,65961,0,0,0,0,S,-
10/04/2026 00:00,3004672946,19001,19,67489,0,0,0,0,S,-
10/04/2026 00:00,3004672946,19001,19,68315,3,3,3,0,S,-
10/04/2026 00:00,3004672946,19001,19,68826,0,0,0,0,S,-
10/04/2026 00:00,3004672946,19001,19,71381,5,5,5,0,S,-
10/04/2026 00:00,3004672946,19001,19,73110,3,3,3,0,S,-
10/04/2026 00:00,3004672946,19001,19,73129,0,0,0,0,S,-
10/04/2026 00:00,3004672946,19001,19,73130,0,0,0,0,S,-
10/04/2026 00:00,3004672946,19001,19,73196,7,7,7,0,S,-
10/04/2026 00:00,3004672946,19001,19,73770,10,10,10,0,S,-
10/04/2026 00:00,3004672946,19001,19,73992,2,2,2,0,S,-
10/04/2026 00:00,3004672946,19001,19,74705,0,0,0,0,S,-
10/04/2026 00:00,3004672946,19001,19,78794,2,2,2,0,S,-
10/04/2026 00:00,3004672946,19001,19,79148,4,4,4,0,S,-
10/04/2026 00:00,3004672946,19001,19,83847,0,0,0,0,S,-
10/04/2026 00:00,3004672946,19001,19,83940,2,2,2,0,S,-
10/04/2026 00:00,3004672946,19001,19,84966,0,0,0,0,S,-
10/04/2026 00:00,3004672946,19001,19,85680,3,3,3,0,S,-
10/04/2026 00:00,3004672946,19001,19,87082,8,8,8,0,S,-
10/04/2026 00:00,3004672946,19001,19,87450,7,7,7,0,S,-
10/04/2026 00:00,3004672946,19001,19,87610,0,0,0,0,S,-
10/04/2026 00:00,3004672946,19001,19,88376,13,13,13,0,S,-
10/04/2026 00:00,3004672946,19001,19,89357,0,0,0,0,S,-
10/04/2026 00:00,3004672946,19001,19,89668,0,0,0,0,S,-
10/04/2026 00:00,3004672946,19001,19,89759,3,3,3,0,S,-
10/04/2026 00:00,3004672946,19001,19,92099,3,3,3,0,S,-
10/04/2026 00:00,3004672946,19001,19,100007023,11,11,11,0,S,-
10/04/2026 00:00,3004672946,19001,19,100007226,4,4,4,0,S,-
10/04/2026 00:00,3004672946,19001,19,100017803,7,7,7,0,S,-
10/04/2026 00:00,3004672946,19001,19,100018363,6,6,6,0,S,-
10/04/2026 00:00,3004672946,19001,19,100022240,3,3,3,0,S,-
10/04/2026 00:00,3004672946,19001,19,100025660,0,0,0,0,S,-
10/04/2026 00:00,3004672946,19001,19,100028027,2,2,2,0,S,-
10/04/2026 00:00,3004672946,19001,19,100029417,3,3,3,0,S,-
10/04/2026 00:00,3004672946,19001,19,100031533,4,4,4,0,S,-
10/04/2026 00:00,3004672946,19001,19,100031998,0,0,0,0,S,-
10/04/2026 00:00,3004672946,19001,19,100035606,6,6,6,0,S,-
10/04/2026 00:00,3004672946,19001,19,100035825,4,4,4,0,S,-
10/04/2026 00:00,3004672946,19001,19,100036271,4,4,4,0,S,-
10/04/2026 00:00,3004672946,19001,19,100037548,3,3,3,0,S,-
10/04/2026 00:00,3004672946,19001,19,100037695,0,0,0,0,S,-
10/04/2026 00:00,3004672946,19001,19,100042021,3,3,3,0,S,-
10/04/2026 00:00,3004672946,19001,19,100047818,4,4,4,0,S,-
10/04/2026 00:00,3004672946,19001,19,100060916,1,1,1,0,S,-
10/04/2026 00:00,3004672946,19001,19,100062516,0,0,0,0,S,-
10/04/2026 00:00,3004672946,19001,19,100062612,3,3,3,0,S,-
10/04/2026 00:00,3004672946,19001,19,100062655,0,0,0,0,S,-
10/04/2026 00:00,3004672946,19001,19,100063981,0,0,0,0,S,-
10/04/2026 00:00,3004672946,19001,19,100068731,3,3,3,0,S,-
10/04/2026 00:00,3004672946,19001,19,100069700,0,0,0,0,S,-
10/04/2026 00:00,3004672946,19001,19,100070014,5,5,5,0,S,-
10/04/2026 00:00,3004672946,19001,19,100070786,3,3,3,0,S,-
10/04/2026 00:00,3004672946,19001,19,100071252,5,5,5,0,S,-
10/04/2026 00:00,3004672946,19001,19,100071332,3,3,3,0,S,-
10/04/2026 00:00,3004672946,19001,19,100072562,0,0,0,0,S,-
10/04/2026 00:00,3004672946,19001,19,100073493,3,3,3,0,S,-
10/04/2026 00:00,3004672946,19001,19,100074824,9,9,9,0,S,-
10/04/2026 00:00,3004672946,19001,19,100074867,3,3,3,0,S,-
10/04/2026 00:00,3004672946,19001,19,100076731,0,0,0,0,S,-
10/04/2026 00:00,3004672946,19001,19,100079254,8,8,8,0,S,-
10/04/2026 00:00,3004672946,19001,19,100079959,0,0,0,0,S,-
10/04/2026 00:00,3004672946,19001,19,100080589,0,0,0,0,S,-
10/04/2026 00:00,3004672946,19001,19,100080731,0,0,0,0,S,-
10/04/2026 00:00,3004672946,19001,19,100082656,0,0,0,0,S,-
10/04/2026 00:00,3004672946,19001,19,100083747,0,0,0,0,S,-
10/04/2026 00:00,3004672946,19001,19,100094850,0,0,0,0,S,-
10/04/2026 00:00,3004672946,19001,19,100098113,3,3,3,0,S,-
10/04/2026 00:00,3004672946,19001,19,100105803,6,6,6,0,S,-
10/04/2026 00:00,3004672946,19001,19,100110127,3,3,3,0,S,-
10/04/2026 00:00,3004672946,19001,19,100116748,1,1,1,0,S,-
10/04/2026 00:00,3004672946,19001,19,100116916,3,3,3,0,S,-
10/04/2026 00:00,3004672946,19001,19,100124668,0,0,0,0,S,-
10/04/2026 00:00,3004672946,19001,19,100124887,0,0,0,0,S,-
10/04/2026 00:00,3004672946,19001,19,100128491,0,0,0,0,S,-
10/04/2026 00:00,3004672946,19001,19,100131155,0,0,0,0,S,-
10/04/2026 00:00,3004672946,19001,19,100137741,5,5,5,0,S,-
10/04/2026 00:00,3004672946,19001,19,100138576,0,0,0,0,S,-
10/04/2026 00:00,3004672946,19001,19,100138584,0,0,0,0,S,-
10/04/2026 00:00,3004672946,19001,19,100140991,0,0,0,0,S,-
10/04/2026 00:00,3004672946,19001,19,100144781,3,3,3,0,S,-
10/04/2026 00:00,3004672946,19001,19,100145987,0,0,0,0,S,-
10/04/2026 00:00,3004672946,19001,19,100151615,2,2,2,0,S,-
10/04/2026 00:00,3004672946,19001,19,100155069,0,0,0,0,S,-
10/04/2026 00:00,3004672946,19001,19,100155211,3,3,3,0,S,-
10/04/2026 00:00,3004672946,19001,19,100155296,0,0,0,0,S,-
10/04/2026 00:00,3004672946,19001,19,100155317,3,3,3,0,S,-
10/04/2026 00:00,3004672946,19001,19,100160204,0,0,0,0,S,-
10/04/2026 00:00,3004672946,19001,19,100161549,0,0,0,0,S,-
10/04/2026 00:00,3004672946,19001,19,100174286,7,7,7,0,S,-
10/04/2026 00:00,3004672946,19001,19,100174307,15,15,15,0,S,-
10/04/2026 00:00,3004672946,19001,19,100174702,0,0,0,0,S,-
10/04/2026 00:00,3004672946,19001,19,100176265,3,3,3,0,S,-
10/04/2026 00:00,3004672946,19001,19,100177049,2,2,2,0,S,-
10/04/2026 00:00,3004672946,19001,19,100177321,8,8,8,0,S,-
10/04/2026 00:00,3004672946,19001,19,100186471,0,0,0,0,S,-
10/04/2026 00:00,3004672946,19001,19,100187600,0,0,0,0,S,-
10/04/2026 00:00,3004672946,19001,19,100189251,0,0,0,0,S,-
10/04/2026 00:00,3004672946,19001,19,100191991,0,0,0,0,S,-
10/04/2026 00:00,3004672946,19001,19,100194359,0,0,0,0,S,-
10/04/2026 00:00,3004672946,19001,19,100195685,0,0,0,0,S,-
10/04/2026 00:00,3004672946,19001,19,100198464,0,0,0,0,S,-
10/04/2026 00:00,3004672946,19001,19,100217119,4,4,4,0,S,-
10/04/2026 00:00,3004672946,19001,19,100217186,3,3,3,0,S,-
10/04/2026 00:00,3004672946,19001,19,100224546,0,0,0,0,S,-
10/04/2026 00:00,3004672946,19001,19,100224714,1,1,1,0,S,-
10/04/2026 00:00,3004672946,19001,19,100226541,4,4,4,0,S,-
10/04/2026 00:00,3004672946,19001,19,100226550,3,3,3,0,S,-
10/04/2026 00:00,3004672946,19001,19,100226859,2,2,2,0,S,-
10/04/2026 00:00,3004672946,19001,19,100230719,5,5,5,0,S,-
10/04/2026 00:00,3004672946,19001,19,100230743,0,0,0,0,S,-
10/04/2026 00:00,3004672946,19001,19,100232685,4,4,4,0,S,-
10/04/2026 00:00,3004672946,19001,19,100233493,0,0,0,0,S,-
10/04/2026 00:00,3004672946,19001,19,100238024,0,0,0,0,S,-
10/04/2026 00:00,3004672946,19001,19,100238622,2,2,2,0,S,-
10/04/2026 00:00,3004672946,19001,19,100239191,0,0,0,0,S,-
10/04/2026 00:00,3004672946,19001,19,100265428,0,0,0,0,S,-
10/04/2026 00:00,3004672946,19001,19,100265532,0,0,0,0,S,-
10/04/2026 00:00,3004672946,19001,19,100266130,0,0,0,0,S,-
10/04/2026 00:00,3004672946,19001,19,100267239,0,0,0,0,S,-
10/04/2026 00:00,3004672946,19001,19,100267271,0,0,0,0,S,-
13/04/2026 00:00,3004674817,19001,19,149,3,3,3,0,S,-
13/04/2026 00:00,3004674817,19001,19,382,4,4,4,0,S,-
13/04/2026 00:00,3004674817,19001,19,388,2,2,1,1,S,-
13/04/2026 00:00,3004674817,19001,19,1732,4,4,4,0,S,-
13/04/2026 00:00,3004674817,19001,19,1740,4,4,4,0,S,-
13/04/2026 00:00,3004674817,19001,19,6879,3,3,3,0,S,-
13/04/2026 00:00,3004674817,19001,19,10671,4,4,4,0,S,-
13/04/2026 00:00,3004674817,19001,19,11228,7,7,7,0,S,-
13/04/2026 00:00,3004674817,19001,19,16567,6,6,6,0,S,-
13/04/2026 00:00,3004674817,19001,19,16661,2,2,2,0,S,-
13/04/2026 00:00,3004674817,19001,19,17841,6,6,6,0,S,-
13/04/2026 00:00,3004674817,19001,19,18470,4,4,4,0,S,-
13/04/2026 00:00,3004674817,19001,19,19299,8,8,8,0,S,-
13/04/2026 00:00,3004674817,19001,19,20953,9,9,9,0,S,-
13/04/2026 00:00,3004674817,19001,19,23044,4,4,4,0,S,-
13/04/2026 00:00,3004674817,19001,19,23047,3,3,3,0,S,-
13/04/2026 00:00,3004674817,19001,19,25057,3,3,3,0,S,-
13/04/2026 00:00,3004674817,19001,19,26690,10,10,10,0,S,-
13/04/2026 00:00,3004674817,19001,19,26942,3,3,3,0,S,-
13/04/2026 00:00,3004674817,19001,19,26944,0,0,0,0,S,-
13/04/2026 00:00,3004674817,19001,19,27903,3,3,3,0,S,-
13/04/2026 00:00,3004674817,19001,19,32788,3,3,2,1,S,-
13/04/2026 00:00,3004674817,19001,19,33513,10,10,10,0,S,-
13/04/2026 00:00,3004674817,19001,19,34366,5,5,5,0,S,-
13/04/2026 00:00,3004674817,19001,19,37561,13,13,13,0,S,-
13/04/2026 00:00,3004674817,19001,19,38256,0,0,0,0,S,-
13/04/2026 00:00,3004674817,19001,19,38257,8,8,8,0,S,-
13/04/2026 00:00,3004674817,19001,19,38287,3,3,3,0,S,-
13/04/2026 00:00,3004674817,19001,19,38350,3,3,3,0,S,-
13/04/2026 00:00,3004674817,19001,19,38352,5,5,5,0,S,-
13/04/2026 00:00,3004674817,19001,19,39445,3,3,3,0,S,-
13/04/2026 00:00,3004674817,19001,19,39628,11,11,11,0,S,-
13/04/2026 00:00,3004674817,19001,19,39629,6,6,6,0,S,-
13/04/2026 00:00,3004674817,19001,19,41218,0,0,0,0,S,-
13/04/2026 00:00,3004674817,19001,19,41463,5,5,5,0,S,-
13/04/2026 00:00,3004674817,19001,19,42810,3,3,3,0,S,-
13/04/2026 00:00,3004674817,19001,19,43043,0,0,0,0,S,-
13/04/2026 00:00,3004674817,19001,19,43810,9,9,9,0,S,-
13/04/2026 00:00,3004674817,19001,19,43874,12,12,12,0,S,-
13/04/2026 00:00,3004674817,19001,19,43880,5,5,5,0,S,-
13/04/2026 00:00,3004674817,19001,19,44702,5,5,5,0,S,-
13/04/2026 00:00,3004674817,19001,19,47995,3,3,2,1,S,-
13/04/2026 00:00,3004674817,19001,19,48845,0,0,0,0,S,-
13/04/2026 00:00,3004674817,19001,19,50646,0,0,0,0,S,-
13/04/2026 00:00,3004674817,19001,19,50651,2,2,2,0,S,-
13/04/2026 00:00,3004674817,19001,19,51160,5,5,5,0,S,-
13/04/2026 00:00,3004674817,19001,19,51293,2,2,2,0,S,-
13/04/2026 00:00,3004674817,19001,19,52156,3,3,3,0,S,-
13/04/2026 00:00,3004674817,19001,19,52306,0,0,0,0,S,-
13/04/2026 00:00,3004674817,19001,19,53136,0,0,0,0,S,-
13/04/2026 00:00,3004674817,19001,19,54212,2,2,2,0,S,-
13/04/2026 00:00,3004674817,19001,19,54819,4,4,4,0,S,-
13/04/2026 00:00,3004674817,19001,19,55178,3,3,3,0,S,-
13/04/2026 00:00,3004674817,19001,19,55299,0,0,0,0,S,-
13/04/2026 00:00,3004674817,19001,19,56553,3,3,3,0,S,-
13/04/2026 00:00,3004674817,19001,19,56831,13,13,13,0,S,-
13/04/2026 00:00,3004674817,19001,19,56833,8,8,8,0,S,-
13/04/2026 00:00,3004674817,19001,19,56941,0,0,0,0,S,-
13/04/2026 00:00,3004674817,19001,19,56943,0,0,0,0,S,-
13/04/2026 00:00,3004674817,19001,19,56945,0,0,0,0,S,-
13/04/2026 00:00,3004674817,19001,19,58330,0,0,0,0,S,-
13/04/2026 00:00,3004674817,19001,19,61022,3,3,3,0,S,-
13/04/2026 00:00,3004674817,19001,19,61751,4,4,4,0,S,-
13/04/2026 00:00,3004674817,19001,19,62233,3,3,3,0,S,-
13/04/2026 00:00,3004674817,19001,19,64455,3,3,3,0,S,-
13/04/2026 00:00,3004674817,19001,19,64457,3,3,3,0,S,-
13/04/2026 00:00,3004674817,19001,19,64667,4,4,4,0,S,-
13/04/2026 00:00,3004674817,19001,19,65088,2,2,2,0,S,-
13/04/2026 00:00,3004674817,19001,19,65151,3,3,3,0,S,-
13/04/2026 00:00,3004674817,19001,19,65177,3,3,3,0,S,-
13/04/2026 00:00,3004674817,19001,19,67364,3,3,3,0,S,-
13/04/2026 00:00,3004674817,19001,19,68826,0,0,0,0,S,-
13/04/2026 00:00,3004674817,19001,19,68926,3,3,3,0,S,-
13/04/2026 00:00,3004674817,19001,19,73088,0,0,0,0,S,-
13/04/2026 00:00,3004674817,19001,19,73129,0,0,0,0,S,-
13/04/2026 00:00,3004674817,19001,19,73130,0,0,0,0,S,-
13/04/2026 00:00,3004674817,19001,19,73192,5,5,5,0,S,-
13/04/2026 00:00,3004674817,19001,19,73193,7,7,7,0,S,-
13/04/2026 00:00,3004674817,19001,19,73828,7,7,7,0,S,-
13/04/2026 00:00,3004674817,19001,19,73862,3,3,3,0,S,-
13/04/2026 00:00,3004674817,19001,19,73924,5,5,5,0,S,-
13/04/2026 00:00,3004674817,19001,19,73929,4,4,4,0,S,-
13/04/2026 00:00,3004674817,19001,19,73969,3,3,3,0,S,-
13/04/2026 00:00,3004674817,19001,19,74705,0,0,0,0,S,-
13/04/2026 00:00,3004674817,19001,19,75194,5,5,5,0,S,-
13/04/2026 00:00,3004674817,19001,19,78729,3,3,3,0,S,-
13/04/2026 00:00,3004674817,19001,19,80419,3,3,3,0,S,-
13/04/2026 00:00,3004674817,19001,19,83620,3,3,3,0,S,-
13/04/2026 00:00,3004674817,19001,19,84156,0,0,0,0,S,-
13/04/2026 00:00,3004674817,19001,19,84966,0,0,0,0,S,-
13/04/2026 00:00,3004674817,19001,19,86629,6,6,6,0,S,-
13/04/2026 00:00,3004674817,19001,19,86778,1,1,1,0,S,-
13/04/2026 00:00,3004674817,19001,19,86859,3,3,3,0,S,-
13/04/2026 00:00,3004674817,19001,19,87083,10,10,10,0,S,-
13/04/2026 00:00,3004674817,19001,19,87610,0,0,0,0,S,-
13/04/2026 00:00,3004674817,19001,19,89357,0,0,0,0,S,-
13/04/2026 00:00,3004674817,19001,19,89668,0,0,0,0,S,-
13/04/2026 00:00,3004674817,19001,19,91512,0,0,0,0,S,-
13/04/2026 00:00,3004674817,19001,19,92332,3,3,3,0,S,-
13/04/2026 00:00,3004674817,19001,19,93052,3,3,3,0,S,-
13/04/2026 00:00,3004674817,19001,19,100017758,5,5,5,0,S,-
13/04/2026 00:00,3004674817,19001,19,100025660,0,0,0,0,S,-
13/04/2026 00:00,3004674817,19001,19,100027462,2,2,2,0,S,-
13/04/2026 00:00,3004674817,19001,19,100031533,3,3,3,0,S,-
13/04/2026 00:00,3004674817,19001,19,100031761,0,0,0,0,S,-
13/04/2026 00:00,3004674817,19001,19,100031998,0,0,0,0,S,-
13/04/2026 00:00,3004674817,19001,19,100032026,3,3,3,0,S,-
13/04/2026 00:00,3004674817,19001,19,100035921,4,4,4,0,S,-
13/04/2026 00:00,3004674817,19001,19,100036220,5,5,5,0,S,-
13/04/2026 00:00,3004674817,19001,19,100036289,5,5,5,0,S,-
13/04/2026 00:00,3004674817,19001,19,100036297,3,3,3,0,S,-
13/04/2026 00:00,3004674817,19001,19,100036300,3,3,3,0,S,-
13/04/2026 00:00,3004674817,19001,19,100036318,3,3,3,0,S,-
13/04/2026 00:00,3004674817,19001,19,100037302,3,3,2,1,S,-
13/04/2026 00:00,3004674817,19001,19,100037652,4,4,4,0,S,-
13/04/2026 00:00,3004674817,19001,19,100037695,0,0,0,0,S,-
13/04/2026 00:00,3004674817,19001,19,100053521,0,0,0,0,S,-
13/04/2026 00:00,3004674817,19001,19,100054381,5,5,5,0,S,-
13/04/2026 00:00,3004674817,19001,19,100057418,3,3,3,0,S,-
13/04/2026 00:00,3004674817,19001,19,100062401,3,3,3,0,S,-
13/04/2026 00:00,3004674817,19001,19,100062516,0,0,0,0,S,-
13/04/2026 00:00,3004674817,19001,19,100062639,0,0,0,0,S,-
13/04/2026 00:00,3004674817,19001,19,100062655,0,0,0,0,S,-
13/04/2026 00:00,3004674817,19001,19,100063121,3,3,3,0,S,-
13/04/2026 00:00,3004674817,19001,19,100063551,7,7,7,0,S,-
13/04/2026 00:00,3004674817,19001,19,100063973,4,4,4,0,S,-
13/04/2026 00:00,3004674817,19001,19,100063981,0,0,0,0,S,-
13/04/2026 00:00,3004674817,19001,19,100064909,3,3,3,0,S,-
13/04/2026 00:00,3004674817,19001,19,100070655,3,3,3,0,S,-
13/04/2026 00:00,3004674817,19001,19,100071279,4,4,4,0,S,-
13/04/2026 00:00,3004674817,19001,19,100071295,3,3,3,0,S,-
13/04/2026 00:00,3004674817,19001,19,100071332,3,3,3,0,S,-
13/04/2026 00:00,3004674817,19001,19,100072562,0,0,0,0,S,-
13/04/2026 00:00,3004674817,19001,19,100074841,6,6,6,0,S,-
13/04/2026 00:00,3004674817,19001,19,100076221,5,5,5,0,S,-
13/04/2026 00:00,3004674817,19001,19,100076731,0,0,0,0,S,-
13/04/2026 00:00,3004674817,19001,19,100078147,4,4,4,0,S,-
13/04/2026 00:00,3004674817,19001,19,100079959,6,6,6,0,S,-
13/04/2026 00:00,3004674817,19001,19,100080001,7,7,7,0,S,-
13/04/2026 00:00,3004674817,19001,19,100080589,0,0,0,0,S,-
13/04/2026 00:00,3004674817,19001,19,100080731,0,0,0,0,S,-
13/04/2026 00:00,3004674817,19001,19,100082656,0,0,0,0,S,-
13/04/2026 00:00,3004674817,19001,19,100083747,0,0,0,0,S,-
13/04/2026 00:00,3004674817,19001,19,100084467,4,4,4,0,S,-
13/04/2026 00:00,3004674817,19001,19,100088581,3,3,3,0,S,-
13/04/2026 00:00,3004674817,19001,19,100094850,0,0,0,0,S,-
13/04/2026 00:00,3004674817,19001,19,100105838,0,0,0,0,S,-
13/04/2026 00:00,3004674817,19001,19,100116748,2,2,2,0,S,-
13/04/2026 00:00,3004674817,19001,19,100123841,0,0,0,0,S,-
13/04/2026 00:00,3004674817,19001,19,100124668,0,0,0,0,S,-
13/04/2026 00:00,3004674817,19001,19,100124887,0,0,0,0,S,-
13/04/2026 00:00,3004674817,19001,19,100131155,0,0,0,0,S,-
13/04/2026 00:00,3004674817,19001,19,100137821,3,3,3,0,S,-
13/04/2026 00:00,3004674817,19001,19,100138576,0,0,0,0,S,-
13/04/2026 00:00,3004674817,19001,19,100138584,0,0,0,0,S,-
13/04/2026 00:00,3004674817,19001,19,100140991,0,0,0,0,S,-
13/04/2026 00:00,3004674817,19001,19,100141370,4,4,4,0,S,-
13/04/2026 00:00,3004674817,19001,19,100141425,2,2,2,0,S,-
13/04/2026 00:00,3004674817,19001,19,100145987,0,0,0,0,S,-
13/04/2026 00:00,3004674817,19001,19,100148248,4,4,4,0,S,-
13/04/2026 00:00,3004674817,19001,19,100149371,3,3,3,0,S,-
13/04/2026 00:00,3004674817,19001,19,100151498,0,0,0,0,S,-
13/04/2026 00:00,3004674817,19001,19,100155069,0,0,0,0,S,-
13/04/2026 00:00,3004674817,19001,19,100155296,0,0,0,0,S,-
13/04/2026 00:00,3004674817,19001,19,100160204,0,0,0,0,S,-
13/04/2026 00:00,3004674817,19001,19,100161549,0,0,0,0,S,-
13/04/2026 00:00,3004674817,19001,19,100174702,5,5,5,0,S,-
13/04/2026 00:00,3004674817,19001,19,100177436,4,4,4,0,S,-
13/04/2026 00:00,3004674817,19001,19,100186471,0,0,0,0,S,-
13/04/2026 00:00,3004674817,19001,19,100187001,4,4,4,0,S,-
13/04/2026 00:00,3004674817,19001,19,100187511,3,3,3,0,S,-
13/04/2026 00:00,3004674817,19001,19,100188047,5,5,5,0,S,-
13/04/2026 00:00,3004674817,19001,19,100189251,0,0,0,0,S,-
13/04/2026 00:00,3004674817,19001,19,100190606,0,0,0,0,S,-
13/04/2026 00:00,3004674817,19001,19,100191991,0,0,0,0,S,-
13/04/2026 00:00,3004674817,19001,19,100195685,0,0,0,0,S,-
13/04/2026 00:00,3004674817,19001,19,100198464,0,0,0,0,S,-
13/04/2026 00:00,3004674817,19001,19,100217320,6,6,6,0,S,-
13/04/2026 00:00,3004674817,19001,19,100224546,0,0,0,0,S,-
13/04/2026 00:00,3004674817,19001,19,100227042,2,2,2,0,S,-
13/04/2026 00:00,3004674817,19001,19,100227368,0,0,0,0,S,-
13/04/2026 00:00,3004674817,19001,19,100230161,0,0,0,0,S,-
13/04/2026 00:00,3004674817,19001,19,100230743,0,0,0,0,S,-
13/04/2026 00:00,3004674817,19001,19,100230786,0,0,0,0,S,-
13/04/2026 00:00,3004674817,19001,19,100230794,3,3,3,0,S,-
13/04/2026 00:00,3004674817,19001,19,100233493,0,0,0,0,S,-
13/04/2026 00:00,3004674817,19001,19,100238024,0,0,0,0,S,-
13/04/2026 00:00,3004674817,19001,19,100239191,0,0,0,0,S,-
13/04/2026 00:00,3004674817,19001,19,100247861,6,6,6,0,S,-
13/04/2026 00:00,3004674817,19001,19,100254278,0,0,0,0,S,-
13/04/2026 00:00,3004674817,19001,19,100262921,0,0,0,0,S,-
13/04/2026 00:00,3004674817,19001,19,100265428,0,0,0,0,S,-
13/04/2026 00:00,3004674817,19001,19,100265532,0,0,0,0,S,-
13/04/2026 00:00,3004674817,19001,19,100265583,0,0,0,0,S,-
13/04/2026 00:00,3004674817,19001,19,100266130,0,0,0,0,S,-
13/04/2026 00:00,3004674817,19001,19,100267239,0,0,0,0,S,-
13/04/2026 00:00,3004674817,19001,19,100267271,0,0,0,0,S,-
15/04/2026 00:00,3004681214,19001,19,119,3,3,3,0,S,-
15/04/2026 00:00,3004681214,19001,19,142,4,4,4,0,S,-
15/04/2026 00:00,3004681214,19001,19,150,2,2,2,0,S,-
15/04/2026 00:00,3004681214,19001,19,155,3,3,3,0,S,-
15/04/2026 00:00,3004681214,19001,19,192,3,3,3,0,S,-
15/04/2026 00:00,3004681214,19001,19,391,2,2,2,0,S,-
15/04/2026 00:00,3004681214,19001,19,4321,6,6,6,0,S,-
15/04/2026 00:00,3004681214,19001,19,4387,4,4,4,0,S,-
15/04/2026 00:00,3004681214,19001,19,6470,8,8,8,0,S,-
15/04/2026 00:00,3004681214,19001,19,7257,5,5,5,0,S,-
15/04/2026 00:00,3004681214,19001,19,7259,6,6,6,0,S,-
15/04/2026 00:00,3004681214,19001,19,8805,4,4,4,0,S,-
15/04/2026 00:00,3004681214,19001,19,11684,13,13,12,1,S,-
15/04/2026 00:00,3004681214,19001,19,17841,3,3,3,0,S,-
15/04/2026 00:00,3004681214,19001,19,18491,3,3,3,0,S,-
15/04/2026 00:00,3004681214,19001,19,22017,4,4,4,0,S,-
15/04/2026 00:00,3004681214,19001,19,22041,3,3,3,0,S,-
15/04/2026 00:00,3004681214,19001,19,23046,3,3,3,0,S,-
15/04/2026 00:00,3004681214,19001,19,24321,3,3,3,0,S,-
15/04/2026 00:00,3004681214,19001,19,24888,2,2,2,0,S,-
15/04/2026 00:00,3004681214,19001,19,25057,6,6,6,0,S,-
15/04/2026 00:00,3004681214,19001,19,26943,3,3,3,0,S,-
15/04/2026 00:00,3004681214,19001,19,26944,0,0,0,0,S,-
15/04/2026 00:00,3004681214,19001,19,27648,4,4,4,0,S,-
15/04/2026 00:00,3004681214,19001,19,27859,0,0,0,0,S,-
15/04/2026 00:00,3004681214,19001,19,28254,4,4,4,0,S,-
15/04/2026 00:00,3004681214,19001,19,29065,2,2,2,0,S,-
15/04/2026 00:00,3004681214,19001,19,30094,4,4,4,0,S,-
15/04/2026 00:00,3004681214,19001,19,32603,4,4,4,0,S,-
15/04/2026 00:00,3004681214,19001,19,34378,3,3,3,0,S,-
15/04/2026 00:00,3004681214,19001,19,34384,0,0,0,0,S,-
15/04/2026 00:00,3004681214,19001,19,34425,3,3,3,0,S,-
15/04/2026 00:00,3004681214,19001,19,35452,0,0,0,0,S,-
15/04/2026 00:00,3004681214,19001,19,35665,6,6,6,0,S,-
15/04/2026 00:00,3004681214,19001,19,36149,3,3,3,0,S,-
15/04/2026 00:00,3004681214,19001,19,37274,3,3,3,0,S,-
15/04/2026 00:00,3004681214,19001,19,38256,0,0,0,0,S,-
15/04/2026 00:00,3004681214,19001,19,38287,4,4,4,0,S,-
15/04/2026 00:00,3004681214,19001,19,38341,4,4,4,0,S,-
15/04/2026 00:00,3004681214,19001,19,39451,3,3,3,0,S,-
15/04/2026 00:00,3004681214,19001,19,39628,7,7,7,0,S,-
15/04/2026 00:00,3004681214,19001,19,41218,0,0,0,0,S,-
15/04/2026 00:00,3004681214,19001,19,41362,3,3,3,0,S,-
15/04/2026 00:00,3004681214,19001,19,41364,2,2,2,0,S,-
15/04/2026 00:00,3004681214,19001,19,41718,3,3,3,0,S,-
15/04/2026 00:00,3004681214,19001,19,42487,3,3,3,0,S,-
15/04/2026 00:00,3004681214,19001,19,42654,6,6,6,0,S,-
15/04/2026 00:00,3004681214,19001,19,43043,0,0,0,0,S,-
15/04/2026 00:00,3004681214,19001,19,44090,8,8,8,0,S,-
15/04/2026 00:00,3004681214,19001,19,45393,0,0,0,0,S,-
15/04/2026 00:00,3004681214,19001,19,46086,6,6,6,0,S,-
15/04/2026 00:00,3004681214,19001,19,46620,6,6,6,0,S,-
15/04/2026 00:00,3004681214,19001,19,47366,4,4,4,0,S,-
15/04/2026 00:00,3004681214,19001,19,48690,7,7,7,0,S,-
15/04/2026 00:00,3004681214,19001,19,48845,2,2,2,0,S,-
15/04/2026 00:00,3004681214,19001,19,49697,3,3,3,0,S,-
15/04/2026 00:00,3004681214,19001,19,49698,5,5,5,0,S,-
15/04/2026 00:00,3004681214,19001,19,50646,3,3,3,0,S,-
15/04/2026 00:00,3004681214,19001,19,50651,5,5,5,0,S,-
15/04/2026 00:00,3004681214,19001,19,50702,1,1,1,0,S,-
15/04/2026 00:00,3004681214,19001,19,52240,3,3,3,0,S,-
15/04/2026 00:00,3004681214,19001,19,52306,0,0,0,0,S,-
15/04/2026 00:00,3004681214,19001,19,53136,0,0,0,0,S,-
15/04/2026 00:00,3004681214,19001,19,55299,0,0,0,0,S,-
15/04/2026 00:00,3004681214,19001,19,55321,3,3,3,0,S,-
15/04/2026 00:00,3004681214,19001,19,55479,3,3,3,0,S,-
15/04/2026 00:00,3004681214,19001,19,56397,1,1,1,0,S,-
15/04/2026 00:00,3004681214,19001,19,56570,3,3,3,0,S,-
15/04/2026 00:00,3004681214,19001,19,56571,3,3,3,0,S,-
15/04/2026 00:00,3004681214,19001,19,56681,0,0,0,0,S,-
15/04/2026 00:00,3004681214,19001,19,56941,0,0,0,0,S,-
15/04/2026 00:00,3004681214,19001,19,56943,0,0,0,0,S,-
15/04/2026 00:00,3004681214,19001,19,56945,0,0,0,0,S,-
15/04/2026 00:00,3004681214,19001,19,58330,0,0,0,0,S,-
15/04/2026 00:00,3004681214,19001,19,60337,5,5,5,0,S,-
15/04/2026 00:00,3004681214,19001,19,60956,3,3,3,0,S,-
15/04/2026 00:00,3004681214,19001,19,61017,2,2,2,0,S,-
15/04/2026 00:00,3004681214,19001,19,61021,4,4,4,0,S,-
15/04/2026 00:00,3004681214,19001,19,62231,3,3,3,0,S,-
15/04/2026 00:00,3004681214,19001,19,62605,6,6,6,0,S,-
15/04/2026 00:00,3004681214,19001,19,62894,5,5,5,0,S,-
15/04/2026 00:00,3004681214,19001,19,63538,0,0,0,0,S,-
15/04/2026 00:00,3004681214,19001,19,64779,4,4,4,0,S,-
15/04/2026 00:00,3004681214,19001,19,65187,3,3,3,0,S,-
15/04/2026 00:00,3004681214,19001,19,66243,4,4,4,0,S,-
15/04/2026 00:00,3004681214,19001,19,66246,6,6,6,0,S,-
15/04/2026 00:00,3004681214,19001,19,68643,5,5,4,1,S,-
15/04/2026 00:00,3004681214,19001,19,68826,0,0,0,0,S,-
15/04/2026 00:00,3004681214,19001,19,68927,3,3,3,0,S,-
15/04/2026 00:00,3004681214,19001,19,68929,3,3,3,0,S,-
15/04/2026 00:00,3004681214,19001,19,69863,2,2,2,0,S,-
15/04/2026 00:00,3004681214,19001,19,69864,3,3,3,0,S,-
15/04/2026 00:00,3004681214,19001,19,71381,5,5,5,0,S,-
15/04/2026 00:00,3004681214,19001,19,72299,15,15,15,0,S,-
15/04/2026 00:00,3004681214,19001,19,73074,3,3,3,0,S,-
15/04/2026 00:00,3004681214,19001,19,73088,0,0,0,0,S,-
15/04/2026 00:00,3004681214,19001,19,73120,3,3,3,0,S,-
15/04/2026 00:00,3004681214,19001,19,73129,0,0,0,0,S,-
15/04/2026 00:00,3004681214,19001,19,73130,0,0,0,0,S,-
15/04/2026 00:00,3004681214,19001,19,73196,7,7,7,0,S,-
15/04/2026 00:00,3004681214,19001,19,74288,2,2,2,0,S,-
15/04/2026 00:00,3004681214,19001,19,74289,2,2,2,0,S,-
15/04/2026 00:00,3004681214,19001,19,74290,2,2,2,0,S,-
15/04/2026 00:00,3004681214,19001,19,74705,0,0,0,0,S,-
15/04/2026 00:00,3004681214,19001,19,75194,2,2,2,0,S,-
15/04/2026 00:00,3004681214,19001,19,75878,3,3,3,0,S,-
15/04/2026 00:00,3004681214,19001,19,76087,4,4,4,0,S,-
15/04/2026 00:00,3004681214,19001,19,83481,2,2,2,0,S,-
15/04/2026 00:00,3004681214,19001,19,83847,3,3,3,0,S,-
15/04/2026 00:00,3004681214,19001,19,84156,0,0,0,0,S,-
15/04/2026 00:00,3004681214,19001,19,85100,2,2,2,0,S,-
15/04/2026 00:00,3004681214,19001,19,85680,4,4,4,0,S,-
15/04/2026 00:00,3004681214,19001,19,86464,4,4,4,0,S,-
15/04/2026 00:00,3004681214,19001,19,86466,5,5,5,0,S,-
15/04/2026 00:00,3004681214,19001,19,86467,3,3,3,0,S,-
15/04/2026 00:00,3004681214,19001,19,86469,4,4,4,0,S,-
15/04/2026 00:00,3004681214,19001,19,86508,4,4,4,0,S,-
15/04/2026 00:00,3004681214,19001,19,87041,3,3,3,0,S,-
15/04/2026 00:00,3004681214,19001,19,87214,7,7,7,0,S,-
15/04/2026 00:00,3004681214,19001,19,87610,3,3,3,0,S,-
15/04/2026 00:00,3004681214,19001,19,88000,2,2,2,0,S,-
15/04/2026 00:00,3004681214,19001,19,89357,0,0,0,0,S,-
15/04/2026 00:00,3004681214,19001,19,89668,0,0,0,0,S,-
15/04/2026 00:00,3004681214,19001,19,89672,4,4,4,0,S,-
15/04/2026 00:00,3004681214,19001,19,91512,0,0,0,0,S,-
15/04/2026 00:00,3004681214,19001,19,91710,3,3,3,0,S,-
15/04/2026 00:00,3004681214,19001,19,92099,3,3,3,0,S,-
15/04/2026 00:00,3004681214,19001,19,100007171,5,5,5,0,S,-
15/04/2026 00:00,3004681214,19001,19,100007306,5,5,5,0,S,-
15/04/2026 00:00,3004681214,19001,19,100011997,2,2,2,0,S,-
15/04/2026 00:00,3004681214,19001,19,100021407,0,0,0,0,S,-
15/04/2026 00:00,3004681214,19001,19,100022346,0,0,0,0,S,-
15/04/2026 00:00,3004681214,19001,19,100025660,0,0,0,0,S,-
15/04/2026 00:00,3004681214,19001,19,100029214,3,3,3,0,S,-
15/04/2026 00:00,3004681214,19001,19,100031533,4,4,4,0,S,-
15/04/2026 00:00,3004681214,19001,19,100031761,0,0,0,0,S,-
15/04/2026 00:00,3004681214,19001,19,100031998,0,0,0,0,S,-
15/04/2026 00:00,3004681214,19001,19,100032026,4,4,4,0,S,-
15/04/2026 00:00,3004681214,19001,19,100037450,6,6,6,0,S,-
15/04/2026 00:00,3004681214,19001,19,100037530,4,4,4,0,S,-
15/04/2026 00:00,3004681214,19001,19,100037695,0,0,0,0,S,-
15/04/2026 00:00,3004681214,19001,19,100038479,3,3,3,0,S,-
15/04/2026 00:00,3004681214,19001,19,100045581,5,5,5,0,S,-
15/04/2026 00:00,3004681214,19001,19,100053521,0,0,0,0,S,-
15/04/2026 00:00,3004681214,19001,19,100057346,3,3,3,0,S,-
15/04/2026 00:00,3004681214,19001,19,100060916,2,2,2,0,S,-
15/04/2026 00:00,3004681214,19001,19,100062516,0,0,0,0,S,-
15/04/2026 00:00,3004681214,19001,19,100062639,0,0,0,0,S,-
15/04/2026 00:00,3004681214,19001,19,100062655,0,0,0,0,S,-
15/04/2026 00:00,3004681214,19001,19,100063164,3,3,3,0,S,-
15/04/2026 00:00,3004681214,19001,19,100063981,0,0,0,0,S,-
15/04/2026 00:00,3004681214,19001,19,100064917,2,2,2,0,S,-
15/04/2026 00:00,3004681214,19001,19,100067114,7,7,7,0,S,-
15/04/2026 00:00,3004681214,19001,19,100071332,3,3,3,0,S,-
15/04/2026 00:00,3004681214,19001,19,100072562,0,0,0,0,S,-
15/04/2026 00:00,3004681214,19001,19,100076731,0,0,0,0,S,-
15/04/2026 00:00,3004681214,19001,19,100078075,4,4,4,0,S,-
15/04/2026 00:00,3004681214,19001,19,100080589,0,0,0,0,S,-
15/04/2026 00:00,3004681214,19001,19,100080731,0,0,0,0,S,-
15/04/2026 00:00,3004681214,19001,19,100082656,0,0,0,0,S,-
15/04/2026 00:00,3004681214,19001,19,100083747,0,0,0,0,S,-
15/04/2026 00:00,3004681214,19001,19,100085460,3,3,3,0,S,-
15/04/2026 00:00,3004681214,19001,19,100086041,4,4,4,0,S,-
15/04/2026 00:00,3004681214,19001,19,100088581,3,3,3,0,S,-
15/04/2026 00:00,3004681214,19001,19,100094850,0,0,0,0,S,-
15/04/2026 00:00,3004681214,19001,19,100099159,0,0,0,0,S,-
15/04/2026 00:00,3004681214,19001,19,100100367,0,0,0,0,S,-
15/04/2026 00:00,3004681214,19001,19,100105838,0,0,0,0,S,-
15/04/2026 00:00,3004681214,19001,19,100110346,3,3,3,0,S,-
15/04/2026 00:00,3004681214,19001,19,100123260,0,0,0,0,S,-
15/04/2026 00:00,3004681214,19001,19,100123841,0,0,0,0,S,-
15/04/2026 00:00,3004681214,19001,19,100124705,4,4,4,0,S,-
15/04/2026 00:00,3004681214,19001,19,100124844,0,0,0,0,S,-
15/04/2026 00:00,3004681214,19001,19,100124887,2,0,0,2,S,-
15/04/2026 00:00,3004681214,19001,19,100128491,0,0,0,0,S,-
15/04/2026 00:00,3004681214,19001,19,100129856,0,0,0,0,S,-
15/04/2026 00:00,3004681214,19001,19,100131155,0,0,0,0,S,-
15/04/2026 00:00,3004681214,19001,19,100138461,3,3,3,0,S,-
15/04/2026 00:00,3004681214,19001,19,100138541,5,5,5,0,S,-
15/04/2026 00:00,3004681214,19001,19,100138576,0,0,0,0,S,-
15/04/2026 00:00,3004681214,19001,19,100138584,0,0,0,0,S,-
15/04/2026 00:00,3004681214,19001,19,100140991,0,0,0,0,S,-
15/04/2026 00:00,3004681214,19001,19,100144802,3,3,3,0,S,-
15/04/2026 00:00,3004681214,19001,19,100145987,0,0,0,0,S,-
15/04/2026 00:00,3004681214,19001,19,100148230,0,0,0,0,S,-
15/04/2026 00:00,3004681214,19001,19,100148731,4,4,4,0,S,-
15/04/2026 00:00,3004681214,19001,19,100151498,0,0,0,0,S,-
15/04/2026 00:00,3004681214,19001,19,100155069,0,0,0,0,S,-
15/04/2026 00:00,3004681214,19001,19,100155296,0,0,0,0,S,-
15/04/2026 00:00,3004681214,19001,19,100159131,4,4,4,0,S,-
15/04/2026 00:00,3004681214,19001,19,100160204,0,0,0,0,S,-
15/04/2026 00:00,3004681214,19001,19,100161282,2,2,2,0,S,-
15/04/2026 00:00,3004681214,19001,19,100161549,0,0,0,0,S,-
15/04/2026 00:00,3004681214,19001,19,100162171,0,0,0,0,S,-
15/04/2026 00:00,3004681214,19001,19,100169452,11,11,11,0,S,-
15/04/2026 00:00,3004681214,19001,19,100174825,31,31,31,0,S,-
15/04/2026 00:00,3004681214,19001,19,100186471,0,0,0,0,S,-
15/04/2026 00:00,3004681214,19001,19,100187992,3,3,3,0,S,-
15/04/2026 00:00,3004681214,19001,19,100189251,0,0,0,0,S,-
15/04/2026 00:00,3004681214,19001,19,100190198,3,3,3,0,S,-
15/04/2026 00:00,3004681214,19001,19,100190243,3,3,3,0,S,-
15/04/2026 00:00,3004681214,19001,19,100190606,0,0,0,0,S,-
15/04/2026 00:00,3004681214,19001,19,100191991,8,8,8,0,S,-
15/04/2026 00:00,3004681214,19001,19,100195685,0,0,0,0,S,-
15/04/2026 00:00,3004681214,19001,19,100198464,0,0,0,0,S,-
15/04/2026 00:00,3004681214,19001,19,100216651,10,10,10,0,S,-
15/04/2026 00:00,3004681214,19001,19,100216765,26,26,26,0,S,-
15/04/2026 00:00,3004681214,19001,19,100217258,0,0,0,0,S,-
15/04/2026 00:00,3004681214,19001,19,100224546,0,0,0,0,S,-
15/04/2026 00:00,3004681214,19001,19,100227368,0,0,0,0,S,-
15/04/2026 00:00,3004681214,19001,19,100230786,0,0,0,0,S,-
15/04/2026 00:00,3004681214,19001,19,100230794,3,3,3,0,S,-
15/04/2026 00:00,3004681214,19001,19,100233493,0,0,0,0,S,-
15/04/2026 00:00,3004681214,19001,19,100238024,0,0,0,0,S,-
15/04/2026 00:00,3004681214,19001,19,100238112,0,0,0,0,S,-
15/04/2026 00:00,3004681214,19001,19,100238921,8,8,8,0,S,-
15/04/2026 00:00,3004681214,19001,19,100239027,1,1,1,0,S,-
15/04/2026 00:00,3004681214,19001,19,100239191,0,0,0,0,S,-
15/04/2026 00:00,3004681214,19001,19,100241101,2,2,2,0,S,-
15/04/2026 00:00,3004681214,19001,19,100245558,8,8,8,0,S,-
15/04/2026 00:00,3004681214,19001,19,100246876,0,0,0,0,S,-
15/04/2026 00:00,3004681214,19001,19,100247422,6,6,6,0,S,-
15/04/2026 00:00,3004681214,19001,19,100254278,0,0,0,0,S,-
15/04/2026 00:00,3004681214,19001,19,100262921,0,0,0,0,S,-
15/04/2026 00:00,3004681214,19001,19,100265428,0,0,0,0,S,-
15/04/2026 00:00,3004681214,19001,19,100265532,0,0,0,0,S,-
15/04/2026 00:00,3004681214,19001,19,100265583,0,0,0,0,S,-
15/04/2026 00:00,3004681214,19001,19,100267204,3,3,3,0,S,-
15/04/2026 00:00,3004681214,19001,19,100267239,0,0,0,0,S,-
17/04/2026 00:00,3004683687,19001,19,262,4,4,4,0,S,-
17/04/2026 00:00,3004683687,19001,19,1851,4,4,4,0,S,-
17/04/2026 00:00,3004683687,19001,19,2781,7,7,7,0,S,-
17/04/2026 00:00,3004683687,19001,19,6879,3,3,3,0,S,-
17/04/2026 00:00,3004683687,19001,19,8101,5,5,5,0,S,-
17/04/2026 00:00,3004683687,19001,19,8709,5,5,5,0,S,-
17/04/2026 00:00,3004683687,19001,19,11114,3,3,3,0,S,-
17/04/2026 00:00,3004683687,19001,19,11684,9,9,9,0,S,-
17/04/2026 00:00,3004683687,19001,19,17841,3,3,3,0,S,-
17/04/2026 00:00,3004683687,19001,19,26521,3,3,3,0,S,-
17/04/2026 00:00,3004683687,19001,19,26944,0,0,0,0,S,-
17/04/2026 00:00,3004683687,19001,19,27859,0,0,0,0,S,-
17/04/2026 00:00,3004683687,19001,19,28307,3,3,3,0,S,-
17/04/2026 00:00,3004683687,19001,19,28870,7,7,7,0,S,-
17/04/2026 00:00,3004683687,19001,19,29065,2,2,2,0,S,-
17/04/2026 00:00,3004683687,19001,19,29976,4,4,4,0,S,-
17/04/2026 00:00,3004683687,19001,19,30049,3,3,3,0,S,-
17/04/2026 00:00,3004683687,19001,19,30058,3,3,3,0,S,-
17/04/2026 00:00,3004683687,19001,19,30540,3,3,3,0,S,-
17/04/2026 00:00,3004683687,19001,19,31591,3,3,3,0,S,-
17/04/2026 00:00,3004683687,19001,19,33151,6,6,6,0,S,-
17/04/2026 00:00,3004683687,19001,19,34365,4,4,4,0,S,-
17/04/2026 00:00,3004683687,19001,19,34384,0,0,0,0,S,-
17/04/2026 00:00,3004683687,19001,19,35452,0,0,0,0,S,-
17/04/2026 00:00,3004683687,19001,19,38256,0,0,0,0,S,-
17/04/2026 00:00,3004683687,19001,19,38260,3,3,3,0,S,-
17/04/2026 00:00,3004683687,19001,19,38263,4,4,4,0,S,-
17/04/2026 00:00,3004683687,19001,19,38350,4,4,2,2,S,-
17/04/2026 00:00,3004683687,19001,19,39677,5,5,5,0,S,-
17/04/2026 00:00,3004683687,19001,19,39678,3,3,3,0,S,-
17/04/2026 00:00,3004683687,19001,19,40067,6,6,6,0,S,-
17/04/2026 00:00,3004683687,19001,19,40291,1,1,1,0,S,-
17/04/2026 00:00,3004683687,19001,19,41114,3,3,3,0,S,-
17/04/2026 00:00,3004683687,19001,19,41218,5,5,5,0,S,-
17/04/2026 00:00,3004683687,19001,19,41450,6,6,6,0,S,-
17/04/2026 00:00,3004683687,19001,19,41470,3,3,3,0,S,-
17/04/2026 00:00,3004683687,19001,19,41955,3,3,3,0,S,-
17/04/2026 00:00,3004683687,19001,19,42487,3,3,3,0,S,-
17/04/2026 00:00,3004683687,19001,19,42959,6,6,6,0,S,-
17/04/2026 00:00,3004683687,19001,19,43043,0,0,0,0,S,-
17/04/2026 00:00,3004683687,19001,19,43118,6,6,6,0,S,-
17/04/2026 00:00,3004683687,19001,19,44342,5,5,5,0,S,-
17/04/2026 00:00,3004683687,19001,19,45865,3,3,3,0,S,-
17/04/2026 00:00,3004683687,19001,19,46016,3,3,3,0,S,-
17/04/2026 00:00,3004683687,19001,19,48403,2,2,2,0,S,-
17/04/2026 00:00,3004683687,19001,19,48845,0,0,0,0,S,-
17/04/2026 00:00,3004683687,19001,19,50702,0,0,0,0,S,-
17/04/2026 00:00,3004683687,19001,19,51084,3,3,3,0,S,-
17/04/2026 00:00,3004683687,19001,19,51293,2,2,2,0,S,-
17/04/2026 00:00,3004683687,19001,19,52119,3,3,3,0,S,-
17/04/2026 00:00,3004683687,19001,19,52181,3,3,3,0,S,-
17/04/2026 00:00,3004683687,19001,19,52306,17,17,17,0,S,-
17/04/2026 00:00,3004683687,19001,19,53136,0,0,0,0,S,-
17/04/2026 00:00,3004683687,19001,19,54424,7,7,7,0,S,-
17/04/2026 00:00,3004683687,19001,19,55321,4,4,4,0,S,-
17/04/2026 00:00,3004683687,19001,19,56618,3,3,3,0,S,-
17/04/2026 00:00,3004683687,19001,19,56681,0,0,0,0,S,-
17/04/2026 00:00,3004683687,19001,19,56942,0,0,0,0,S,-
17/04/2026 00:00,3004683687,19001,19,56943,0,0,0,0,S,-
17/04/2026 00:00,3004683687,19001,19,56945,0,0,0,0,S,-
17/04/2026 00:00,3004683687,19001,19,58330,0,0,0,0,S,-
17/04/2026 00:00,3004683687,19001,19,59989,6,6,6,0,S,-
17/04/2026 00:00,3004683687,19001,19,60643,6,6,6,0,S,-
17/04/2026 00:00,3004683687,19001,19,60865,4,4,4,0,S,-
17/04/2026 00:00,3004683687,19001,19,61220,3,3,3,0,S,-
17/04/2026 00:00,3004683687,19001,19,61829,7,7,7,0,S,-
17/04/2026 00:00,3004683687,19001,19,62207,5,5,5,0,S,-
17/04/2026 00:00,3004683687,19001,19,63538,0,0,0,0,S,-
17/04/2026 00:00,3004683687,19001,19,63573,3,3,3,0,S,-
17/04/2026 00:00,3004683687,19001,19,64245,4,4,4,0,S,-
17/04/2026 00:00,3004683687,19001,19,64246,4,4,4,0,S,-
17/04/2026 00:00,3004683687,19001,19,64725,15,15,15,0,S,-
17/04/2026 00:00,3004683687,19001,19,64782,7,7,7,0,S,-
17/04/2026 00:00,3004683687,19001,19,65150,5,5,5,0,S,-
17/04/2026 00:00,3004683687,19001,19,65188,3,3,2,1,S,-
17/04/2026 00:00,3004683687,19001,19,65957,0,0,0,0,S,-
17/04/2026 00:00,3004683687,19001,19,65961,7,7,7,0,S,-
17/04/2026 00:00,3004683687,19001,19,65962,0,0,0,0,S,-
17/04/2026 00:00,3004683687,19001,19,66179,2,2,2,0,S,-
17/04/2026 00:00,3004683687,19001,19,67863,6,6,6,0,S,-
17/04/2026 00:00,3004683687,19001,19,67932,4,4,4,0,S,-
17/04/2026 00:00,3004683687,19001,19,68826,0,0,0,0,S,-
17/04/2026 00:00,3004683687,19001,19,69801,4,4,4,0,S,-
17/04/2026 00:00,3004683687,19001,19,70096,4,4,4,0,S,-
17/04/2026 00:00,3004683687,19001,19,72171,3,3,3,0,S,-
17/04/2026 00:00,3004683687,19001,19,72173,3,3,3,0,S,-
17/04/2026 00:00,3004683687,19001,19,73088,0,0,0,0,S,-
17/04/2026 00:00,3004683687,19001,19,73129,0,0,0,0,S,-
17/04/2026 00:00,3004683687,19001,19,73130,0,0,0,0,S,-
17/04/2026 00:00,3004683687,19001,19,74280,4,4,4,0,S,-
17/04/2026 00:00,3004683687,19001,19,74705,0,0,0,0,S,-
17/04/2026 00:00,3004683687,19001,19,75801,4,4,4,0,S,-
17/04/2026 00:00,3004683687,19001,19,83143,0,0,0,0,S,-
17/04/2026 00:00,3004683687,19001,19,83459,3,3,3,0,S,-
17/04/2026 00:00,3004683687,19001,19,84156,0,0,0,0,S,-
17/04/2026 00:00,3004683687,19001,19,84266,4,4,4,0,S,-
17/04/2026 00:00,3004683687,19001,19,84966,0,0,0,0,S,-
17/04/2026 00:00,3004683687,19001,19,85716,3,3,3,0,S,-
17/04/2026 00:00,3004683687,19001,19,86508,3,3,3,0,S,-
17/04/2026 00:00,3004683687,19001,19,86704,4,4,4,0,S,-
17/04/2026 00:00,3004683687,19001,19,88376,7,7,7,0,S,-
17/04/2026 00:00,3004683687,19001,19,88603,3,3,3,0,S,-
17/04/2026 00:00,3004683687,19001,19,89357,0,0,0,0,S,-
17/04/2026 00:00,3004683687,19001,19,89361,0,0,0,0,S,-
17/04/2026 00:00,3004683687,19001,19,89473,3,3,3,0,S,-
17/04/2026 00:00,3004683687,19001,19,89557,6,6,6,0,S,-
17/04/2026 00:00,3004683687,19001,19,89639,6,6,6,0,S,-
17/04/2026 00:00,3004683687,19001,19,89668,0,0,0,0,S,-
17/04/2026 00:00,3004683687,19001,19,91485,7,7,7,0,S,-
17/04/2026 00:00,3004683687,19001,19,91512,5,5,4,1,S,-
17/04/2026 00:00,3004683687,19001,19,92329,5,5,5,0,S,-
17/04/2026 00:00,3004683687,19001,19,92333,7,7,7,0,S,-
17/04/2026 00:00,3004683687,19001,19,100007074,6,6,6,0,S,-
17/04/2026 00:00,3004683687,19001,19,100007285,3,3,3,0,S,-
17/04/2026 00:00,3004683687,19001,19,100014258,3,3,3,0,S,-
17/04/2026 00:00,3004683687,19001,19,100018523,3,3,3,0,S,-
17/04/2026 00:00,3004683687,19001,19,100021407,0,0,0,0,S,-
17/04/2026 00:00,3004683687,19001,19,100022346,0,0,0,0,S,-
17/04/2026 00:00,3004683687,19001,19,100025660,0,0,0,0,S,-
17/04/2026 00:00,3004683687,19001,19,100031533,4,4,4,0,S,-
17/04/2026 00:00,3004683687,19001,19,100031921,3,3,3,0,S,-
17/04/2026 00:00,3004683687,19001,19,100032026,3,3,3,0,S,-
17/04/2026 00:00,3004683687,19001,19,100034945,3,3,3,0,S,-
17/04/2026 00:00,3004683687,19001,19,100036182,4,4,4,0,S,-
17/04/2026 00:00,3004683687,19001,19,100037695,0,0,0,0,S,-
17/04/2026 00:00,3004683687,19001,19,100041791,7,7,7,0,S,-
17/04/2026 00:00,3004683687,19001,19,100050283,6,6,6,0,S,-
17/04/2026 00:00,3004683687,19001,19,100053521,4,4,4,0,S,-
17/04/2026 00:00,3004683687,19001,19,100062516,0,0,0,0,S,-
17/04/2026 00:00,3004683687,19001,19,100062655,0,0,0,0,S,-
17/04/2026 00:00,3004683687,19001,19,100063981,0,0,0,0,S,-
17/04/2026 00:00,3004683687,19001,19,100068715,2,2,2,0,S,-
17/04/2026 00:00,3004683687,19001,19,100068985,1,1,1,0,S,-
17/04/2026 00:00,3004683687,19001,19,100069689,0,0,0,0,S,-
17/04/2026 00:00,3004683687,19001,19,100069700,0,0,0,0,S,-
17/04/2026 00:00,3004683687,19001,19,100070647,4,4,4,0,S,-
17/04/2026 00:00,3004683687,19001,19,100071228,3,3,3,0,S,-
17/04/2026 00:00,3004683687,19001,19,100072562,0,0,0,0,S,-
17/04/2026 00:00,3004683687,19001,19,100076731,0,0,0,0,S,-
17/04/2026 00:00,3004683687,19001,19,100077689,8,8,8,0,S,-
17/04/2026 00:00,3004683687,19001,19,100078497,3,3,3,0,S,-
17/04/2026 00:00,3004683687,19001,19,100080589,0,0,0,0,S,-
17/04/2026 00:00,3004683687,19001,19,100080731,0,0,0,0,S,-
17/04/2026 00:00,3004683687,19001,19,100082656,0,0,0,0,S,-
17/04/2026 00:00,3004683687,19001,19,100083747,0,0,0,0,S,-
17/04/2026 00:00,3004683687,19001,19,100084969,3,3,2,1,S,-
17/04/2026 00:00,3004683687,19001,19,100085081,2,2,2,0,S,-
17/04/2026 00:00,3004683687,19001,19,100094850,0,0,0,0,S,-
17/04/2026 00:00,3004683687,19001,19,100098113,3,3,3,0,S,-
17/04/2026 00:00,3004683687,19001,19,100099159,0,0,0,0,S,-
17/04/2026 00:00,3004683687,19001,19,100100367,0,0,0,0,S,-
17/04/2026 00:00,3004683687,19001,19,100110223,3,3,3,0,S,-
17/04/2026 00:00,3004683687,19001,19,100123841,0,0,0,0,S,-
17/04/2026 00:00,3004683687,19001,19,100124625,5,5,5,0,S,-
17/04/2026 00:00,3004683687,19001,19,100124844,0,0,0,0,S,-
17/04/2026 00:00,3004683687,19001,19,100124887,0,0,0,0,S,-
17/04/2026 00:00,3004683687,19001,19,100128491,0,0,0,0,S,-
17/04/2026 00:00,3004683687,19001,19,100129856,0,0,0,0,S,-
17/04/2026 00:00,3004683687,19001,19,100131155,0,0,0,0,S,-
17/04/2026 00:00,3004683687,19001,19,100133783,4,4,4,0,S,-
17/04/2026 00:00,3004683687,19001,19,100137223,3,3,3,0,S,-
17/04/2026 00:00,3004683687,19001,19,100137389,7,7,7,0,S,-
17/04/2026 00:00,3004683687,19001,19,100137856,3,3,3,0,S,-
17/04/2026 00:00,3004683687,19001,19,100138576,0,0,0,0,S,-
17/04/2026 00:00,3004683687,19001,19,100138584,0,0,0,0,S,-
17/04/2026 00:00,3004683687,19001,19,100140991,0,0,0,0,S,-
17/04/2026 00:00,3004683687,19001,19,100145987,0,0,0,0,S,-
17/04/2026 00:00,3004683687,19001,19,100154980,2,2,2,0,S,-
17/04/2026 00:00,3004683687,19001,19,100156660,3,3,3,0,S,-
17/04/2026 00:00,3004683687,19001,19,100160204,0,0,0,0,S,-
17/04/2026 00:00,3004683687,19001,19,100161549,0,0,0,0,S,-
17/04/2026 00:00,3004683687,19001,19,100161581,3,3,3,0,S,-
17/04/2026 00:00,3004683687,19001,19,100162171,3,3,3,0,S,-
17/04/2026 00:00,3004683687,19001,19,100169073,0,0,0,0,S,-
17/04/2026 00:00,3004683687,19001,19,100169090,2,2,2,0,S,-
17/04/2026 00:00,3004683687,19001,19,100170306,1,1,1,0,S,-
17/04/2026 00:00,3004683687,19001,19,100170592,3,3,3,0,S,-
17/04/2026 00:00,3004683687,19001,19,100174059,3,3,3,0,S,-
17/04/2026 00:00,3004683687,19001,19,100174278,6,6,6,0,S,-
17/04/2026 00:00,3004683687,19001,19,100177014,3,3,3,0,S,-
17/04/2026 00:00,3004683687,19001,19,100186471,0,0,0,0,S,-
17/04/2026 00:00,3004683687,19001,19,100187600,0,0,0,0,S,-
17/04/2026 00:00,3004683687,19001,19,100189251,0,0,0,0,S,-
17/04/2026 00:00,3004683687,19001,19,100190606,3,3,3,0,S,-
17/04/2026 00:00,3004683687,19001,19,100194359,0,0,0,0,S,-
17/04/2026 00:00,3004683687,19001,19,100195685,0,0,0,0,S,-
17/04/2026 00:00,3004683687,19001,19,100205610,5,5,5,0,S,-
17/04/2026 00:00,3004683687,19001,19,100205644,4,4,4,0,S,-
17/04/2026 00:00,3004683687,19001,19,100217258,0,0,0,0,S,-
17/04/2026 00:00,3004683687,19001,19,100218779,3,3,3,0,S,-
17/04/2026 00:00,3004683687,19001,19,100219675,4,4,4,0,S,-
17/04/2026 00:00,3004683687,19001,19,100227042,2,2,2,0,S,-
17/04/2026 00:00,3004683687,19001,19,100230161,0,0,0,0,S,-
17/04/2026 00:00,3004683687,19001,19,100230786,3,3,3,0,S,-
17/04/2026 00:00,3004683687,19001,19,100233493,0,0,0,0,S,-
17/04/2026 00:00,3004683687,19001,19,100238024,0,0,0,0,S,-
17/04/2026 00:00,3004683687,19001,19,100238112,0,0,0,0,S,-
17/04/2026 00:00,3004683687,19001,19,100239191,0,0,0,0,S,-
17/04/2026 00:00,3004683687,19001,19,100241080,3,3,3,0,S,-
17/04/2026 00:00,3004683687,19001,19,100241080,3,3,3,0,S,-
17/04/2026 00:00,3004683687,19001,19,100250445,8,8,8,0,S,-
17/04/2026 00:00,3004683687,19001,19,100254278,0,0,0,0,S,-
17/04/2026 00:00,3004683687,19001,19,100262921,2,2,2,0,S,-
17/04/2026 00:00,3004683687,19001,19,100265428,0,0,0,0,S,-
17/04/2026 00:00,3004683687,19001,19,100265532,0,0,0,0,S,-
17/04/2026 00:00,3004683687,19001,19,100265583,0,0,0,0,S,-
17/04/2026 00:00,3004683687,19001,19,100266130,0,0,0,0,S,-
17/04/2026 00:00,3004683687,19001,19,100267239,0,0,0,0,S,-
17/04/2026 00:00,3004683687,19001,19,100267271,0,0,0,0,S,-
22/04/2026 00:00,3004688603,19001,19,5,5,5,5,0,S,-
22/04/2026 00:00,3004688603,19001,19,6,5,5,5,0,S,-
22/04/2026 00:00,3004688603,19001,19,159,5,5,5,0,S,-
22/04/2026 00:00,3004688603,19001,19,262,3,3,3,0,S,-
22/04/2026 00:00,3004688603,19001,19,349,4,4,4,0,S,-
22/04/2026 00:00,3004688603,19001,19,372,4,4,4,0,S,-
22/04/2026 00:00,3004688603,19001,19,1660,3,3,3,0,S,-
22/04/2026 00:00,3004688603,19001,19,1852,3,3,3,0,S,-
22/04/2026 00:00,3004688603,19001,19,6470,4,4,4,0,S,-
22/04/2026 00:00,3004688603,19001,19,6473,5,5,5,0,S,-
22/04/2026 00:00,3004688603,19001,19,6879,4,4,4,0,S,-
22/04/2026 00:00,3004688603,19001,19,6890,4,4,4,0,S,-
22/04/2026 00:00,3004688603,19001,19,7257,6,6,6,0,S,-
22/04/2026 00:00,3004688603,19001,19,10894,2,2,2,0,S,-
22/04/2026 00:00,3004688603,19001,19,16620,4,4,4,0,S,-
22/04/2026 00:00,3004688603,19001,19,18470,8,8,8,0,S,-
22/04/2026 00:00,3004688603,19001,19,20953,12,12,12,0,S,-
22/04/2026 00:00,3004688603,19001,19,22017,3,3,3,0,S,-
22/04/2026 00:00,3004688603,19001,19,24015,7,7,7,0,S,-
22/04/2026 00:00,3004688603,19001,19,24889,3,3,3,0,S,-
22/04/2026 00:00,3004688603,19001,19,26252,0,0,0,0,S,-
22/04/2026 00:00,3004688603,19001,19,26509,3,3,3,0,S,-
22/04/2026 00:00,3004688603,19001,19,26944,0,0,0,0,S,-
22/04/2026 00:00,3004688603,19001,19,27411,10,10,10,0,S,-
22/04/2026 00:00,3004688603,19001,19,27647,4,4,4,0,S,-
22/04/2026 00:00,3004688603,19001,19,27657,3,3,3,0,S,-
22/04/2026 00:00,3004688603,19001,19,27859,0,0,0,0,S,-
22/04/2026 00:00,3004688603,19001,19,30048,4,4,4,0,S,-
22/04/2026 00:00,3004688603,19001,19,30049,3,3,3,0,S,-
22/04/2026 00:00,3004688603,19001,19,30060,4,4,4,0,S,-
22/04/2026 00:00,3004688603,19001,19,31591,3,3,3,0,S,-
22/04/2026 00:00,3004688603,19001,19,35452,0,0,0,0,S,-
22/04/2026 00:00,3004688603,19001,19,35665,7,7,7,0,S,-
22/04/2026 00:00,3004688603,19001,19,35666,20,20,20,0,S,-
22/04/2026 00:00,3004688603,19001,19,35669,3,3,3,0,S,-
22/04/2026 00:00,3004688603,19001,19,35712,3,3,3,0,S,-
22/04/2026 00:00,3004688603,19001,19,37870,8,8,8,0,S,-
22/04/2026 00:00,3004688603,19001,19,38257,6,6,6,0,S,-
22/04/2026 00:00,3004688603,19001,19,38289,4,4,4,0,S,-
22/04/2026 00:00,3004688603,19001,19,41356,3,3,3,0,S,-
22/04/2026 00:00,3004688603,19001,19,41357,3,3,3,0,S,-
22/04/2026 00:00,3004688603,19001,19,41461,6,6,6,0,S,-
22/04/2026 00:00,3004688603,19001,19,41732,3,3,3,0,S,-
22/04/2026 00:00,3004688603,19001,19,43043,0,0,0,0,S,-
22/04/2026 00:00,3004688603,19001,19,43877,8,8,8,0,S,-
22/04/2026 00:00,3004688603,19001,19,44875,3,3,3,0,S,-
22/04/2026 00:00,3004688603,19001,19,45393,0,0,0,0,S,-
22/04/2026 00:00,3004688603,19001,19,48845,0,0,0,0,S,-
22/04/2026 00:00,3004688603,19001,19,50645,3,3,3,0,S,-
22/04/2026 00:00,3004688603,19001,19,50702,0,0,0,0,S,-
22/04/2026 00:00,3004688603,19001,19,51160,5,5,5,0,S,-
22/04/2026 00:00,3004688603,19001,19,53136,0,0,0,0,S,-
22/04/2026 00:00,3004688603,19001,19,55299,0,0,0,0,S,-
22/04/2026 00:00,3004688603,19001,19,55790,4,4,4,0,S,-
22/04/2026 00:00,3004688603,19001,19,56831,11,11,11,0,S,-
22/04/2026 00:00,3004688603,19001,19,56943,0,0,0,0,S,-
22/04/2026 00:00,3004688603,19001,19,58330,0,0,0,0,S,-
22/04/2026 00:00,3004688603,19001,19,59640,0,0,0,0,S,-
22/04/2026 00:00,3004688603,19001,19,61021,7,7,7,0,S,-
22/04/2026 00:00,3004688603,19001,19,62894,4,4,4,0,S,-
22/04/2026 00:00,3004688603,19001,19,63083,5,5,5,0,S,-
22/04/2026 00:00,3004688603,19001,19,63538,0,0,0,0,S,-
22/04/2026 00:00,3004688603,19001,19,64416,0,0,0,0,S,-
22/04/2026 00:00,3004688603,19001,19,66125,7,7,7,0,S,-
22/04/2026 00:00,3004688603,19001,19,66251,3,3,3,0,S,-
22/04/2026 00:00,3004688603,19001,19,68826,0,0,0,0,S,-
22/04/2026 00:00,3004688603,19001,19,69682,0,0,0,0,S,-
22/04/2026 00:00,3004688603,19001,19,70077,8,8,8,0,S,-
22/04/2026 00:00,3004688603,19001,19,71381,6,6,6,0,S,-
22/04/2026 00:00,3004688603,19001,19,73111,0,0,0,0,S,-
22/04/2026 00:00,3004688603,19001,19,73123,3,3,3,0,S,-
22/04/2026 00:00,3004688603,19001,19,73129,0,0,0,0,S,-
22/04/2026 00:00,3004688603,19001,19,73130,0,0,0,0,S,-
22/04/2026 00:00,3004688603,19001,19,73192,0,0,0,0,S,-
22/04/2026 00:00,3004688603,19001,19,73203,2,2,2,0,S,-
22/04/2026 00:00,3004688603,19001,19,73770,5,5,5,0,S,-
22/04/2026 00:00,3004688603,19001,19,73869,3,3,3,0,S,-
22/04/2026 00:00,3004688603,19001,19,74251,12,12,12,0,S,-
22/04/2026 00:00,3004688603,19001,19,74705,0,0,0,0,S,-
22/04/2026 00:00,3004688603,19001,19,75194,2,2,2,0,S,-
22/04/2026 00:00,3004688603,19001,19,75878,3,3,3,0,S,-
22/04/2026 00:00,3004688603,19001,19,76794,0,0,0,0,S,-
22/04/2026 00:00,3004688603,19001,19,79407,0,0,0,0,S,-
22/04/2026 00:00,3004688603,19001,19,80419,3,3,3,0,S,-
22/04/2026 00:00,3004688603,19001,19,82965,4,4,4,0,S,-
22/04/2026 00:00,3004688603,19001,19,82966,3,3,3,0,S,-
22/04/2026 00:00,3004688603,19001,19,82967,4,4,4,0,S,-
22/04/2026 00:00,3004688603,19001,19,82968,4,4,4,0,S,-
22/04/2026 00:00,3004688603,19001,19,83125,0,0,0,0,S,-
22/04/2026 00:00,3004688603,19001,19,83143,0,0,0,0,S,-
22/04/2026 00:00,3004688603,19001,19,83940,2,2,2,0,S,-
22/04/2026 00:00,3004688603,19001,19,84156,0,0,0,0,S,-
22/04/2026 00:00,3004688603,19001,19,84264,6,6,6,0,S,-
22/04/2026 00:00,3004688603,19001,19,84966,0,0,0,0,S,-
22/04/2026 00:00,3004688603,19001,19,86629,10,10,10,0,S,-
22/04/2026 00:00,3004688603,19001,19,86759,0,0,0,0,S,-
22/04/2026 00:00,3004688603,19001,19,88518,2,2,2,0,S,-
22/04/2026 00:00,3004688603,19001,19,89668,0,0,0,0,S,-
22/04/2026 00:00,3004688603,19001,19,91273,6,6,6,0,S,-
22/04/2026 00:00,3004688603,19001,19,92337,6,6,6,0,S,-
22/04/2026 00:00,3004688603,19001,19,92660,2,2,2,0,S,-
22/04/2026 00:00,3004688603,19001,19,93052,3,3,3,0,S,-
22/04/2026 00:00,3004688603,19001,19,100007031,8,8,8,0,S,-
22/04/2026 00:00,3004688603,19001,19,100017846,4,4,4,0,S,-
22/04/2026 00:00,3004688603,19001,19,100022346,0,0,0,0,S,-
22/04/2026 00:00,3004688603,19001,19,100025660,0,0,0,0,S,-
22/04/2026 00:00,3004688603,19001,19,100031533,7,7,7,0,S,-
22/04/2026 00:00,3004688603,19001,19,100031761,0,0,0,0,S,-
22/04/2026 00:00,3004688603,19001,19,100035614,0,0,0,0,S,-
22/04/2026 00:00,3004688603,19001,19,100036191,0,0,0,0,S,-
22/04/2026 00:00,3004688603,19001,19,100037652,5,5,5,0,S,-
22/04/2026 00:00,3004688603,19001,19,100037695,0,0,0,0,S,-
22/04/2026 00:00,3004688603,19001,19,100039252,0,0,0,0,S,-
22/04/2026 00:00,3004688603,19001,19,100046882,3,3,3,0,S,-
22/04/2026 00:00,3004688603,19001,19,100057346,3,3,3,0,S,-
22/04/2026 00:00,3004688603,19001,19,100061345,5,5,5,0,S,-
22/04/2026 00:00,3004688603,19001,19,100062057,5,5,5,0,S,-
22/04/2026 00:00,3004688603,19001,19,100062516,0,0,0,0,S,-
22/04/2026 00:00,3004688603,19001,19,100062655,0,0,0,0,S,-
22/04/2026 00:00,3004688603,19001,19,100063025,4,4,4,0,S,-
22/04/2026 00:00,3004688603,19001,19,100068723,4,4,4,0,S,-
22/04/2026 00:00,3004688603,19001,19,100069005,1,1,1,0,S,-
22/04/2026 00:00,3004688603,19001,19,100069689,3,3,3,0,S,-
22/04/2026 00:00,3004688603,19001,19,100071252,5,5,5,0,S,-
22/04/2026 00:00,3004688603,19001,19,100072520,3,3,3,0,S,-
22/04/2026 00:00,3004688603,19001,19,100072562,0,0,0,0,S,-
22/04/2026 00:00,3004688603,19001,19,100073451,3,3,3,0,S,-
22/04/2026 00:00,3004688603,19001,19,100074867,3,3,3,0,S,-
22/04/2026 00:00,3004688603,19001,19,100076731,0,0,0,0,S,-
22/04/2026 00:00,3004688603,19001,19,100077435,0,0,0,0,S,-
22/04/2026 00:00,3004688603,19001,19,100078446,3,3,3,0,S,-
22/04/2026 00:00,3004688603,19001,19,100080001,3,3,3,0,S,-
22/04/2026 00:00,3004688603,19001,19,100082162,0,0,0,0,S,-
22/04/2026 00:00,3004688603,19001,19,100082656,0,0,0,0,S,-
22/04/2026 00:00,3004688603,19001,19,100082672,0,0,0,0,S,-
22/04/2026 00:00,3004688603,19001,19,100083747,0,0,0,0,S,-
22/04/2026 00:00,3004688603,19001,19,100096564,5,5,5,0,S,-
22/04/2026 00:00,3004688603,19001,19,100099159,0,0,0,0,S,-
22/04/2026 00:00,3004688603,19001,19,100105803,0,0,0,0,S,-
22/04/2026 00:00,3004688603,19001,19,100123260,10,10,10,0,S,-
22/04/2026 00:00,3004688603,19001,19,100123841,0,0,0,0,S,-
22/04/2026 00:00,3004688603,19001,19,100124641,0,0,0,0,S,-
22/04/2026 00:00,3004688603,19001,19,100124844,0,0,0,0,S,-
22/04/2026 00:00,3004688603,19001,19,100128491,0,0,0,0,S,-
22/04/2026 00:00,3004688603,19001,19,100129856,0,0,0,0,S,-
22/04/2026 00:00,3004688603,19001,19,100129881,0,0,0,0,S,-
22/04/2026 00:00,3004688603,19001,19,100131155,0,0,0,0,S,-
22/04/2026 00:00,3004688603,19001,19,100138517,4,4,4,0,S,-
22/04/2026 00:00,3004688603,19001,19,100138576,0,0,0,0,S,-
22/04/2026 00:00,3004688603,19001,19,100138584,0,0,0,0,S,-
22/04/2026 00:00,3004688603,19001,19,100140983,4,4,4,0,S,-
22/04/2026 00:00,3004688603,19001,19,100140991,0,0,0,0,S,-
22/04/2026 00:00,3004688603,19001,19,100145987,0,0,0,0,S,-
22/04/2026 00:00,3004688603,19001,19,100148230,0,0,0,0,S,-
22/04/2026 00:00,3004688603,19001,19,100148619,3,3,3,0,S,-
22/04/2026 00:00,3004688603,19001,19,100151308,3,3,3,0,S,-
22/04/2026 00:00,3004688603,19001,19,100151498,0,0,0,0,S,-
22/04/2026 00:00,3004688603,19001,19,100155317,4,4,4,0,S,-
22/04/2026 00:00,3004688603,19001,19,100160204,0,0,0,0,S,-
22/04/2026 00:00,3004688603,19001,19,100161549,0,0,0,0,S,-
22/04/2026 00:00,3004688603,19001,19,100169073,0,0,0,0,S,-
22/04/2026 00:00,3004688603,19001,19,100171675,0,0,0,0,S,-
22/04/2026 00:00,3004688603,19001,19,100174585,3,3,3,0,S,-
22/04/2026 00:00,3004688603,19001,19,100174606,3,3,3,0,S,-
22/04/2026 00:00,3004688603,19001,19,100175220,7,7,7,0,S,-
22/04/2026 00:00,3004688603,19001,19,100186471,0,0,0,0,S,-
22/04/2026 00:00,3004688603,19001,19,100187511,3,3,3,0,S,-
22/04/2026 00:00,3004688603,19001,19,100189251,9,0,0,9,S,-
22/04/2026 00:00,3004688603,19001,19,100195685,0,0,0,0,S,-
22/04/2026 00:00,3004688603,19001,19,100198464,0,0,0,0,S,-
22/04/2026 00:00,3004688603,19001,19,100200325,3,3,3,0,S,-
22/04/2026 00:00,3004688603,19001,19,100216651,0,0,0,0,S,-
22/04/2026 00:00,3004688603,19001,19,100217282,0,0,0,0,S,-
22/04/2026 00:00,3004688603,19001,19,100218664,6,6,6,0,S,-
22/04/2026 00:00,3004688603,19001,19,100226568,2,2,2,0,S,-
22/04/2026 00:00,3004688603,19001,19,100227368,0,0,0,0,S,-
22/04/2026 00:00,3004688603,19001,19,100228432,3,3,3,0,S,-
22/04/2026 00:00,3004688603,19001,19,100230102,5,5,5,0,S,-
22/04/2026 00:00,3004688603,19001,19,100230153,5,5,5,0,S,-
22/04/2026 00:00,3004688603,19001,19,100233493,0,0,0,0,S,-
22/04/2026 00:00,3004688603,19001,19,100238024,0,0,0,0,S,-
22/04/2026 00:00,3004688603,19001,19,100238112,0,0,0,0,S,-
22/04/2026 00:00,3004688603,19001,19,100239027,1,1,1,0,S,-
22/04/2026 00:00,3004688603,19001,19,100239191,0,0,0,0,S,-
22/04/2026 00:00,3004688603,19001,19,100251456,3,3,3,0,S,-
22/04/2026 00:00,3004688603,19001,19,100254278,0,0,0,0,S,-
22/04/2026 00:00,3004688603,19001,19,100265428,0,0,0,0,S,-
22/04/2026 00:00,3004688603,19001,19,100265532,0,0,0,0,S,-
22/04/2026 00:00,3004688603,19001,19,100266130,0,0,0,0,S,-
22/04/2026 00:00,3004688603,19001,19,100267239,0,0,0,0,S,-
23/04/2026 11:59,3004688960,19001,19,100267212,8,8,8,0,S,-
23/04/2026 11:59,3004688960,19001,19,100269007,8,8,8,0,S,-
23/04/2026 11:59,3004688960,19001,19,100269091,8,8,8,0,S,-
23/04/2026 11:59,3004688960,19001,19,100271254,8,8,8,0,S,-
23/04/2026 11:59,3004688960,19001,19,100271262,8,8,8,0,S,-
23/04/2026 11:59,3004688960,19001,19,100273436,8,8,8,0,S,-
23/04/2026 11:59,3004688960,19001,19,100276792,4,4,4,0,S,-
23/04/2026 11:59,3004688960,19001,19,100277171,8,8,7,1,S,-
23/04/2026 11:59,3004688960,19001,19,100277189,8,8,8,0,S,-
23/04/2026 11:59,3004688960,19001,19,100277200,8,8,8,0,S,-
23/04/2026 18:35,3004689531,19001,19,6891,100,100,0,100,S,-
23/04/2026 18:35,3004689531,19001,19,11684,12,12,0,12,S,-
23/04/2026 18:35,3004689531,19001,19,22748,4,4,0,4,S,-
23/04/2026 18:35,3004689531,19001,19,22973,2,2,0,2,S,-
23/04/2026 18:35,3004689531,19001,19,28307,1,1,0,1,S,-
23/04/2026 18:35,3004689531,19001,19,40142,2,2,0,2,S,-
23/04/2026 18:35,3004689531,19001,19,55192,1,1,0,1,S,-
23/04/2026 18:35,3004689531,19001,19,58330,0,0,0,0,S,-
23/04/2026 18:35,3004689531,19001,19,61021,4,4,0,4,S,-
23/04/2026 18:35,3004689531,19001,19,69801,1,1,0,1,S,-
23/04/2026 18:35,3004689531,19001,19,73130,1,1,0,1,S,-
23/04/2026 18:35,3004689531,19001,19,83481,1,1,0,1,S,-
23/04/2026 18:35,3004689531,19001,19,86469,1,1,0,1,S,-
23/04/2026 18:35,3004689531,19001,19,100036262,0,0,0,0,S,-
23/04/2026 18:35,3004689531,19001,19,100062057,16,16,0,16,S,-
23/04/2026 18:35,3004689531,19001,19,100230153,1,1,0,1,S,-
24/04/2026 00:00,3004690554,19001,19,1,3,3,0,3,S,-
24/04/2026 00:00,3004690554,19001,19,6,3,3,0,3,S,-
24/04/2026 00:00,3004690554,19001,19,33,3,3,0,3,S,-
24/04/2026 00:00,3004690554,19001,19,1088,3,3,0,3,S,-
24/04/2026 00:00,3004690554,19001,19,1424,3,3,0,3,S,-
24/04/2026 00:00,3004690554,19001,19,1849,2,2,0,2,S,-
24/04/2026 00:00,3004690554,19001,19,3972,3,3,0,3,S,-
24/04/2026 00:00,3004690554,19001,19,5883,3,3,0,3,S,-
24/04/2026 00:00,3004690554,19001,19,11698,4,4,0,4,S,-
24/04/2026 00:00,3004690554,19001,19,16583,4,4,0,4,S,-
24/04/2026 00:00,3004690554,19001,19,17277,4,4,0,4,S,-
24/04/2026 00:00,3004690554,19001,19,17841,6,6,0,6,S,-
24/04/2026 00:00,3004690554,19001,19,22041,3,3,0,3,S,-
24/04/2026 00:00,3004690554,19001,19,23046,3,3,0,3,S,-
24/04/2026 00:00,3004690554,19001,19,26252,0,0,0,0,S,-
24/04/2026 00:00,3004690554,19001,19,26944,0,0,0,0,S,-
24/04/2026 00:00,3004690554,19001,19,27648,3,3,0,3,S,-
24/04/2026 00:00,3004690554,19001,19,27859,0,0,0,0,S,-
24/04/2026 00:00,3004690554,19001,19,30540,4,4,0,4,S,-
24/04/2026 00:00,3004690554,19001,19,31274,3,3,0,3,S,-
24/04/2026 00:00,3004690554,19001,19,32603,3,3,0,3,S,-
24/04/2026 00:00,3004690554,19001,19,33513,0,0,0,0,S,-
24/04/2026 00:00,3004690554,19001,19,34378,6,6,0,6,S,-
24/04/2026 00:00,3004690554,19001,19,34384,0,0,0,0,S,-
24/04/2026 00:00,3004690554,19001,19,35452,0,0,0,0,S,-
24/04/2026 00:00,3004690554,19001,19,35666,3,3,0,3,S,-
24/04/2026 00:00,3004690554,19001,19,36149,3,3,0,3,S,-
24/04/2026 00:00,3004690554,19001,19,36151,2,2,0,2,S,-
24/04/2026 00:00,3004690554,19001,19,36287,4,4,0,4,S,-
24/04/2026 00:00,3004690554,19001,19,38262,6,6,0,6,S,-
24/04/2026 00:00,3004690554,19001,19,38288,5,5,0,5,S,-
24/04/2026 00:00,3004690554,19001,19,38289,3,3,0,3,S,-
24/04/2026 00:00,3004690554,19001,19,38395,6,6,0,6,S,-
24/04/2026 00:00,3004690554,19001,19,39242,6,6,0,6,S,-
24/04/2026 00:00,3004690554,19001,19,41463,5,5,0,5,S,-
24/04/2026 00:00,3004690554,19001,19,42077,4,4,0,4,S,-
24/04/2026 00:00,3004690554,19001,19,43043,0,0,0,0,S,-
24/04/2026 00:00,3004690554,19001,19,43128,3,3,0,3,S,-
24/04/2026 00:00,3004690554,19001,19,43946,8,8,0,8,S,-
24/04/2026 00:00,3004690554,19001,19,45393,0,0,0,0,S,-
24/04/2026 00:00,3004690554,19001,19,46757,0,0,0,0,S,-
24/04/2026 00:00,3004690554,19001,19,48690,0,0,0,0,S,-
24/04/2026 00:00,3004690554,19001,19,48845,7,7,0,7,S,-
24/04/2026 00:00,3004690554,19001,19,50204,3,3,0,3,S,-
24/04/2026 00:00,3004690554,19001,19,50206,3,3,0,3,S,-
24/04/2026 00:00,3004690554,19001,19,50266,3,3,0,3,S,-
24/04/2026 00:00,3004690554,19001,19,50648,3,3,0,3,S,-
24/04/2026 00:00,3004690554,19001,19,50702,0,0,0,0,S,-
24/04/2026 00:00,3004690554,19001,19,52671,1,1,0,1,S,-
24/04/2026 00:00,3004690554,19001,19,53130,0,0,0,0,S,-
24/04/2026 00:00,3004690554,19001,19,53136,0,0,0,0,S,-
24/04/2026 00:00,3004690554,19001,19,55299,0,0,0,0,S,-
24/04/2026 00:00,3004690554,19001,19,56397,0,0,0,0,S,-
24/04/2026 00:00,3004690554,19001,19,56681,2,2,0,2,S,-
24/04/2026 00:00,3004690554,19001,19,56832,10,10,0,10,S,-
24/04/2026 00:00,3004690554,19001,19,56833,12,12,0,12,S,-
24/04/2026 00:00,3004690554,19001,19,56942,0,0,0,0,S,-
24/04/2026 00:00,3004690554,19001,19,56943,0,0,0,0,S,-
24/04/2026 00:00,3004690554,19001,19,56953,2,2,0,2,S,-
24/04/2026 00:00,3004690554,19001,19,57259,0,0,0,0,S,-
24/04/2026 00:00,3004690554,19001,19,58243,9,9,0,9,S,-
24/04/2026 00:00,3004690554,19001,19,58330,0,0,0,0,S,-
24/04/2026 00:00,3004690554,19001,19,58724,4,4,0,4,S,-
24/04/2026 00:00,3004690554,19001,19,58791,0,0,0,0,S,-
24/04/2026 00:00,3004690554,19001,19,59640,0,0,0,0,S,-
24/04/2026 00:00,3004690554,19001,19,60643,7,7,0,7,S,-
24/04/2026 00:00,3004690554,19001,19,62605,6,6,0,6,S,-
24/04/2026 00:00,3004690554,19001,19,63538,0,0,0,0,S,-
24/04/2026 00:00,3004690554,19001,19,64405,0,0,0,0,S,-
24/04/2026 00:00,3004690554,19001,19,64416,0,0,0,0,S,-
24/04/2026 00:00,3004690554,19001,19,65957,0,0,0,0,S,-
24/04/2026 00:00,3004690554,19001,19,66243,5,5,0,5,S,-
24/04/2026 00:00,3004690554,19001,19,66244,4,4,0,4,S,-
24/04/2026 00:00,3004690554,19001,19,66249,2,2,0,2,S,-
24/04/2026 00:00,3004690554,19001,19,68318,5,5,0,5,S,-
24/04/2026 00:00,3004690554,19001,19,68826,0,0,0,0,S,-
24/04/2026 00:00,3004690554,19001,19,69682,0,0,0,0,S,-
24/04/2026 00:00,3004690554,19001,19,69686,2,2,0,2,S,-
24/04/2026 00:00,3004690554,19001,19,72171,8,8,0,8,S,-
24/04/2026 00:00,3004690554,19001,19,72299,5,5,0,5,S,-
24/04/2026 00:00,3004690554,19001,19,73091,3,3,0,3,S,-
24/04/2026 00:00,3004690554,19001,19,73111,0,0,0,0,S,-
24/04/2026 00:00,3004690554,19001,19,73119,3,3,0,3,S,-
24/04/2026 00:00,3004690554,19001,19,73129,0,0,0,0,S,-
24/04/2026 00:00,3004690554,19001,19,73130,4,4,0,4,S,-
24/04/2026 00:00,3004690554,19001,19,73192,0,0,0,0,S,-
24/04/2026 00:00,3004690554,19001,19,73194,7,7,0,7,S,-
24/04/2026 00:00,3004690554,19001,19,73831,7,7,0,7,S,-
24/04/2026 00:00,3004690554,19001,19,73994,2,2,0,2,S,-
24/04/2026 00:00,3004690554,19001,19,73999,2,2,0,2,S,-
24/04/2026 00:00,3004690554,19001,19,74012,2,2,0,2,S,-
24/04/2026 00:00,3004690554,19001,19,74705,0,0,0,0,S,-
24/04/2026 00:00,3004690554,19001,19,76087,3,3,0,3,S,-
24/04/2026 00:00,3004690554,19001,19,76794,0,0,0,0,S,-
24/04/2026 00:00,3004690554,19001,19,79407,0,0,0,0,S,-
24/04/2026 00:00,3004690554,19001,19,82603,7,7,0,7,S,-
24/04/2026 00:00,3004690554,19001,19,82988,4,4,0,4,S,-
24/04/2026 00:00,3004690554,19001,19,83125,0,0,0,0,S,-
24/04/2026 00:00,3004690554,19001,19,83142,11,11,0,11,S,-
24/04/2026 00:00,3004690554,19001,19,83143,0,0,0,0,S,-
24/04/2026 00:00,3004690554,19001,19,83620,3,3,0,3,S,-
24/04/2026 00:00,3004690554,19001,19,83847,2,2,0,2,S,-
24/04/2026 00:00,3004690554,19001,19,84156,0,0,0,0,S,-
24/04/2026 00:00,3004690554,19001,19,84264,6,6,0,6,S,-
24/04/2026 00:00,3004690554,19001,19,84266,5,5,0,5,S,-
24/04/2026 00:00,3004690554,19001,19,84966,0,0,0,0,S,-
24/04/2026 00:00,3004690554,19001,19,85099,2,2,0,2,S,-
24/04/2026 00:00,3004690554,19001,19,86759,0,0,0,0,S,-
24/04/2026 00:00,3004690554,19001,19,87808,2,2,0,2,S,-
24/04/2026 00:00,3004690554,19001,19,88000,0,0,0,0,S,-
24/04/2026 00:00,3004690554,19001,19,88390,19,19,0,19,S,-
24/04/2026 00:00,3004690554,19001,19,89357,0,0,0,0,S,-
24/04/2026 00:00,3004690554,19001,19,89668,0,0,0,0,S,-
24/04/2026 00:00,3004690554,19001,19,89758,3,3,0,3,S,-
24/04/2026 00:00,3004690554,19001,19,91511,0,0,0,0,S,-
24/04/2026 00:00,3004690554,19001,19,91632,4,4,0,4,S,-
24/04/2026 00:00,3004690554,19001,19,92329,3,3,0,3,S,-
24/04/2026 00:00,3004690554,19001,19,92793,3,3,0,3,S,-
24/04/2026 00:00,3004690554,19001,19,93049,2,2,0,2,S,-
24/04/2026 00:00,3004690554,19001,19,100000030,3,3,0,3,S,-
24/04/2026 00:00,3004690554,19001,19,100000031,2,2,0,2,S,-
24/04/2026 00:00,3004690554,19001,19,100007162,9,9,0,9,S,-
24/04/2026 00:00,3004690554,19001,19,100018363,7,7,0,7,S,-
24/04/2026 00:00,3004690554,19001,19,100021407,0,0,0,0,S,-
24/04/2026 00:00,3004690554,19001,19,100025660,0,0,0,0,S,-
24/04/2026 00:00,3004690554,19001,19,100027462,2,2,0,2,S,-
24/04/2026 00:00,3004690554,19001,19,100027518,5,5,0,5,S,-
24/04/2026 00:00,3004690554,19001,19,100031437,0,0,0,0,S,-
24/04/2026 00:00,3004690554,19001,19,100031761,0,0,0,0,S,-
24/04/2026 00:00,3004690554,19001,19,100031998,12,12,0,12,S,-
24/04/2026 00:00,3004690554,19001,19,100034945,4,4,0,4,S,-
24/04/2026 00:00,3004690554,19001,19,100035614,0,0,0,0,S,-
24/04/2026 00:00,3004690554,19001,19,100036191,0,0,0,0,S,-
24/04/2026 00:00,3004690554,19001,19,100036297,3,3,0,3,S,-
24/04/2026 00:00,3004690554,19001,19,100037695,0,0,0,0,S,-
24/04/2026 00:00,3004690554,19001,19,100039252,0,0,0,0,S,-
24/04/2026 00:00,3004690554,19001,19,100062516,2,2,0,2,S,-
24/04/2026 00:00,3004690554,19001,19,100062655,0,0,0,0,S,-
24/04/2026 00:00,3004690554,19001,19,100064845,0,0,0,0,S,-
24/04/2026 00:00,3004690554,19001,19,100068731,4,4,0,4,S,-
24/04/2026 00:00,3004690554,19001,19,100069700,1,1,0,1,S,-
24/04/2026 00:00,3004690554,19001,19,100070305,5,5,0,5,S,-
24/04/2026 00:00,3004690554,19001,19,100070655,3,3,0,3,S,-
24/04/2026 00:00,3004690554,19001,19,100071332,7,7,0,7,S,-
24/04/2026 00:00,3004690554,19001,19,100072562,5,5,0,5,S,-
24/04/2026 00:00,3004690554,19001,19,100076731,0,0,0,0,S,-
24/04/2026 00:00,3004690554,19001,19,100080731,0,0,0,0,S,-
24/04/2026 00:00,3004690554,19001,19,100082162,3,3,0,3,S,-
24/04/2026 00:00,3004690554,19001,19,100082656,0,0,0,0,S,-
24/04/2026 00:00,3004690554,19001,19,100082672,0,0,0,0,S,-
24/04/2026 00:00,3004690554,19001,19,100083747,4,4,0,4,S,-
24/04/2026 00:00,3004690554,19001,19,100094850,0,0,0,0,S,-
24/04/2026 00:00,3004690554,19001,19,100098367,0,0,0,0,S,-
24/04/2026 00:00,3004690554,19001,19,100099159,0,0,0,0,S,-
24/04/2026 00:00,3004690554,19001,19,100100367,0,0,0,0,S,-
24/04/2026 00:00,3004690554,19001,19,100105803,0,0,0,0,S,-
24/04/2026 00:00,3004690554,19001,19,100105811,0,0,0,0,S,-
24/04/2026 00:00,3004690554,19001,19,100105838,0,0,0,0,S,-
24/04/2026 00:00,3004690554,19001,19,100109652,4,4,0,4,S,-
24/04/2026 00:00,3004690554,19001,19,100113061,2,2,0,2,S,-
24/04/2026 00:00,3004690554,19001,19,100116748,1,1,0,1,S,-
24/04/2026 00:00,3004690554,19001,19,100123841,2,2,0,2,S,-
24/04/2026 00:00,3004690554,19001,19,100124641,0,0,0,0,S,-
24/04/2026 00:00,3004690554,19001,19,100124844,0,0,0,0,S,-
24/04/2026 00:00,3004690554,19001,19,100124887,0,0,0,0,S,-
24/04/2026 00:00,3004690554,19001,19,100126698,2,2,0,2,S,-
24/04/2026 00:00,3004690554,19001,19,100129856,0,0,0,0,S,-
24/04/2026 00:00,3004690554,19001,19,100129881,0,0,0,0,S,-
24/04/2026 00:00,3004690554,19001,19,100131155,0,0,0,0,S,-
24/04/2026 00:00,3004690554,19001,19,100138576,0,0,0,0,S,-
24/04/2026 00:00,3004690554,19001,19,100138584,0,0,0,0,S,-
24/04/2026 00:00,3004690554,19001,19,100140991,6,6,0,6,S,-
24/04/2026 00:00,3004690554,19001,19,100141425,2,2,0,2,S,-
24/04/2026 00:00,3004690554,19001,19,100142292,2,2,0,2,S,-
24/04/2026 00:00,3004690554,19001,19,100145987,0,0,0,0,S,-
24/04/2026 00:00,3004690554,19001,19,100147245,0,0,0,0,S,-
24/04/2026 00:00,3004690554,19001,19,100148230,0,0,0,0,S,-
24/04/2026 00:00,3004690554,19001,19,100151308,3,3,0,3,S,-
24/04/2026 00:00,3004690554,19001,19,100152941,2,2,0,2,S,-
24/04/2026 00:00,3004690554,19001,19,100159166,7,7,0,7,S,-
24/04/2026 00:00,3004690554,19001,19,100160204,0,0,0,0,S,-
24/04/2026 00:00,3004690554,19001,19,100171675,0,0,0,0,S,-
24/04/2026 00:00,3004690554,19001,19,100174892,2,2,0,2,S,-
24/04/2026 00:00,3004690554,19001,19,100177436,4,4,0,4,S,-
24/04/2026 00:00,3004690554,19001,19,100186471,0,0,0,0,S,-
24/04/2026 00:00,3004690554,19001,19,100187407,5,5,0,5,S,-
24/04/2026 00:00,3004690554,19001,19,100187600,0,0,0,0,S,-
24/04/2026 00:00,3004690554,19001,19,100187992,3,3,0,3,S,-
24/04/2026 00:00,3004690554,19001,19,100194359,0,0,0,0,S,-
24/04/2026 00:00,3004690554,19001,19,100195685,0,0,0,0,S,-
24/04/2026 00:00,3004690554,19001,19,100195984,6,6,0,6,S,-
24/04/2026 00:00,3004690554,19001,19,100198464,0,0,0,0,S,-
24/04/2026 00:00,3004690554,19001,19,100216651,0,0,0,0,S,-
24/04/2026 00:00,3004690554,19001,19,100217258,0,0,0,0,S,-
24/04/2026 00:00,3004690554,19001,19,100217282,0,0,0,0,S,-
24/04/2026 00:00,3004690554,19001,19,100219675,0,0,0,0,S,-
24/04/2026 00:00,3004690554,19001,19,100224546,0,0,0,0,S,-
24/04/2026 00:00,3004690554,19001,19,100227042,2,2,0,2,S,-
24/04/2026 00:00,3004690554,19001,19,100227368,0,0,0,0,S,-
24/04/2026 00:00,3004690554,19001,19,100230161,0,0,0,0,S,-
24/04/2026 00:00,3004690554,19001,19,100230743,0,0,0,0,S,-
24/04/2026 00:00,3004690554,19001,19,100233493,0,0,0,0,S,-
24/04/2026 00:00,3004690554,19001,19,100238024,0,0,0,0,S,-
24/04/2026 00:00,3004690554,19001,19,100238112,0,0,0,0,S,-
24/04/2026 00:00,3004690554,19001,19,100239191,0,0,0,0,S,-
24/04/2026 00:00,3004690554,19001,19,100241119,3,3,0,3,S,-
24/04/2026 00:00,3004690554,19001,19,100254278,0,0,0,0,S,-
24/04/2026 00:00,3004690554,19001,19,100263246,0,0,0,0,S,-
24/04/2026 00:00,3004690554,19001,19,100265428,0,0,0,0,S,-
24/04/2026 00:00,3004690554,19001,19,100265532,0,0,0,0,S,-
24/04/2026 00:00,3004690554,19001,19,100266130,0,0,0,0,S,-
24/04/2026 00:00,3004690554,19001,19,100267239,0,0,0,0,S,-
24/04/2026 00:00,3004690554,19001,19,100267271,0,0,0,0,S,-
17/04/2026,729129,191,28,61395,1,0,1,0,A,-
17/04/2026,729129,191,28,88172,1,0,1,0,A,-
17/04/2026,729129,191,28,93702,2,0,2,0,A,-
17/04/2026,729129,191,28,100080941,1,0,1,0,A,-
17/04/2026,729129,191,28,100114030,1,0,1,0,A,-
17/04/2026,729129,191,28,100124043,1,0,1,0,A,-
17/04/2026,729129,191,28,100126250,1,0,1,0,A,-
18/04/2026,729518,191,28,100011401,6,0,6,0,A,-
20/04/2026,729635,104,28,1,1,0,0,1,A,-
22/04/2026,730894,191,28,92330,4,0,4,0,A,-
19/06/2024 00:00,3003592609,161,28,100198253,1,0,0,1,I,-
21/04/2026 18:11,3004686606,19001,28,21,24,24,0,24,S,-
21/04/2026 18:11,3004686606,19001,28,100110320,2,2,0,2,S,-
22/04/2026 19:04,3004688392,19001,28,85562,4,0,0,4,L,-
22/04/2026 19:04,3004688392,19001,28,85636,4,0,0,4,L,-
22/04/2026 19:04,3004688392,19001,28,91584,10,0,0,10,L,-
22/04/2026 19:04,3004688392,19001,28,100030792,12,0,0,12,L,-
22/04/2026 19:04,3004688392,19001,28,100030805,12,0,0,12,L,-
22/04/2026 19:04,3004688392,19001,28,100086155,12,0,0,12,L,-
22/04/2026 19:04,3004688392,19001,28,100086454,24,0,0,24,L,-
22/04/2026 19:04,3004688392,19001,28,100135501,12,0,0,12,L,-
22/04/2026 19:04,3004688392,19001,28,100135631,12,0,0,12,L,-
22/04/2026 19:04,3004688392,19001,28,100139464,12,0,0,12,L,-
22/04/2026 19:04,3004688392,19001,28,100140385,12,0,0,12,L,-
22/04/2026 19:04,3004688392,19001,28,100140457,12,0,0,12,L,-
22/04/2026 19:04,3004688392,19001,28,100151412,12,0,0,12,L,-
22/04/2026 19:04,3004688392,19001,28,100169241,12,0,0,12,L,-
22/04/2026 19:04,3004688392,19001,28,100170752,12,0,0,12,L,-
22/04/2026 19:04,3004688392,19001,28,100172141,12,0,0,12,L,-
22/04/2026 19:04,3004688392,19001,28,100173726,12,0,0,12,L,-
22/04/2026 19:04,3004688392,19001,28,100174542,12,0,0,12,L,-
22/04/2026 19:04,3004688392,19001,28,100182711,12,0,0,12,L,-
22/04/2026 19:04,3004688392,19001,28,100187167,12,0,0,12,L,-
22/04/2026 19:04,3004688392,19001,28,100189736,12,0,0,12,L,-
22/04/2026 19:04,3004688392,19001,28,100192927,10,0,0,10,L,-
22/04/2026 19:04,3004688392,19001,28,100194252,6,0,0,6,L,-
22/04/2026 19:04,3004688392,19001,28,100201176,12,0,0,12,L,-
22/04/2026 19:04,3004688392,19001,28,100201619,12,0,0,12,L,-
22/04/2026 19:04,3004688392,19001,28,100201627,12,0,0,12,L,-
22/04/2026 19:04,3004688392,19001,28,100203497,12,0,0,12,L,-
22/04/2026 19:04,3004688392,19001,28,100227579,4,0,0,4,L,-
22/04/2026 19:04,3004688392,19001,28,100236053,8,0,0,8,L,-
22/04/2026 19:04,3004688392,19001,28,100245751,12,0,0,12,L,-
22/04/2026 19:04,3004688392,19001,28,100246585,8,0,0,8,L,-
23/04/2026 00:00,3004689104,19001,28,100218349,0,0,0,0,S,-
23/04/2026 00:00,3004689104,19001,28,100219157,3,3,0,3,S,-
23/04/2026 00:00,3004689104,19001,28,100219211,1,1,0,1,S,-
23/04/2026 00:00,3004689104,19001,28,100219237,0,0,0,0,S,-
23/04/2026 00:00,3004689104,19001,28,100219261,0,0,0,0,S,-
23/04/2026 00:00,3004689104,19001,28,100270753,1,1,0,1,S,-
23/04/2026 00:00,3004689104,19001,28,100271140,3,3,0,3,S,-
23/04/2026 00:00,3004689104,19001,28,100271211,1,1,0,1,S,-
23/04/2026 00:00,3004689104,19001,28,100271220,10,10,0,10,S,-
23/04/2026 00:00,3004689104,19001,28,100275239,0,0,0,0,S,-
23/04/2026 00:00,3004689104,19001,28,100277664,0,0,0,0,S,-
23/04/2026 00:00,3004689104,19001,28,100282324,3,3,0,3,S,-
23/04/2026 00:00,3004689104,19001,28,100282535,5,5,0,5,S,-
23/04/2026 00:00,3004689104,19001,28,100282551,2,2,0,2,S,-
08/04/2026 00:00,3004669979,19001,113,33,3,3,3,0,S,-
08/04/2026 00:00,3004669979,19001,113,62,2,2,2,0,S,-
08/04/2026 00:00,3004669979,19001,113,151,2,2,2,0,S,-
08/04/2026 00:00,3004669979,19001,113,152,2,2,2,0,S,-
08/04/2026 00:00,3004669979,19001,113,262,4,4,4,0,S,-
08/04/2026 00:00,3004669979,19001,113,364,3,3,3,0,S,-
08/04/2026 00:00,3004669979,19001,113,1088,5,5,5,0,S,-
08/04/2026 00:00,3004669979,19001,113,1732,13,13,13,0,S,-
08/04/2026 00:00,3004669979,19001,113,4322,15,15,15,0,S,-
08/04/2026 00:00,3004669979,19001,113,4388,4,4,4,0,S,-
08/04/2026 00:00,3004669979,19001,113,4548,3,3,3,0,S,-
08/04/2026 00:00,3004669979,19001,113,5410,0,0,0,0,S,-
08/04/2026 00:00,3004669979,19001,113,5883,3,3,3,0,S,-
08/04/2026 00:00,3004669979,19001,113,7258,5,5,5,0,S,-
08/04/2026 00:00,3004669979,19001,113,9418,5,5,5,0,S,-
08/04/2026 00:00,3004669979,19001,113,10671,2,2,2,0,S,-
08/04/2026 00:00,3004669979,19001,113,11648,3,3,3,0,S,-
08/04/2026 00:00,3004669979,19001,113,16660,7,7,4,3,S,-
08/04/2026 00:00,3004669979,19001,113,17700,5,5,5,0,S,-
08/04/2026 00:00,3004669979,19001,113,17841,22,22,22,0,S,-
08/04/2026 00:00,3004669979,19001,113,19299,13,13,13,0,S,-
08/04/2026 00:00,3004669979,19001,113,20946,3,3,3,0,S,-
08/04/2026 00:00,3004669979,19001,113,20974,5,5,5,0,S,-
08/04/2026 00:00,3004669979,19001,113,20995,2,2,2,0,S,-
08/04/2026 00:00,3004669979,19001,113,21768,2,2,2,0,S,-
08/04/2026 00:00,3004669979,19001,113,22762,4,4,4,0,S,-
08/04/2026 00:00,3004669979,19001,113,22992,7,7,7,0,S,-
08/04/2026 00:00,3004669979,19001,113,23001,4,4,4,0,S,-
08/04/2026 00:00,3004669979,19001,113,23041,4,4,4,0,S,-
08/04/2026 00:00,3004669979,19001,113,23046,6,6,6,0,S,-
08/04/2026 00:00,3004669979,19001,113,25709,3,3,3,0,S,-
08/04/2026 00:00,3004669979,19001,113,25958,22,22,22,0,S,-
08/04/2026 00:00,3004669979,19001,113,26252,1,1,1,0,S,-
08/04/2026 00:00,3004669979,19001,113,26254,3,3,3,0,S,-
08/04/2026 00:00,3004669979,19001,113,26944,0,0,0,0,S,-
08/04/2026 00:00,3004669979,19001,113,27693,6,6,6,0,S,-
08/04/2026 00:00,3004669979,19001,113,27859,0,0,0,0,S,-
08/04/2026 00:00,3004669979,19001,113,28067,0,0,0,0,S,-
08/04/2026 00:00,3004669979,19001,113,28799,2,2,2,0,S,-
08/04/2026 00:00,3004669979,19001,113,30048,3,3,3,0,S,-
08/04/2026 00:00,3004669979,19001,113,30049,4,4,4,0,S,-
08/04/2026 00:00,3004669979,19001,113,30052,3,3,3,0,S,-
08/04/2026 00:00,3004669979,19001,113,30057,4,4,4,0,S,-
08/04/2026 00:00,3004669979,19001,113,30058,5,5,5,0,S,-
08/04/2026 00:00,3004669979,19001,113,30064,3,3,3,0,S,-
08/04/2026 00:00,3004669979,19001,113,30409,3,3,3,0,S,-
08/04/2026 00:00,3004669979,19001,113,31591,4,4,4,0,S,-
08/04/2026 00:00,3004669979,19001,113,35452,0,0,0,0,S,-
08/04/2026 00:00,3004669979,19001,113,35669,11,11,11,0,S,-
08/04/2026 00:00,3004669979,19001,113,36095,0,0,0,0,S,-
08/04/2026 00:00,3004669979,19001,113,36110,13,13,13,0,S,-
08/04/2026 00:00,3004669979,19001,113,36344,2,2,2,0,S,-
08/04/2026 00:00,3004669979,19001,113,36657,11,11,10,1,S,-
08/04/2026 00:00,3004669979,19001,113,37559,0,0,0,0,S,-
08/04/2026 00:00,3004669979,19001,113,37870,7,7,7,0,S,-
08/04/2026 00:00,3004669979,19001,113,38253,0,0,0,0,S,-
08/04/2026 00:00,3004669979,19001,113,38257,3,3,3,0,S,-
08/04/2026 00:00,3004669979,19001,113,38287,3,3,3,0,S,-
08/04/2026 00:00,3004669979,19001,113,38333,0,0,0,0,S,-
08/04/2026 00:00,3004669979,19001,113,38350,3,3,3,0,S,-
08/04/2026 00:00,3004669979,19001,113,38352,3,3,3,0,S,-
08/04/2026 00:00,3004669979,19001,113,38427,6,6,6,0,S,-
08/04/2026 00:00,3004669979,19001,113,39240,10,10,10,0,S,-
08/04/2026 00:00,3004669979,19001,113,39249,4,4,4,0,S,-
08/04/2026 00:00,3004669979,19001,113,40291,0,0,0,0,S,-
08/04/2026 00:00,3004669979,19001,113,41114,6,6,6,0,S,-
08/04/2026 00:00,3004669979,19001,113,41195,6,6,6,0,S,-
08/04/2026 00:00,3004669979,19001,113,41295,3,3,3,0,S,-
08/04/2026 00:00,3004669979,19001,113,41450,5,5,5,0,S,-
08/04/2026 00:00,3004669979,19001,113,41460,6,6,6,0,S,-
08/04/2026 00:00,3004669979,19001,113,42487,6,6,6,0,S,-
08/04/2026 00:00,3004669979,19001,113,43127,3,3,3,0,S,-
08/04/2026 00:00,3004669979,19001,113,43869,5,5,5,0,S,-
08/04/2026 00:00,3004669979,19001,113,43872,4,4,4,0,S,-
08/04/2026 00:00,3004669979,19001,113,43921,0,0,0,0,S,-
08/04/2026 00:00,3004669979,19001,113,43926,0,0,0,0,S,-
08/04/2026 00:00,3004669979,19001,113,44343,6,6,6,0,S,-
08/04/2026 00:00,3004669979,19001,113,44930,0,0,0,0,S,-
08/04/2026 00:00,3004669979,19001,113,45506,4,4,4,0,S,-
08/04/2026 00:00,3004669979,19001,113,45742,4,4,4,0,S,-
08/04/2026 00:00,3004669979,19001,113,45864,3,3,3,0,S,-
08/04/2026 00:00,3004669979,19001,113,48845,0,0,0,0,S,-
08/04/2026 00:00,3004669979,19001,113,51158,5,5,5,0,S,-
08/04/2026 00:00,3004669979,19001,113,51442,2,2,2,0,S,-
08/04/2026 00:00,3004669979,19001,113,51443,7,7,6,1,S,-
08/04/2026 00:00,3004669979,19001,113,51524,0,0,0,0,S,-
08/04/2026 00:00,3004669979,19001,113,51614,0,0,0,0,S,-
08/04/2026 00:00,3004669979,19001,113,52156,3,3,3,0,S,-
08/04/2026 00:00,3004669979,19001,113,52306,0,0,0,0,S,-
08/04/2026 00:00,3004669979,19001,113,52414,1,1,1,0,S,-
08/04/2026 00:00,3004669979,19001,113,52698,8,8,8,0,S,-
08/04/2026 00:00,3004669979,19001,113,53136,0,0,0,0,S,-
08/04/2026 00:00,3004669979,19001,113,53463,4,4,4,0,S,-
08/04/2026 00:00,3004669979,19001,113,53906,7,7,7,0,S,-
08/04/2026 00:00,3004669979,19001,113,54445,7,7,7,0,S,-
08/04/2026 00:00,3004669979,19001,113,55178,6,6,6,0,S,-
08/04/2026 00:00,3004669979,19001,113,55182,4,4,4,0,S,-
08/04/2026 00:00,3004669979,19001,113,56570,8,8,8,0,S,-
08/04/2026 00:00,3004669979,19001,113,56831,21,21,21,0,S,-
08/04/2026 00:00,3004669979,19001,113,56942,0,0,0,0,S,-
08/04/2026 00:00,3004669979,19001,113,56945,0,0,0,0,S,-
08/04/2026 00:00,3004669979,19001,113,58298,6,6,6,0,S,-
08/04/2026 00:00,3004669979,19001,113,58724,4,4,4,0,S,-
08/04/2026 00:00,3004669979,19001,113,59989,3,3,3,0,S,-
08/04/2026 00:00,3004669979,19001,113,60643,8,8,8,0,S,-
08/04/2026 00:00,3004669979,19001,113,60825,0,0,0,0,S,-
08/04/2026 00:00,3004669979,19001,113,62304,12,12,12,0,S,-
08/04/2026 00:00,3004669979,19001,113,62511,4,4,4,0,S,-
08/04/2026 00:00,3004669979,19001,113,62894,6,6,6,0,S,-
08/04/2026 00:00,3004669979,19001,113,63124,3,3,3,0,S,-
08/04/2026 00:00,3004669979,19001,113,63128,6,6,6,0,S,-
08/04/2026 00:00,3004669979,19001,113,64405,0,0,0,0,S,-
08/04/2026 00:00,3004669979,19001,113,64416,13,13,13,0,S,-
08/04/2026 00:00,3004669979,19001,113,64458,4,4,4,0,S,-
08/04/2026 00:00,3004669979,19001,113,64637,3,3,3,0,S,-
08/04/2026 00:00,3004669979,19001,113,64668,2,2,2,0,S,-
08/04/2026 00:00,3004669979,19001,113,65109,5,5,5,0,S,-
08/04/2026 00:00,3004669979,19001,113,65187,5,5,5,0,S,-
08/04/2026 00:00,3004669979,19001,113,65269,5,5,5,0,S,-
08/04/2026 00:00,3004669979,19001,113,65528,0,0,0,0,S,-
08/04/2026 00:00,3004669979,19001,113,65961,0,0,0,0,S,-
08/04/2026 00:00,3004669979,19001,113,66072,2,2,2,0,S,-
08/04/2026 00:00,3004669979,19001,113,66175,6,6,6,0,S,-
08/04/2026 00:00,3004669979,19001,113,66244,8,8,8,0,S,-
08/04/2026 00:00,3004669979,19001,113,66246,7,7,7,0,S,-
08/04/2026 00:00,3004669979,19001,113,66248,8,8,8,0,S,-
08/04/2026 00:00,3004669979,19001,113,66858,0,0,0,0,S,-
08/04/2026 00:00,3004669979,19001,113,67267,4,4,4,0,S,-
08/04/2026 00:00,3004669979,19001,113,67941,4,4,4,0,S,-
08/04/2026 00:00,3004669979,19001,113,69111,4,4,4,0,S,-
08/04/2026 00:00,3004669979,19001,113,69682,0,0,0,0,S,-
08/04/2026 00:00,3004669979,19001,113,69801,3,3,3,0,S,-
08/04/2026 00:00,3004669979,19001,113,70115,3,3,3,0,S,-
08/04/2026 00:00,3004669979,19001,113,71381,5,5,5,0,S,-
08/04/2026 00:00,3004669979,19001,113,72299,6,6,6,0,S,-
08/04/2026 00:00,3004669979,19001,113,73100,2,2,2,0,S,-
08/04/2026 00:00,3004669979,19001,113,73117,4,4,4,0,S,-
08/04/2026 00:00,3004669979,19001,113,73121,3,3,3,0,S,-
08/04/2026 00:00,3004669979,19001,113,73124,4,4,4,0,S,-
08/04/2026 00:00,3004669979,19001,113,73193,3,3,3,0,S,-
08/04/2026 00:00,3004669979,19001,113,73194,5,5,5,0,S,-
08/04/2026 00:00,3004669979,19001,113,73862,0,0,0,0,S,-
08/04/2026 00:00,3004669979,19001,113,73904,2,2,2,0,S,-
08/04/2026 00:00,3004669979,19001,113,73912,4,4,4,0,S,-
08/04/2026 00:00,3004669979,19001,113,74013,2,2,2,0,S,-
08/04/2026 00:00,3004669979,19001,113,74106,7,7,7,0,S,-
08/04/2026 00:00,3004669979,19001,113,74705,0,0,0,0,S,-
08/04/2026 00:00,3004669979,19001,113,74863,0,0,0,0,S,-
08/04/2026 00:00,3004669979,19001,113,78728,3,3,3,0,S,-
08/04/2026 00:00,3004669979,19001,113,78730,7,7,7,0,S,-
08/04/2026 00:00,3004669979,19001,113,79151,5,5,5,0,S,-
08/04/2026 00:00,3004669979,19001,113,79407,1,1,1,0,S,-
08/04/2026 00:00,3004669979,19001,113,79408,2,2,2,0,S,-
08/04/2026 00:00,3004669979,19001,113,79474,4,4,4,0,S,-
08/04/2026 00:00,3004669979,19001,113,83143,0,0,0,0,S,-
08/04/2026 00:00,3004669979,19001,113,86759,0,0,0,0,S,-
08/04/2026 00:00,3004669979,19001,113,87480,4,4,4,0,S,-
08/04/2026 00:00,3004669979,19001,113,87610,0,0,0,0,S,-
08/04/2026 00:00,3004669979,19001,113,87803,2,2,2,0,S,-
08/04/2026 00:00,3004669979,19001,113,88390,24,24,24,0,S,-
08/04/2026 00:00,3004669979,19001,113,88518,0,0,0,0,S,-
08/04/2026 00:00,3004669979,19001,113,88953,4,4,4,0,S,-
08/04/2026 00:00,3004669979,19001,113,89557,5,5,5,0,S,-
08/04/2026 00:00,3004669979,19001,113,89668,0,0,0,0,S,-
08/04/2026 00:00,3004669979,19001,113,92014,2,2,2,0,S,-
08/04/2026 00:00,3004669979,19001,113,92331,4,4,4,0,S,-
08/04/2026 00:00,3004669979,19001,113,93052,4,4,4,0,S,-
08/04/2026 00:00,3004669979,19001,113,100007269,3,3,3,0,S,-
08/04/2026 00:00,3004669979,19001,113,100011621,2,2,2,0,S,-
08/04/2026 00:00,3004669979,19001,113,100011680,3,3,3,0,S,-
08/04/2026 00:00,3004669979,19001,113,100011971,2,2,2,0,S,-
08/04/2026 00:00,3004669979,19001,113,100014119,13,13,13,0,S,-
08/04/2026 00:00,3004669979,19001,113,100014186,21,21,21,0,S,-
08/04/2026 00:00,3004669979,19001,113,100017627,9,9,9,0,S,-
08/04/2026 00:00,3004669979,19001,113,100026611,4,4,4,0,S,-
08/04/2026 00:00,3004669979,19001,113,100027526,1,1,1,0,S,-
08/04/2026 00:00,3004669979,19001,113,100029396,4,4,4,0,S,-
08/04/2026 00:00,3004669979,19001,113,100029732,4,4,4,0,S,-
08/04/2026 00:00,3004669979,19001,113,100029767,0,0,0,0,S,-
08/04/2026 00:00,3004669979,19001,113,100031761,0,0,0,0,S,-
08/04/2026 00:00,3004669979,19001,113,100032069,2,2,2,0,S,-
08/04/2026 00:00,3004669979,19001,113,100035913,5,5,5,0,S,-
08/04/2026 00:00,3004669979,19001,113,100036182,7,7,7,0,S,-
08/04/2026 00:00,3004669979,19001,113,100039121,3,3,3,0,S,-
08/04/2026 00:00,3004669979,19001,113,100039279,3,3,3,0,S,-
08/04/2026 00:00,3004669979,19001,113,100053505,3,3,3,0,S,-
08/04/2026 00:00,3004669979,19001,113,100053521,0,0,0,0,S,-
08/04/2026 00:00,3004669979,19001,113,100062655,0,0,0,0,S,-
08/04/2026 00:00,3004669979,19001,113,100068731,3,3,3,0,S,-
08/04/2026 00:00,3004669979,19001,113,100069021,2,2,2,0,S,-
08/04/2026 00:00,3004669979,19001,113,100069689,0,0,0,0,S,-
08/04/2026 00:00,3004669979,19001,113,100071261,0,0,0,0,S,-
08/04/2026 00:00,3004669979,19001,113,100072378,3,3,3,0,S,-
08/04/2026 00:00,3004669979,19001,113,100072394,0,0,0,0,S,-
08/04/2026 00:00,3004669979,19001,113,100074867,4,4,4,0,S,-
08/04/2026 00:00,3004669979,19001,113,100078112,0,0,0,0,S,-
08/04/2026 00:00,3004669979,19001,113,100078121,4,4,4,0,S,-
08/04/2026 00:00,3004669979,19001,113,100080731,0,0,0,0,S,-
08/04/2026 00:00,3004669979,19001,113,100083368,4,4,4,0,S,-
08/04/2026 00:00,3004669979,19001,113,100084176,0,0,0,0,S,-
08/04/2026 00:00,3004669979,19001,113,100086391,0,0,0,0,S,-
08/04/2026 00:00,3004669979,19001,113,100087473,3,3,3,0,S,-
08/04/2026 00:00,3004669979,19001,113,100094850,0,0,0,0,S,-
08/04/2026 00:00,3004669979,19001,113,100105811,0,0,0,0,S,-
08/04/2026 00:00,3004669979,19001,113,100105838,0,0,0,0,S,-
08/04/2026 00:00,3004669979,19001,113,100108511,3,3,3,0,S,-
08/04/2026 00:00,3004669979,19001,113,100116748,3,3,3,0,S,-
08/04/2026 00:00,3004669979,19001,113,100123219,2,2,2,0,S,-
08/04/2026 00:00,3004669979,19001,113,100124705,14,14,14,0,S,-
08/04/2026 00:00,3004669979,19001,113,100124828,0,0,0,0,S,-
08/04/2026 00:00,3004669979,19001,113,100124836,0,0,0,0,S,-
08/04/2026 00:00,3004669979,19001,113,100131155,0,0,0,0,S,-
08/04/2026 00:00,3004669979,19001,113,100135691,0,0,0,0,S,-
08/04/2026 00:00,3004669979,19001,113,100135720,4,4,4,0,S,-
08/04/2026 00:00,3004669979,19001,113,100139499,7,7,7,0,S,-
08/04/2026 00:00,3004669979,19001,113,100142292,3,3,3,0,S,-
08/04/2026 00:00,3004669979,19001,113,100144845,6,6,6,0,S,-
08/04/2026 00:00,3004669979,19001,113,100148248,3,3,3,0,S,-
08/04/2026 00:00,3004669979,19001,113,100152685,0,0,0,0,S,-
08/04/2026 00:00,3004669979,19001,113,100152706,0,0,0,0,S,-
08/04/2026 00:00,3004669979,19001,113,100152749,0,0,0,0,S,-
08/04/2026 00:00,3004669979,19001,113,100152757,0,0,0,0,S,-
08/04/2026 00:00,3004669979,19001,113,100155296,0,0,0,0,S,-
08/04/2026 00:00,3004669979,19001,113,100155309,0,0,0,0,S,-
08/04/2026 00:00,3004669979,19001,113,100161493,5,5,5,0,S,-
08/04/2026 00:00,3004669979,19001,113,100161549,0,0,0,0,S,-
08/04/2026 00:00,3004669979,19001,113,100173751,0,0,0,0,S,-
08/04/2026 00:00,3004669979,19001,113,100174059,6,6,6,0,S,-
08/04/2026 00:00,3004669979,19001,113,100174817,0,0,0,0,S,-
08/04/2026 00:00,3004669979,19001,113,100174825,14,14,14,0,S,-
08/04/2026 00:00,3004669979,19001,113,100177268,8,8,8,0,S,-
08/04/2026 00:00,3004669979,19001,113,100177284,8,8,8,0,S,-
08/04/2026 00:00,3004669979,19001,113,100177321,0,0,0,0,S,-
08/04/2026 00:00,3004669979,19001,113,100177330,6,6,6,0,S,-
08/04/2026 00:00,3004669979,19001,113,100187394,3,3,3,0,S,-
08/04/2026 00:00,3004669979,19001,113,100190606,0,0,0,0,S,-
08/04/2026 00:00,3004669979,19001,113,100190657,0,0,0,0,S,-
08/04/2026 00:00,3004669979,19001,113,100190665,6,6,6,0,S,-
08/04/2026 00:00,3004669979,19001,113,100190930,7,7,7,0,S,-
08/04/2026 00:00,3004669979,19001,113,100190948,0,0,0,0,S,-
08/04/2026 00:00,3004669979,19001,113,100190972,8,8,8,0,S,-
08/04/2026 00:00,3004669979,19001,113,100194359,0,0,0,0,S,-
08/04/2026 00:00,3004669979,19001,113,100196012,0,0,0,0,S,-
08/04/2026 00:00,3004669979,19001,113,100217119,5,5,5,0,S,-
08/04/2026 00:00,3004669979,19001,113,100230743,0,0,0,0,S,-
08/04/2026 00:00,3004669979,19001,113,100233637,0,0,0,0,S,-
08/04/2026 00:00,3004669979,19001,113,100243157,0,0,0,0,S,-
08/04/2026 00:00,3004669979,19001,113,100264337,5,5,5,0,S,-
12/04/2026 00:00,3004673330,19001,113,1,11,11,11,0,S,-
12/04/2026 00:00,3004673330,19001,113,2,11,11,11,0,S,-
12/04/2026 00:00,3004673330,19001,113,151,2,2,2,0,S,-
12/04/2026 00:00,3004673330,19001,113,159,5,5,5,0,S,-
12/04/2026 00:00,3004673330,19001,113,176,3,3,3,0,S,-
12/04/2026 00:00,3004673330,19001,113,193,3,3,3,0,S,-
12/04/2026 00:00,3004673330,19001,113,382,5,5,5,0,S,-
12/04/2026 00:00,3004673330,19001,113,3466,2,2,2,0,S,-
12/04/2026 00:00,3004673330,19001,113,5410,0,0,2,0,S,-
12/04/2026 00:00,3004673330,19001,113,6891,79,79,79,0,S,-
12/04/2026 00:00,3004673330,19001,113,10511,2,2,2,0,S,-
12/04/2026 00:00,3004673330,19001,113,11228,3,3,3,0,S,-
12/04/2026 00:00,3004673330,19001,113,11229,4,4,4,0,S,-
12/04/2026 00:00,3004673330,19001,113,15709,8,8,8,0,S,-
12/04/2026 00:00,3004673330,19001,113,16647,3,3,3,0,S,-
12/04/2026 00:00,3004673330,19001,113,17277,4,4,4,0,S,-
12/04/2026 00:00,3004673330,19001,113,17838,16,16,16,0,S,-
12/04/2026 00:00,3004673330,19001,113,20632,3,3,3,0,S,-
12/04/2026 00:00,3004673330,19001,113,22017,3,3,3,0,S,-
12/04/2026 00:00,3004673330,19001,113,24014,6,6,6,0,S,-
12/04/2026 00:00,3004673330,19001,113,25106,2,2,2,0,S,-
12/04/2026 00:00,3004673330,19001,113,26636,4,4,4,0,S,-
12/04/2026 00:00,3004673330,19001,113,26690,13,13,13,0,S,-
12/04/2026 00:00,3004673330,19001,113,27125,9,9,9,0,S,-
12/04/2026 00:00,3004673330,19001,113,30041,2,2,2,0,S,-
12/04/2026 00:00,3004673330,19001,113,30052,8,8,0,8,S,-
12/04/2026 00:00,3004673330,19001,113,30094,9,9,9,0,S,-
12/04/2026 00:00,3004673330,19001,113,30605,4,4,4,0,S,-
12/04/2026 00:00,3004673330,19001,113,34485,2,2,2,0,S,-
12/04/2026 00:00,3004673330,19001,113,35452,0,0,0,0,S,-
12/04/2026 00:00,3004673330,19001,113,36153,4,4,4,0,S,-
12/04/2026 00:00,3004673330,19001,113,36338,2,2,2,0,S,-
12/04/2026 00:00,3004673330,19001,113,36363,4,4,4,0,S,-
12/04/2026 00:00,3004673330,19001,113,37559,0,0,0,0,S,-
12/04/2026 00:00,3004673330,19001,113,38253,0,0,0,0,S,-
12/04/2026 00:00,3004673330,19001,113,38254,3,3,3,0,S,-
12/04/2026 00:00,3004673330,19001,113,38255,3,3,3,0,S,-
12/04/2026 00:00,3004673330,19001,113,38291,5,5,5,0,S,-
12/04/2026 00:00,3004673330,19001,113,38295,2,2,2,0,S,-
12/04/2026 00:00,3004673330,19001,113,38333,0,0,0,0,S,-
12/04/2026 00:00,3004673330,19001,113,38428,3,3,0,3,S,-
12/04/2026 00:00,3004673330,19001,113,39251,6,6,6,0,S,-
12/04/2026 00:00,3004673330,19001,113,39347,3,3,0,3,S,-
12/04/2026 00:00,3004673330,19001,113,39679,6,6,6,0,S,-
12/04/2026 00:00,3004673330,19001,113,40142,2,2,2,0,S,-
12/04/2026 00:00,3004673330,19001,113,40860,6,6,6,0,S,-
12/04/2026 00:00,3004673330,19001,113,41353,4,4,0,4,S,-
12/04/2026 00:00,3004673330,19001,113,41450,5,5,5,0,S,-
12/04/2026 00:00,3004673330,19001,113,41955,9,9,9,0,S,-
12/04/2026 00:00,3004673330,19001,113,42810,5,5,5,0,S,-
12/04/2026 00:00,3004673330,19001,113,43773,21,21,21,0,S,-
12/04/2026 00:00,3004673330,19001,113,43777,3,3,3,0,S,-
12/04/2026 00:00,3004673330,19001,113,43877,6,6,0,6,S,-
12/04/2026 00:00,3004673330,19001,113,43921,0,0,0,0,S,-
12/04/2026 00:00,3004673330,19001,113,43926,0,0,0,0,S,-
12/04/2026 00:00,3004673330,19001,113,43936,5,5,0,5,S,-
12/04/2026 00:00,3004673330,19001,113,44342,8,8,8,0,S,-
12/04/2026 00:00,3004673330,19001,113,44344,3,3,3,0,S,-
12/04/2026 00:00,3004673330,19001,113,44930,0,0,0,0,S,-
12/04/2026 00:00,3004673330,19001,113,45638,6,6,6,0,S,-
12/04/2026 00:00,3004673330,19001,113,45865,3,3,3,0,S,-
12/04/2026 00:00,3004673330,19001,113,46087,15,15,15,0,S,-
12/04/2026 00:00,3004673330,19001,113,46780,3,3,0,3,S,-
12/04/2026 00:00,3004673330,19001,113,47995,9,9,9,0,S,-
12/04/2026 00:00,3004673330,19001,113,48872,14,14,14,0,S,-
12/04/2026 00:00,3004673330,19001,113,51151,4,4,0,4,S,-
12/04/2026 00:00,3004673330,19001,113,51186,3,3,3,0,S,-
12/04/2026 00:00,3004673330,19001,113,51524,4,4,4,0,S,-
12/04/2026 00:00,3004673330,19001,113,51614,0,0,0,0,S,-
12/04/2026 00:00,3004673330,19001,113,52116,7,7,0,7,S,-
12/04/2026 00:00,3004673330,19001,113,52414,1,1,1,0,S,-
12/04/2026 00:00,3004673330,19001,113,52597,8,8,8,0,S,-
12/04/2026 00:00,3004673330,19001,113,53136,0,0,0,0,S,-
12/04/2026 00:00,3004673330,19001,113,54403,6,6,6,0,S,-
12/04/2026 00:00,3004673330,19001,113,54424,3,3,3,0,S,-
12/04/2026 00:00,3004673330,19001,113,56569,3,3,3,0,S,-
12/04/2026 00:00,3004673330,19001,113,56571,5,5,0,5,S,-
12/04/2026 00:00,3004673330,19001,113,56572,3,3,3,0,S,-
12/04/2026 00:00,3004673330,19001,113,59492,3,3,3,0,S,-
12/04/2026 00:00,3004673330,19001,113,59989,3,3,3,0,S,-
12/04/2026 00:00,3004673330,19001,113,60337,5,5,5,0,S,-
12/04/2026 00:00,3004673330,19001,113,60813,3,3,3,0,S,-
12/04/2026 00:00,3004673330,19001,113,60825,0,0,0,0,S,-
12/04/2026 00:00,3004673330,19001,113,60862,0,0,0,0,S,-
12/04/2026 00:00,3004673330,19001,113,60941,5,5,5,0,S,-
12/04/2026 00:00,3004673330,19001,113,61154,4,4,4,0,S,-
12/04/2026 00:00,3004673330,19001,113,61231,8,8,8,0,S,-
12/04/2026 00:00,3004673330,19001,113,62694,3,3,3,0,S,-
12/04/2026 00:00,3004673330,19001,113,64245,11,11,11,0,S,-
12/04/2026 00:00,3004673330,19001,113,64405,0,0,0,0,S,-
12/04/2026 00:00,3004673330,19001,113,64414,3,3,3,0,S,-
12/04/2026 00:00,3004673330,19001,113,65528,0,0,0,0,S,-
12/04/2026 00:00,3004673330,19001,113,65993,7,7,7,0,S,-
12/04/2026 00:00,3004673330,19001,113,66247,6,6,6,0,S,-
12/04/2026 00:00,3004673330,19001,113,66801,4,4,4,0,S,-
12/04/2026 00:00,3004673330,19001,113,66858,0,0,0,0,S,-
12/04/2026 00:00,3004673330,19001,113,68311,5,5,5,0,S,-
12/04/2026 00:00,3004673330,19001,113,68926,5,5,5,0,S,-
12/04/2026 00:00,3004673330,19001,113,69682,0,0,0,0,S,-
12/04/2026 00:00,3004673330,19001,113,69702,4,4,4,0,S,-
12/04/2026 00:00,3004673330,19001,113,70115,3,3,3,0,S,-
12/04/2026 00:00,3004673330,19001,113,72967,3,3,3,0,S,-
12/04/2026 00:00,3004673330,19001,113,73108,2,2,2,0,S,-
12/04/2026 00:00,3004673330,19001,113,73113,2,2,2,0,S,-
12/04/2026 00:00,3004673330,19001,113,73122,4,4,4,0,S,-
12/04/2026 00:00,3004673330,19001,113,73179,4,4,4,0,S,-
12/04/2026 00:00,3004673330,19001,113,73192,7,7,7,0,S,-
12/04/2026 00:00,3004673330,19001,113,73194,6,6,6,0,S,-
12/04/2026 00:00,3004673330,19001,113,73203,5,5,5,0,S,-
12/04/2026 00:00,3004673330,19001,113,73209,8,8,8,0,S,-
12/04/2026 00:00,3004673330,19001,113,73829,11,11,11,0,S,-
12/04/2026 00:00,3004673330,19001,113,73862,4,4,4,0,S,-
12/04/2026 00:00,3004673330,19001,113,73893,5,5,0,5,S,-
12/04/2026 00:00,3004673330,19001,113,73898,5,5,5,0,S,-
12/04/2026 00:00,3004673330,19001,113,73904,2,2,2,0,S,-
12/04/2026 00:00,3004673330,19001,113,73916,4,4,4,0,S,-
12/04/2026 00:00,3004673330,19001,113,73922,4,4,4,0,S,-
12/04/2026 00:00,3004673330,19001,113,73924,4,4,4,0,S,-
12/04/2026 00:00,3004673330,19001,113,73929,6,6,6,0,S,-
12/04/2026 00:00,3004673330,19001,113,73982,0,0,0,0,S,-
12/04/2026 00:00,3004673330,19001,113,73986,3,3,3,0,S,-
12/04/2026 00:00,3004673330,19001,113,74016,2,2,2,0,S,-
12/04/2026 00:00,3004673330,19001,113,74288,4,4,4,0,S,-
12/04/2026 00:00,3004673330,19001,113,74705,0,0,0,0,S,-
12/04/2026 00:00,3004673330,19001,113,75098,4,4,4,0,S,-
12/04/2026 00:00,3004673330,19001,113,75194,3,3,3,0,S,-
12/04/2026 00:00,3004673330,19001,113,78253,5,5,5,0,S,-
12/04/2026 00:00,3004673330,19001,113,79340,3,3,3,0,S,-
12/04/2026 00:00,3004673330,19001,113,85579,3,3,3,0,S,-
12/04/2026 00:00,3004673330,19001,113,86464,5,5,5,0,S,-
12/04/2026 00:00,3004673330,19001,113,86508,9,9,9,0,S,-
12/04/2026 00:00,3004673330,19001,113,86602,4,4,4,0,S,-
12/04/2026 00:00,3004673330,19001,113,86629,7,7,7,0,S,-
12/04/2026 00:00,3004673330,19001,113,86900,0,0,0,0,S,-
12/04/2026 00:00,3004673330,19001,113,87610,0,0,0,0,S,-
12/04/2026 00:00,3004673330,19001,113,87809,7,7,7,0,S,-
12/04/2026 00:00,3004673330,19001,113,88390,12,12,12,0,S,-
12/04/2026 00:00,3004673330,19001,113,88802,4,4,4,0,S,-
12/04/2026 00:00,3004673330,19001,113,89605,3,3,3,0,S,-
12/04/2026 00:00,3004673330,19001,113,89714,4,4,4,0,S,-
12/04/2026 00:00,3004673330,19001,113,91809,3,3,3,0,S,-
12/04/2026 00:00,3004673330,19001,113,92283,4,4,4,0,S,-
12/04/2026 00:00,3004673330,19001,113,92330,7,7,5,2,S,-
12/04/2026 00:00,3004673330,19001,113,100000029,6,6,6,0,S,-
12/04/2026 00:00,3004673330,19001,113,100000030,11,11,11,0,S,-
12/04/2026 00:00,3004673330,19001,113,100005239,5,5,5,0,S,-
12/04/2026 00:00,3004673330,19001,113,100007023,3,3,3,0,S,-
12/04/2026 00:00,3004673330,19001,113,100007031,5,5,5,0,S,-
12/04/2026 00:00,3004673330,19001,113,100007103,2,2,2,0,S,-
12/04/2026 00:00,3004673330,19001,113,100007138,3,3,3,0,S,-
12/04/2026 00:00,3004673330,19001,113,100007200,2,2,2,0,S,-
12/04/2026 00:00,3004673330,19001,113,100007226,2,2,2,0,S,-
12/04/2026 00:00,3004673330,19001,113,100012025,3,3,3,0,S,-
12/04/2026 00:00,3004673330,19001,113,100012033,3,3,3,0,S,-
12/04/2026 00:00,3004673330,19001,113,100014215,7,7,7,0,S,-
12/04/2026 00:00,3004673330,19001,113,100022101,4,4,4,0,S,-
12/04/2026 00:00,3004673330,19001,113,100029767,0,0,0,0,S,-
12/04/2026 00:00,3004673330,19001,113,100030346,6,6,0,6,S,-
12/04/2026 00:00,3004673330,19001,113,100031761,0,0,0,0,S,-
12/04/2026 00:00,3004673330,19001,113,100033731,0,0,0,0,S,-
12/04/2026 00:00,3004673330,19001,113,100036271,3,3,3,0,S,-
12/04/2026 00:00,3004673330,19001,113,100036289,2,2,2,0,S,-
12/04/2026 00:00,3004673330,19001,113,100036297,2,2,2,0,S,-
12/04/2026 00:00,3004673330,19001,113,100036300,3,3,3,0,S,-
12/04/2026 00:00,3004673330,19001,113,100037302,3,3,3,0,S,-
12/04/2026 00:00,3004673330,19001,113,100046882,3,3,3,0,S,-
12/04/2026 00:00,3004673330,19001,113,100053521,0,0,0,0,S,-
12/04/2026 00:00,3004673330,19001,113,100057400,3,3,3,0,S,-
12/04/2026 00:00,3004673330,19001,113,100061071,3,3,0,3,S,-
12/04/2026 00:00,3004673330,19001,113,100062655,0,0,0,0,S,-
12/04/2026 00:00,3004673330,19001,113,100063025,3,3,3,0,S,-
12/04/2026 00:00,3004673330,19001,113,100065637,0,0,0,0,S,-
12/04/2026 00:00,3004673330,19001,113,100071261,0,0,0,0,S,-
12/04/2026 00:00,3004673330,19001,113,100074824,4,4,4,0,S,-
12/04/2026 00:00,3004673330,19001,113,100074832,3,3,3,0,S,-
12/04/2026 00:00,3004673330,19001,113,100078112,0,0,0,0,S,-
12/04/2026 00:00,3004673330,19001,113,100079254,0,0,9,0,S,-
12/04/2026 00:00,3004673330,19001,113,100084176,8,8,8,0,S,-
12/04/2026 00:00,3004673330,19001,113,100084467,12,12,12,0,S,-
12/04/2026 00:00,3004673330,19001,113,100085081,3,3,3,0,S,-
12/04/2026 00:00,3004673330,19001,113,100086391,6,6,6,0,S,-
12/04/2026 00:00,3004673330,19001,113,100086892,2,2,2,0,S,-
12/04/2026 00:00,3004673330,19001,113,100088581,6,6,6,0,S,-
12/04/2026 00:00,3004673330,19001,113,100105838,0,0,0,0,S,-
12/04/2026 00:00,3004673330,19001,113,100116916,4,4,4,0,S,-
12/04/2026 00:00,3004673330,19001,113,100127210,0,0,0,0,S,-
12/04/2026 00:00,3004673330,19001,113,100131155,0,0,0,0,S,-
12/04/2026 00:00,3004673330,19001,113,100135691,5,5,5,0,S,-
12/04/2026 00:00,3004673330,19001,113,100137389,4,4,4,0,S,-
12/04/2026 00:00,3004673330,19001,113,100146218,26,26,26,0,S,-
12/04/2026 00:00,3004673330,19001,113,100146269,4,4,4,0,S,-
12/04/2026 00:00,3004673330,19001,113,100148230,0,0,0,0,S,-
12/04/2026 00:00,3004673330,19001,113,100151375,2,2,2,0,S,-
12/04/2026 00:00,3004673330,19001,113,100152685,0,0,0,0,S,-
12/04/2026 00:00,3004673330,19001,113,100152706,0,0,0,0,S,-
12/04/2026 00:00,3004673330,19001,113,100155296,0,0,0,0,S,-
12/04/2026 00:00,3004673330,19001,113,100155309,0,0,0,0,S,-
12/04/2026 00:00,3004673330,19001,113,100161549,0,0,0,0,S,-
12/04/2026 00:00,3004673330,19001,113,100162306,2,2,0,2,S,-
12/04/2026 00:00,3004673330,19001,113,100173751,5,5,5,0,S,-
12/04/2026 00:00,3004673330,19001,113,100174817,2,2,2,0,S,-
12/04/2026 00:00,3004673330,19001,113,100177321,8,8,8,0,S,-
12/04/2026 00:00,3004673330,19001,113,100187407,3,3,3,0,S,-
12/04/2026 00:00,3004673330,19001,113,100187415,3,3,3,0,S,-
12/04/2026 00:00,3004673330,19001,113,100190657,0,0,0,0,S,-
12/04/2026 00:00,3004673330,19001,113,100196012,0,0,0,0,S,-
12/04/2026 00:00,3004673330,19001,113,100216503,4,4,4,0,S,-
12/04/2026 00:00,3004673330,19001,113,100217063,6,6,0,6,S,-
15/04/2026 00:00,3004681220,19001,113,6,12,12,12,0,S,-
15/04/2026 00:00,3004681220,19001,113,67,5,5,5,0,S,-
15/04/2026 00:00,3004681220,19001,113,72,0,0,0,0,S,-
15/04/2026 00:00,3004681220,19001,113,142,2,2,2,0,S,-
15/04/2026 00:00,3004681220,19001,113,178,2,2,2,0,S,-
15/04/2026 00:00,3004681220,19001,113,192,6,6,6,0,S,-
15/04/2026 00:00,3004681220,19001,113,262,3,3,3,0,S,-
15/04/2026 00:00,3004681220,19001,113,388,2,2,2,0,S,-
15/04/2026 00:00,3004681220,19001,113,1851,8,8,8,0,S,-
15/04/2026 00:00,3004681220,19001,113,1853,5,5,5,0,S,-
15/04/2026 00:00,3004681220,19001,113,4322,16,16,16,0,S,-
15/04/2026 00:00,3004681220,19001,113,4387,4,4,4,0,S,-
15/04/2026 00:00,3004681220,19001,113,5410,10,10,10,0,S,-
15/04/2026 00:00,3004681220,19001,113,5411,22,22,22,0,S,-
15/04/2026 00:00,3004681220,19001,113,6369,13,13,13,0,S,-
15/04/2026 00:00,3004681220,19001,113,6468,14,14,14,0,S,-
15/04/2026 00:00,3004681220,19001,113,6890,6,6,6,0,S,-
15/04/2026 00:00,3004681220,19001,113,6891,64,64,64,0,S,-
15/04/2026 00:00,3004681220,19001,113,7259,3,3,3,0,S,-
15/04/2026 00:00,3004681220,19001,113,7284,4,4,4,0,S,-
15/04/2026 00:00,3004681220,19001,113,16639,3,3,3,0,S,-
15/04/2026 00:00,3004681220,19001,113,17841,12,12,12,0,S,-
15/04/2026 00:00,3004681220,19001,113,19299,13,13,13,0,S,-
15/04/2026 00:00,3004681220,19001,113,20955,4,4,4,0,S,-
15/04/2026 00:00,3004681220,19001,113,22748,16,16,16,0,S,-
15/04/2026 00:00,3004681220,19001,113,22984,3,3,3,0,S,-
15/04/2026 00:00,3004681220,19001,113,23046,5,5,5,0,S,-
15/04/2026 00:00,3004681220,19001,113,25122,0,0,0,0,S,-
15/04/2026 00:00,3004681220,19001,113,26252,0,0,0,0,S,-
15/04/2026 00:00,3004681220,19001,113,26521,3,3,3,0,S,-
15/04/2026 00:00,3004681220,19001,113,26944,0,0,0,0,S,-
15/04/2026 00:00,3004681220,19001,113,27859,0,0,0,0,S,-
15/04/2026 00:00,3004681220,19001,113,27860,2,2,2,0,S,-
15/04/2026 00:00,3004681220,19001,113,28067,0,0,0,0,S,-
15/04/2026 00:00,3004681220,19001,113,28698,5,5,5,0,S,-
15/04/2026 00:00,3004681220,19001,113,29976,3,3,3,0,S,-
15/04/2026 00:00,3004681220,19001,113,30039,3,3,3,0,S,-
15/04/2026 00:00,3004681220,19001,113,30049,3,3,3,0,S,-
15/04/2026 00:00,3004681220,19001,113,30053,3,3,3,0,S,-
15/04/2026 00:00,3004681220,19001,113,30068,5,5,5,0,S,-
15/04/2026 00:00,3004681220,19001,113,30095,17,17,17,0,S,-
15/04/2026 00:00,3004681220,19001,113,30410,8,8,8,0,S,-
15/04/2026 00:00,3004681220,19001,113,30605,3,3,3,0,S,-
15/04/2026 00:00,3004681220,19001,113,32599,3,3,3,0,S,-
15/04/2026 00:00,3004681220,19001,113,32606,7,7,7,0,S,-
15/04/2026 00:00,3004681220,19001,113,32788,6,6,6,0,S,-
15/04/2026 00:00,3004681220,19001,113,34378,3,3,3,0,S,-
15/04/2026 00:00,3004681220,19001,113,35452,0,0,0,0,S,-
15/04/2026 00:00,3004681220,19001,113,35669,12,12,12,0,S,-
15/04/2026 00:00,3004681220,19001,113,35712,10,10,10,0,S,-
15/04/2026 00:00,3004681220,19001,113,35729,3,3,3,0,S,-
15/04/2026 00:00,3004681220,19001,113,36028,3,3,3,0,S,-
15/04/2026 00:00,3004681220,19001,113,36095,0,0,0,0,S,-
15/04/2026 00:00,3004681220,19001,113,36285,4,4,4,0,S,-
15/04/2026 00:00,3004681220,19001,113,36656,6,6,6,0,S,-
15/04/2026 00:00,3004681220,19001,113,36657,10,10,10,0,S,-
15/04/2026 00:00,3004681220,19001,113,37547,0,0,0,0,S,-
15/04/2026 00:00,3004681220,19001,113,37548,0,0,0,0,S,-
15/04/2026 00:00,3004681220,19001,113,37559,7,7,7,0,S,-
15/04/2026 00:00,3004681220,19001,113,38253,0,0,0,0,S,-
15/04/2026 00:00,3004681220,19001,113,38257,9,9,9,0,S,-
15/04/2026 00:00,3004681220,19001,113,38259,2,2,2,0,S,-
15/04/2026 00:00,3004681220,19001,113,38287,4,4,4,0,S,-
15/04/2026 00:00,3004681220,19001,113,38295,2,2,2,0,S,-
15/04/2026 00:00,3004681220,19001,113,38333,0,0,0,0,S,-
15/04/2026 00:00,3004681220,19001,113,39451,3,3,3,0,S,-
15/04/2026 00:00,3004681220,19001,113,39677,5,5,5,0,S,-
15/04/2026 00:00,3004681220,19001,113,40142,2,2,2,0,S,-
15/04/2026 00:00,3004681220,19001,113,41195,14,14,14,0,S,-
15/04/2026 00:00,3004681220,19001,113,41357,3,3,3,0,S,-
15/04/2026 00:00,3004681220,19001,113,41450,4,4,4,0,S,-
15/04/2026 00:00,3004681220,19001,113,42959,9,9,9,0,S,-
15/04/2026 00:00,3004681220,19001,113,43121,3,3,3,0,S,-
15/04/2026 00:00,3004681220,19001,113,43779,40,40,40,0,S,-
15/04/2026 00:00,3004681220,19001,113,43869,9,9,9,0,S,-
15/04/2026 00:00,3004681220,19001,113,43926,0,0,0,0,S,-
15/04/2026 00:00,3004681220,19001,113,43946,8,8,8,0,S,-
15/04/2026 00:00,3004681220,19001,113,44702,3,3,3,0,S,-
15/04/2026 00:00,3004681220,19001,113,44930,0,0,0,0,S,-
15/04/2026 00:00,3004681220,19001,113,45661,1,0,0,1,S,-
15/04/2026 00:00,3004681220,19001,113,45820,8,8,8,0,S,-
15/04/2026 00:00,3004681220,19001,113,45865,3,3,3,0,S,-
15/04/2026 00:00,3004681220,19001,113,46467,3,3,3,0,S,-
15/04/2026 00:00,3004681220,19001,113,48845,12,12,12,0,S,-
15/04/2026 00:00,3004681220,19001,113,50645,8,8,8,0,S,-
15/04/2026 00:00,3004681220,19001,113,50651,8,8,8,0,S,-
15/04/2026 00:00,3004681220,19001,113,51169,7,7,7,0,S,-
15/04/2026 00:00,3004681220,19001,113,51434,3,3,3,0,S,-
15/04/2026 00:00,3004681220,19001,113,51614,0,0,0,0,S,-
15/04/2026 00:00,3004681220,19001,113,52156,3,3,3,0,S,-
15/04/2026 00:00,3004681220,19001,113,52306,0,0,0,0,S,-
15/04/2026 00:00,3004681220,19001,113,52414,1,1,1,0,S,-
15/04/2026 00:00,3004681220,19001,113,52598,3,3,3,0,S,-
15/04/2026 00:00,3004681220,19001,113,52621,5,5,5,0,S,-
15/04/2026 00:00,3004681220,19001,113,52698,9,9,9,0,S,-
15/04/2026 00:00,3004681220,19001,113,52700,21,21,21,0,S,-
15/04/2026 00:00,3004681220,19001,113,53136,0,0,0,0,S,-
15/04/2026 00:00,3004681220,19001,113,53433,4,4,4,0,S,-
15/04/2026 00:00,3004681220,19001,113,54212,6,6,6,0,S,-
15/04/2026 00:00,3004681220,19001,113,54424,5,5,5,0,S,-
15/04/2026 00:00,3004681220,19001,113,54433,3,3,3,0,S,-
15/04/2026 00:00,3004681220,19001,113,54819,3,3,3,0,S,-
15/04/2026 00:00,3004681220,19001,113,55176,5,5,5,0,S,-
15/04/2026 00:00,3004681220,19001,113,55178,0,0,0,0,S,-
15/04/2026 00:00,3004681220,19001,113,55197,5,5,5,0,S,-
15/04/2026 00:00,3004681220,19001,113,55299,0,0,0,0,S,-
15/04/2026 00:00,3004681220,19001,113,56536,14,14,14,0,S,-
15/04/2026 00:00,3004681220,19001,113,56570,5,5,5,0,S,-
15/04/2026 00:00,3004681220,19001,113,56681,0,0,0,0,S,-
15/04/2026 00:00,3004681220,19001,113,56832,39,39,39,0,S,-
15/04/2026 00:00,3004681220,19001,113,56833,13,13,13,0,S,-
15/04/2026 00:00,3004681220,19001,113,56941,0,0,0,0,S,-
15/04/2026 00:00,3004681220,19001,113,56942,0,0,0,0,S,-
15/04/2026 00:00,3004681220,19001,113,56943,0,0,0,0,S,-
15/04/2026 00:00,3004681220,19001,113,56945,0,0,0,0,S,-
15/04/2026 00:00,3004681220,19001,113,57261,3,3,3,0,S,-
15/04/2026 00:00,3004681220,19001,113,58724,9,9,9,0,S,-
15/04/2026 00:00,3004681220,19001,113,58787,5,5,5,0,S,-
15/04/2026 00:00,3004681220,19001,113,60013,4,4,4,0,S,-
15/04/2026 00:00,3004681220,19001,113,60643,8,8,8,0,S,-
15/04/2026 00:00,3004681220,19001,113,60708,3,3,3,0,S,-
15/04/2026 00:00,3004681220,19001,113,60825,0,0,0,0,S,-
15/04/2026 00:00,3004681220,19001,113,60862,3,3,3,0,S,-
15/04/2026 00:00,3004681220,19001,113,60956,1,1,1,0,S,-
15/04/2026 00:00,3004681220,19001,113,61019,3,3,3,0,S,-
15/04/2026 00:00,3004681220,19001,113,61021,5,5,5,0,S,-
15/04/2026 00:00,3004681220,19001,113,61229,6,6,6,0,S,-
15/04/2026 00:00,3004681220,19001,113,61230,4,4,4,0,S,-
15/04/2026 00:00,3004681220,19001,113,61812,3,3,3,0,S,-
15/04/2026 00:00,3004681220,19001,113,61813,0,0,0,0,S,-
15/04/2026 00:00,3004681220,19001,113,62694,3,3,3,0,S,-
15/04/2026 00:00,3004681220,19001,113,63124,3,3,3,0,S,-
15/04/2026 00:00,3004681220,19001,113,63271,6,6,6,0,S,-
15/04/2026 00:00,3004681220,19001,113,63580,3,3,3,0,S,-
15/04/2026 00:00,3004681220,19001,113,64127,6,6,6,0,S,-
15/04/2026 00:00,3004681220,19001,113,64205,4,4,4,0,S,-
15/04/2026 00:00,3004681220,19001,113,64405,0,0,0,0,S,-
15/04/2026 00:00,3004681220,19001,113,64882,4,4,4,0,S,-
15/04/2026 00:00,3004681220,19001,113,65109,5,5,5,0,S,-
15/04/2026 00:00,3004681220,19001,113,65177,3,3,3,0,S,-
15/04/2026 00:00,3004681220,19001,113,65182,3,3,3,0,S,-
15/04/2026 00:00,3004681220,19001,113,65251,2,2,2,0,S,-
15/04/2026 00:00,3004681220,19001,113,65268,7,7,7,0,S,-
15/04/2026 00:00,3004681220,19001,113,65269,5,5,5,0,S,-
15/04/2026 00:00,3004681220,19001,113,65528,0,0,0,0,S,-
15/04/2026 00:00,3004681220,19001,113,65765,2,2,2,0,S,-
15/04/2026 00:00,3004681220,19001,113,65961,0,0,0,0,S,-
15/04/2026 00:00,3004681220,19001,113,65962,0,0,0,0,S,-
15/04/2026 00:00,3004681220,19001,113,66027,8,8,8,0,S,-
15/04/2026 00:00,3004681220,19001,113,66243,8,8,8,0,S,-
15/04/2026 00:00,3004681220,19001,113,66245,8,8,8,0,S,-
15/04/2026 00:00,3004681220,19001,113,66858,0,0,0,0,S,-
15/04/2026 00:00,3004681220,19001,113,67863,5,5,5,0,S,-
15/04/2026 00:00,3004681220,19001,113,67864,4,4,4,0,S,-
15/04/2026 00:00,3004681220,19001,113,67928,4,4,4,0,S,-
15/04/2026 00:00,3004681220,19001,113,67932,4,4,4,0,S,-
15/04/2026 00:00,3004681220,19001,113,68395,5,5,5,0,S,-
15/04/2026 00:00,3004681220,19001,113,68691,10,10,10,0,S,-
15/04/2026 00:00,3004681220,19001,113,68928,11,11,11,0,S,-
15/04/2026 00:00,3004681220,19001,113,69682,0,0,0,0,S,-
15/04/2026 00:00,3004681220,19001,113,69688,4,4,4,0,S,-
15/04/2026 00:00,3004681220,19001,113,69703,4,4,4,0,S,-
15/04/2026 00:00,3004681220,19001,113,71381,5,5,5,0,S,-
15/04/2026 00:00,3004681220,19001,113,73082,3,3,3,0,S,-
15/04/2026 00:00,3004681220,19001,113,73085,0,0,0,0,S,-
15/04/2026 00:00,3004681220,19001,113,73106,3,3,3,0,S,-
15/04/2026 00:00,3004681220,19001,113,73111,0,0,0,0,S,-
15/04/2026 00:00,3004681220,19001,113,73112,3,3,3,0,S,-
15/04/2026 00:00,3004681220,19001,113,73119,3,3,3,0,S,-
15/04/2026 00:00,3004681220,19001,113,73180,5,5,5,0,S,-
15/04/2026 00:00,3004681220,19001,113,73193,4,4,4,0,S,-
15/04/2026 00:00,3004681220,19001,113,73196,8,8,8,0,S,-
15/04/2026 00:00,3004681220,19001,113,73829,9,9,9,0,S,-
15/04/2026 00:00,3004681220,19001,113,73908,4,4,4,0,S,-
15/04/2026 00:00,3004681220,19001,113,73968,0,0,0,0,S,-
15/04/2026 00:00,3004681220,19001,113,73975,3,3,3,0,S,-
15/04/2026 00:00,3004681220,19001,113,73981,3,3,3,0,S,-
15/04/2026 00:00,3004681220,19001,113,74029,2,2,2,0,S,-
15/04/2026 00:00,3004681220,19001,113,74251,4,4,4,0,S,-
15/04/2026 00:00,3004681220,19001,113,74278,13,13,13,0,S,-
15/04/2026 00:00,3004681220,19001,113,74280,5,5,5,0,S,-
15/04/2026 00:00,3004681220,19001,113,74298,11,11,11,0,S,-
15/04/2026 00:00,3004681220,19001,113,74705,0,0,0,0,S,-
15/04/2026 00:00,3004681220,19001,113,75878,5,5,5,0,S,-
15/04/2026 00:00,3004681220,19001,113,77501,4,4,4,0,S,-
15/04/2026 00:00,3004681220,19001,113,78730,6,6,6,0,S,-
15/04/2026 00:00,3004681220,19001,113,79374,7,7,7,0,S,-
15/04/2026 00:00,3004681220,19001,113,79408,1,1,1,0,S,-
15/04/2026 00:00,3004681220,19001,113,80047,0,0,0,0,S,-
15/04/2026 00:00,3004681220,19001,113,82277,2,2,2,0,S,-
15/04/2026 00:00,3004681220,19001,113,82486,6,6,6,0,S,-
15/04/2026 00:00,3004681220,19001,113,83143,0,0,0,0,S,-
15/04/2026 00:00,3004681220,19001,113,83147,6,6,6,0,S,-
15/04/2026 00:00,3004681220,19001,113,85716,3,3,3,0,S,-
15/04/2026 00:00,3004681220,19001,113,86469,4,4,4,0,S,-
15/04/2026 00:00,3004681220,19001,113,86702,3,3,3,0,S,-
15/04/2026 00:00,3004681220,19001,113,86759,0,0,0,0,S,-
15/04/2026 00:00,3004681220,19001,113,86782,1,1,1,0,S,-
15/04/2026 00:00,3004681220,19001,113,86857,4,4,4,0,S,-
15/04/2026 00:00,3004681220,19001,113,86900,3,3,3,0,S,-
15/04/2026 00:00,3004681220,19001,113,87610,4,4,4,0,S,-
15/04/2026 00:00,3004681220,19001,113,87806,4,4,4,0,S,-
15/04/2026 00:00,3004681220,19001,113,88376,13,13,13,0,S,-
15/04/2026 00:00,3004681220,19001,113,88390,21,21,21,0,S,-
15/04/2026 00:00,3004681220,19001,113,88518,0,0,0,0,S,-
15/04/2026 00:00,3004681220,19001,113,88603,5,5,5,0,S,-
15/04/2026 00:00,3004681220,19001,113,88953,4,4,4,0,S,-
15/04/2026 00:00,3004681220,19001,113,89668,0,0,0,0,S,-
15/04/2026 00:00,3004681220,19001,113,91218,3,3,3,0,S,-
15/04/2026 00:00,3004681220,19001,113,92143,11,11,11,0,S,-
15/04/2026 00:00,3004681220,19001,113,93104,3,3,3,0,S,-
15/04/2026 00:00,3004681220,19001,113,100007162,9,9,9,0,S,-
15/04/2026 00:00,3004681220,19001,113,100007200,2,2,2,0,S,-
15/04/2026 00:00,3004681220,19001,113,100007277,2,2,2,0,S,-
15/04/2026 00:00,3004681220,19001,113,100007285,2,2,2,0,S,-
15/04/2026 00:00,3004681220,19001,113,100007306,3,3,3,0,S,-
15/04/2026 00:00,3004681220,19001,113,100011680,2,2,2,0,S,-
15/04/2026 00:00,3004681220,19001,113,100011989,3,3,3,0,S,-
15/04/2026 00:00,3004681220,19001,113,100014160,9,9,9,0,S,-
15/04/2026 00:00,3004681220,19001,113,100014338,4,4,4,0,S,-
15/04/2026 00:00,3004681220,19001,113,100017635,3,3,3,0,S,-
15/04/2026 00:00,3004681220,19001,113,100018363,11,11,11,0,S,-
15/04/2026 00:00,3004681220,19001,113,100029767,0,0,0,0,S,-
15/04/2026 00:00,3004681220,19001,113,100031761,0,0,0,0,S,-
15/04/2026 00:00,3004681220,19001,113,100033731,0,0,0,0,S,-
15/04/2026 00:00,3004681220,19001,113,100034401,3,3,3,0,S,-
15/04/2026 00:00,3004681220,19001,113,100036174,5,5,5,0,S,-
15/04/2026 00:00,3004681220,19001,113,100036211,1,1,1,0,S,-
15/04/2026 00:00,3004681220,19001,113,100036271,2,2,2,0,S,-
15/04/2026 00:00,3004681220,19001,113,100038938,11,11,11,0,S,-
15/04/2026 00:00,3004681220,19001,113,100038946,11,11,11,0,S,-
15/04/2026 00:00,3004681220,19001,113,100039121,3,3,3,0,S,-
15/04/2026 00:00,3004681220,19001,113,100041168,2,2,2,0,S,-
15/04/2026 00:00,3004681220,19001,113,100053521,0,0,0,0,S,-
15/04/2026 00:00,3004681220,19001,113,100053599,3,3,3,0,S,-
15/04/2026 00:00,3004681220,19001,113,100057418,3,3,3,0,S,-
15/04/2026 00:00,3004681220,19001,113,100061071,3,3,3,0,S,-
15/04/2026 00:00,3004681220,19001,113,100062313,4,4,4,0,S,-
15/04/2026 00:00,3004681220,19001,113,100062655,0,0,0,0,S,-
15/04/2026 00:00,3004681220,19001,113,100064837,3,3,3,0,S,-
15/04/2026 00:00,3004681220,19001,113,100065637,2,2,2,0,S,-
15/04/2026 00:00,3004681220,19001,113,100068731,3,3,3,0,S,-
15/04/2026 00:00,3004681220,19001,113,100069689,0,0,0,0,S,-
15/04/2026 00:00,3004681220,19001,113,100071261,0,0,0,0,S,-
15/04/2026 00:00,3004681220,19001,113,100072394,0,0,0,0,S,-
15/04/2026 00:00,3004681220,19001,113,100073451,6,6,6,0,S,-
15/04/2026 00:00,3004681220,19001,113,100074824,4,4,4,0,S,-
15/04/2026 00:00,3004681220,19001,113,100074832,4,4,4,0,S,-
15/04/2026 00:00,3004681220,19001,113,100074841,3,3,3,0,S,-
15/04/2026 00:00,3004681220,19001,113,100077435,0,0,0,0,S,-
15/04/2026 00:00,3004681220,19001,113,100077689,6,6,6,0,S,-
15/04/2026 00:00,3004681220,19001,113,100078075,6,6,6,0,S,-
15/04/2026 00:00,3004681220,19001,113,100078112,1,1,1,0,S,-
15/04/2026 00:00,3004681220,19001,113,100080731,0,0,0,0,S,-
15/04/2026 00:00,3004681220,19001,113,100083368,4,4,4,0,S,-
15/04/2026 00:00,3004681220,19001,113,100085056,2,2,2,0,S,-
15/04/2026 00:00,3004681220,19001,113,100085478,3,3,3,0,S,-
15/04/2026 00:00,3004681220,19001,113,100086892,2,2,2,0,S,-
15/04/2026 00:00,3004681220,19001,113,100094850,0,0,0,0,S,-
15/04/2026 00:00,3004681220,19001,113,100105811,0,0,0,0,S,-
15/04/2026 00:00,3004681220,19001,113,100105838,0,0,0,0,S,-
15/04/2026 00:00,3004681220,19001,113,100110127,2,2,2,0,S,-
15/04/2026 00:00,3004681220,19001,113,100112667,2,2,2,0,S,-
15/04/2026 00:00,3004681220,19001,113,100116748,0,0,0,0,S,-
15/04/2026 00:00,3004681220,19001,113,100123227,2,2,2,0,S,-
15/04/2026 00:00,3004681220,19001,113,100123438,2,2,2,0,S,-
15/04/2026 00:00,3004681220,19001,113,100123518,2,2,2,0,S,-
15/04/2026 00:00,3004681220,19001,113,100124828,0,0,0,0,S,-
15/04/2026 00:00,3004681220,19001,113,100124836,0,0,0,0,S,-
15/04/2026 00:00,3004681220,19001,113,100124861,4,4,4,0,S,-
15/04/2026 00:00,3004681220,19001,113,100131155,0,0,0,0,S,-
15/04/2026 00:00,3004681220,19001,113,100135720,4,4,4,0,S,-
15/04/2026 00:00,3004681220,19001,113,100135842,4,4,4,0,S,-
15/04/2026 00:00,3004681220,19001,113,100143076,3,3,3,0,S,-
15/04/2026 00:00,3004681220,19001,113,100144706,0,0,0,0,S,-
15/04/2026 00:00,3004681220,19001,113,100146218,22,22,22,0,S,-
15/04/2026 00:00,3004681220,19001,113,100148230,0,0,0,0,S,-
15/04/2026 00:00,3004681220,19001,113,100152685,0,0,0,0,S,-
15/04/2026 00:00,3004681220,19001,113,100152706,0,0,0,0,S,-
15/04/2026 00:00,3004681220,19001,113,100152749,0,0,0,0,S,-
15/04/2026 00:00,3004681220,19001,113,100152757,0,0,0,0,S,-
15/04/2026 00:00,3004681220,19001,113,100154980,3,3,3,0,S,-
15/04/2026 00:00,3004681220,19001,113,100155106,0,0,0,0,S,-
15/04/2026 00:00,3004681220,19001,113,100155157,10,10,10,0,S,-
15/04/2026 00:00,3004681220,19001,113,100155296,0,0,0,0,S,-
15/04/2026 00:00,3004681220,19001,113,100155309,0,0,0,0,S,-
15/04/2026 00:00,3004681220,19001,113,100161549,0,0,0,0,S,-
15/04/2026 00:00,3004681220,19001,113,100173267,0,0,0,0,S,-
15/04/2026 00:00,3004681220,19001,113,100174083,4,4,4,0,S,-
15/04/2026 00:00,3004681220,19001,113,100174631,3,3,3,0,S,-
15/04/2026 00:00,3004681220,19001,113,100174825,31,31,31,0,S,-
15/04/2026 00:00,3004681220,19001,113,100178261,3,3,3,0,S,-
15/04/2026 00:00,3004681220,19001,113,100181072,6,6,6,0,S,-
15/04/2026 00:00,3004681220,19001,113,100190930,3,3,3,0,S,-
15/04/2026 00:00,3004681220,19001,113,100190972,7,7,7,0,S,-
15/04/2026 00:00,3004681220,19001,113,100194359,0,0,0,0,S,-
15/04/2026 00:00,3004681220,19001,113,100195984,3,3,3,0,S,-
15/04/2026 00:00,3004681220,19001,113,100196012,0,0,0,0,S,-
15/04/2026 00:00,3004681220,19001,113,100230743,0,0,0,0,S,-
15/04/2026 00:00,3004681220,19001,113,100233637,0,0,0,0,S,-
15/04/2026 00:00,3004681220,19001,113,100237030,6,6,6,0,S,-
15/04/2026 00:00,3004681220,19001,113,100243157,0,0,0,0,S,-
15/04/2026 00:00,3004681220,19001,113,100263342,6,6,6,0,S,-
15/04/2026 00:00,3004681220,19001,113,100264337,3,3,3,0,S,-
16/04/2026 18:41,3004682327,19001,113,192,11,11,11,0,S,-
16/04/2026 18:41,3004682327,19001,113,8703,10,10,10,0,S,-
16/04/2026 18:41,3004682327,19001,113,8709,10,10,10,0,S,-
16/04/2026 18:41,3004682327,19001,113,8712,10,10,10,0,S,-
16/04/2026 18:41,3004682327,19001,113,8713,10,10,10,0,S,-
16/04/2026 18:41,3004682327,19001,113,8714,10,10,10,0,S,-
16/04/2026 18:41,3004682327,19001,113,8723,10,10,10,0,S,-
16/04/2026 18:41,3004682327,19001,113,8805,10,10,9,1,S,-
16/04/2026 18:41,3004682327,19001,113,8811,10,10,10,0,S,-
16/04/2026 18:41,3004682327,19001,113,15554,5,5,5,0,S,-
16/04/2026 18:41,3004682327,19001,113,20955,28,28,28,0,S,-
16/04/2026 18:41,3004682327,19001,113,30095,29,29,29,0,S,-
16/04/2026 18:41,3004682327,19001,113,30691,5,5,5,0,S,-
16/04/2026 18:41,3004682327,19001,113,32606,19,19,19,0,S,-
16/04/2026 18:41,3004682327,19001,113,33129,5,5,5,0,S,-
16/04/2026 18:41,3004682327,19001,113,33132,5,5,5,0,S,-
16/04/2026 18:41,3004682327,19001,113,35729,4,4,4,0,S,-
16/04/2026 18:41,3004682327,19001,113,36348,10,10,10,0,S,-
16/04/2026 18:41,3004682327,19001,113,36349,10,10,10,0,S,-
16/04/2026 18:41,3004682327,19001,113,37561,24,24,24,0,S,-
16/04/2026 18:41,3004682327,19001,113,37562,24,24,24,0,S,-
16/04/2026 18:41,3004682327,19001,113,37563,24,24,24,0,S,-
16/04/2026 18:41,3004682327,19001,113,37565,24,24,24,0,S,-
16/04/2026 18:41,3004682327,19001,113,37566,24,24,24,0,S,-
16/04/2026 18:41,3004682327,19001,113,37567,24,24,24,0,S,-
16/04/2026 18:41,3004682327,19001,113,37570,24,24,24,0,S,-
16/04/2026 18:41,3004682327,19001,113,37571,24,24,24,0,S,-
16/04/2026 18:41,3004682327,19001,113,37572,24,24,24,0,S,-
16/04/2026 18:41,3004682327,19001,113,41195,15,15,15,0,S,-
16/04/2026 18:41,3004682327,19001,113,42148,10,10,10,0,S,-
16/04/2026 18:41,3004682327,19001,113,42149,10,10,10,0,S,-
16/04/2026 18:41,3004682327,19001,113,42150,10,10,10,0,S,-
16/04/2026 18:41,3004682327,19001,113,43869,12,12,12,0,S,-
16/04/2026 18:41,3004682327,19001,113,50645,10,10,10,0,S,-
16/04/2026 18:41,3004682327,19001,113,55197,3,3,3,0,S,-
16/04/2026 18:41,3004682327,19001,113,58724,6,6,6,0,S,-
16/04/2026 18:41,3004682327,19001,113,61229,1,1,1,0,S,-
16/04/2026 18:41,3004682327,19001,113,62574,3,3,3,0,S,-
16/04/2026 18:41,3004682327,19001,113,64127,17,17,17,0,S,-
16/04/2026 18:41,3004682327,19001,113,64634,6,6,6,0,S,-
16/04/2026 18:41,3004682327,19001,113,64635,6,6,6,0,S,-
16/04/2026 18:41,3004682327,19001,113,64730,24,24,24,0,S,-
16/04/2026 18:41,3004682327,19001,113,66858,0,0,0,0,S,-
16/04/2026 18:41,3004682327,19001,113,86759,0,0,0,0,S,-
16/04/2026 18:41,3004682327,19001,113,89759,2,2,2,0,S,-
16/04/2026 18:41,3004682327,19001,113,91777,2,2,2,0,S,-
16/04/2026 18:41,3004682327,19001,113,100018363,18,18,11,7,S,-
16/04/2026 18:41,3004682327,19001,113,100031761,0,0,0,0,S,-
16/04/2026 18:41,3004682327,19001,113,100077689,9,9,9,0,S,-
16/04/2026 18:41,3004682327,19001,113,100078075,11,11,11,0,S,-
16/04/2026 18:41,3004682327,19001,113,100085478,3,3,3,0,S,-
16/04/2026 18:41,3004682327,19001,113,100085507,4,4,4,0,S,-
16/04/2026 18:41,3004682327,19001,113,100124828,0,0,0,0,S,-
16/04/2026 18:41,3004682327,19001,113,100155157,4,4,4,0,S,-
16/04/2026 18:41,3004682327,19001,113,100158180,20,20,20,0,S,-
16/04/2026 18:41,3004682327,19001,113,100158198,20,20,20,0,S,-
16/04/2026 18:41,3004682327,19001,113,100165451,4,4,4,0,S,-
16/04/2026 18:41,3004682327,19001,113,100165478,4,4,4,0,S,-
16/04/2026 18:41,3004682327,19001,113,100173267,0,0,0,0,S,-
16/04/2026 18:41,3004682327,19001,113,100174892,4,4,4,0,S,-
16/04/2026 18:41,3004682327,19001,113,100190606,0,0,0,0,S,-
16/04/2026 18:41,3004682327,19001,113,100190657,0,0,0,0,S,-
16/04/2026 18:41,3004682327,19001,113,100190948,1,1,1,0,S,-
16/04/2026 18:41,3004682327,19001,113,100190972,24,24,24,0,S,-
16/04/2026 18:41,3004682327,19001,113,100226859,1,1,1,0,S,-
16/04/2026 18:41,3004682327,19001,113,100239220,20,20,20,0,S,-
16/04/2026 18:41,3004682327,19001,113,100239246,0,0,0,0,S,-
16/04/2026 18:41,3004682327,19001,113,100244678,15,15,15,0,S,-
16/04/2026 18:41,3004682327,19001,113,100244723,15,15,15,0,S,-
16/04/2026 18:41,3004682327,19001,113,100244820,15,15,15,0,S,-
16/04/2026 18:41,3004682327,19001,113,100244838,15,15,15,0,S,-
16/04/2026 18:41,3004682327,19001,113,100244897,15,15,15,0,S,-
16/04/2026 18:41,3004682327,19001,113,100244926,15,15,15,0,S,-
16/04/2026 18:41,3004682327,19001,113,100244942,15,15,15,0,S,-
16/04/2026 18:41,3004682327,19001,113,100244969,15,15,15,0,S,-
16/04/2026 18:41,3004682327,19001,113,100251675,98,98,92,6,S,-
16/04/2026 18:41,3004682327,19001,113,100253460,3,3,3,0,S,-
16/04/2026 18:41,3004682327,19001,113,100267183,10,10,10,0,S,-
16/04/2026 18:41,3004682327,19001,113,100267191,10,10,10,0,S,-
16/04/2026 18:41,3004682327,19001,113,100271060,1,1,1,0,S,-
16/04/2026 18:41,3004682327,19001,113,100273364,1,1,1,0,S,-
16/04/2026 18:41,3004682327,19001,113,100274076,1,1,1,0,S,-
16/04/2026 18:41,3004682327,19001,113,100274543,1,1,1,0,S,-
16/04/2026 18:41,3004682327,19001,113,100276750,1,1,1,0,S,-
16/04/2026 18:41,3004682327,19001,113,100282025,1,1,1,0,S,-
16/04/2026 18:41,3004682327,19001,113,100282324,1,1,1,0,S,-
16/04/2026 18:41,3004682327,19001,113,100282551,1,1,1,0,S,-
16/04/2026 18:41,3004682327,19001,113,100282578,1,1,1,0,S,-
16/04/2026 18:41,3004682327,19001,113,100289981,1,1,1,0,S,-
19/04/2026 00:00,3004684289,19001,113,5,9,9,9,0,S,-
19/04/2026 00:00,3004684289,19001,113,62,2,2,2,0,S,-
19/04/2026 00:00,3004684289,19001,113,80,3,3,3,0,S,-
19/04/2026 00:00,3004684289,19001,113,274,3,3,3,0,S,-
19/04/2026 00:00,3004684289,19001,113,382,8,8,8,0,S,-
19/04/2026 00:00,3004684289,19001,113,1849,3,3,3,0,S,-
19/04/2026 00:00,3004684289,19001,113,4387,4,4,4,0,S,-
19/04/2026 00:00,3004684289,19001,113,4388,2,2,2,0,S,-
19/04/2026 00:00,3004684289,19001,113,6369,11,11,11,0,S,-
19/04/2026 00:00,3004684289,19001,113,6890,4,4,4,0,S,-
19/04/2026 00:00,3004684289,19001,113,7754,5,5,5,0,S,-
19/04/2026 00:00,3004684289,19001,113,9287,9,9,9,0,S,-
19/04/2026 00:00,3004684289,19001,113,9418,8,8,8,0,S,-
19/04/2026 00:00,3004684289,19001,113,11050,3,3,3,0,S,-
19/04/2026 00:00,3004684289,19001,113,11228,3,3,3,0,S,-
19/04/2026 00:00,3004684289,19001,113,11648,5,5,5,0,S,-
19/04/2026 00:00,3004684289,19001,113,11668,7,7,7,0,S,-
19/04/2026 00:00,3004684289,19001,113,11698,4,4,4,0,S,-
19/04/2026 00:00,3004684289,19001,113,14004,3,3,3,0,S,-
19/04/2026 00:00,3004684289,19001,113,16567,8,8,8,0,S,-
19/04/2026 00:00,3004684289,19001,113,16584,3,3,3,0,S,-
19/04/2026 00:00,3004684289,19001,113,17277,5,5,5,0,S,-
19/04/2026 00:00,3004684289,19001,113,20951,8,8,8,0,S,-
19/04/2026 00:00,3004684289,19001,113,20956,6,6,6,0,S,-
19/04/2026 00:00,3004684289,19001,113,21768,4,4,4,0,S,-
19/04/2026 00:00,3004684289,19001,113,22359,4,4,4,0,S,-
19/04/2026 00:00,3004684289,19001,113,23041,3,3,3,0,S,-
19/04/2026 00:00,3004684289,19001,113,23042,5,5,5,0,S,-
19/04/2026 00:00,3004684289,19001,113,23044,5,5,5,0,S,-
19/04/2026 00:00,3004684289,19001,113,24889,3,3,3,0,S,-
19/04/2026 00:00,3004684289,19001,113,25122,0,0,0,0,S,-
19/04/2026 00:00,3004684289,19001,113,26252,0,0,0,0,S,-
19/04/2026 00:00,3004684289,19001,113,26944,0,0,0,0,S,-
19/04/2026 00:00,3004684289,19001,113,27337,4,4,4,0,S,-
19/04/2026 00:00,3004684289,19001,113,27412,7,7,7,0,S,-
19/04/2026 00:00,3004684289,19001,113,27620,4,4,4,0,S,-
19/04/2026 00:00,3004684289,19001,113,27628,3,3,3,0,S,-
19/04/2026 00:00,3004684289,19001,113,27824,4,4,4,0,S,-
19/04/2026 00:00,3004684289,19001,113,27859,0,0,0,0,S,-
19/04/2026 00:00,3004684289,19001,113,28067,0,0,0,0,S,-
19/04/2026 00:00,3004684289,19001,113,30053,5,5,5,0,S,-
19/04/2026 00:00,3004684289,19001,113,30058,3,3,3,0,S,-
19/04/2026 00:00,3004684289,19001,113,30060,3,3,3,0,S,-
19/04/2026 00:00,3004684289,19001,113,30096,18,18,18,0,S,-
19/04/2026 00:00,3004684289,19001,113,30412,3,3,3,0,S,-
19/04/2026 00:00,3004684289,19001,113,31670,4,4,4,0,S,-
19/04/2026 00:00,3004684289,19001,113,32601,3,3,3,0,S,-
19/04/2026 00:00,3004684289,19001,113,32788,6,6,6,0,S,-
19/04/2026 00:00,3004684289,19001,113,34485,2,2,2,0,S,-
19/04/2026 00:00,3004684289,19001,113,35782,4,4,4,0,S,-
19/04/2026 00:00,3004684289,19001,113,36149,3,3,3,0,S,-
19/04/2026 00:00,3004684289,19001,113,36237,4,4,4,0,S,-
19/04/2026 00:00,3004684289,19001,113,36363,3,3,3,0,S,-
19/04/2026 00:00,3004684289,19001,113,37274,3,3,3,0,S,-
19/04/2026 00:00,3004684289,19001,113,37542,10,10,10,0,S,-
19/04/2026 00:00,3004684289,19001,113,37547,10,10,10,0,S,-
19/04/2026 00:00,3004684289,19001,113,38253,7,7,7,0,S,-
19/04/2026 00:00,3004684289,19001,113,38418,7,7,7,0,S,-
19/04/2026 00:00,3004684289,19001,113,39446,4,4,4,0,S,-
19/04/2026 00:00,3004684289,19001,113,39628,6,6,6,0,S,-
19/04/2026 00:00,3004684289,19001,113,40022,9,9,9,0,S,-
19/04/2026 00:00,3004684289,19001,113,40291,6,6,6,0,S,-
19/04/2026 00:00,3004684289,19001,113,41362,4,4,4,0,S,-
19/04/2026 00:00,3004684289,19001,113,41378,4,4,4,0,S,-
19/04/2026 00:00,3004684289,19001,113,41732,3,3,3,0,S,-
19/04/2026 00:00,3004684289,19001,113,41735,0,0,0,0,S,-
19/04/2026 00:00,3004684289,19001,113,42098,2,2,2,0,S,-
19/04/2026 00:00,3004684289,19001,113,42487,6,6,6,0,S,-
19/04/2026 00:00,3004684289,19001,113,43810,6,6,6,0,S,-
19/04/2026 00:00,3004684289,19001,113,43908,3,3,3,0,S,-
19/04/2026 00:00,3004684289,19001,113,43926,0,0,0,0,S,-
19/04/2026 00:00,3004684289,19001,113,43937,5,5,5,0,S,-
19/04/2026 00:00,3004684289,19001,113,44342,8,8,8,0,S,-
19/04/2026 00:00,3004684289,19001,113,44930,0,0,0,0,S,-
19/04/2026 00:00,3004684289,19001,113,45661,0,0,0,0,S,-
19/04/2026 00:00,3004684289,19001,113,45828,3,3,3,0,S,-
19/04/2026 00:00,3004684289,19001,113,46016,3,3,3,0,S,-
19/04/2026 00:00,3004684289,19001,113,46086,10,10,10,0,S,-
19/04/2026 00:00,3004684289,19001,113,48284,2,2,2,0,S,-
19/04/2026 00:00,3004684289,19001,113,50648,3,3,3,0,S,-
19/04/2026 00:00,3004684289,19001,113,50649,3,3,3,0,S,-
19/04/2026 00:00,3004684289,19001,113,51442,5,5,5,0,S,-
19/04/2026 00:00,3004684289,19001,113,51614,1,0,0,1,S,-
19/04/2026 00:00,3004684289,19001,113,52119,5,5,5,0,S,-
19/04/2026 00:00,3004684289,19001,113,52306,8,8,8,0,S,-
19/04/2026 00:00,3004684289,19001,113,52698,10,10,10,0,S,-
19/04/2026 00:00,3004684289,19001,113,53075,5,5,5,0,S,-
19/04/2026 00:00,3004684289,19001,113,53130,0,0,0,0,S,-
19/04/2026 00:00,3004684289,19001,113,53136,0,0,0,0,S,-
19/04/2026 00:00,3004684289,19001,113,53462,3,3,3,0,S,-
19/04/2026 00:00,3004684289,19001,113,53902,4,4,4,0,S,-
19/04/2026 00:00,3004684289,19001,113,53906,4,4,4,0,S,-
19/04/2026 00:00,3004684289,19001,113,54424,2,2,2,0,S,-
19/04/2026 00:00,3004684289,19001,113,54433,0,0,0,0,S,-
19/04/2026 00:00,3004684289,19001,113,55178,0,0,0,0,S,-
19/04/2026 00:00,3004684289,19001,113,55191,3,3,3,0,S,-
19/04/2026 00:00,3004684289,19001,113,55321,4,4,4,0,S,-
19/04/2026 00:00,3004684289,19001,113,55483,3,3,3,0,S,-
19/04/2026 00:00,3004684289,19001,113,56397,0,0,0,0,S,-
19/04/2026 00:00,3004684289,19001,113,56553,2,2,2,0,S,-
19/04/2026 00:00,3004684289,19001,113,56571,4,4,4,0,S,-
19/04/2026 00:00,3004684289,19001,113,56618,4,4,4,0,S,-
19/04/2026 00:00,3004684289,19001,113,56681,0,0,0,0,S,-
19/04/2026 00:00,3004684289,19001,113,56833,13,13,13,0,S,-
19/04/2026 00:00,3004684289,19001,113,58245,2,2,2,0,S,-
19/04/2026 00:00,3004684289,19001,113,58774,6,6,6,0,S,-
19/04/2026 00:00,3004684289,19001,113,59492,3,3,3,0,S,-
19/04/2026 00:00,3004684289,19001,113,59989,4,4,4,0,S,-
19/04/2026 00:00,3004684289,19001,113,60718,2,2,2,0,S,-
19/04/2026 00:00,3004684289,19001,113,60825,0,0,0,0,S,-
19/04/2026 00:00,3004684289,19001,113,61220,7,7,7,0,S,-
19/04/2026 00:00,3004684289,19001,113,61231,7,7,7,0,S,-
19/04/2026 00:00,3004684289,19001,113,61813,0,0,0,0,S,-
19/04/2026 00:00,3004684289,19001,113,62605,8,8,8,0,S,-
19/04/2026 00:00,3004684289,19001,113,62819,7,7,7,0,S,-
19/04/2026 00:00,3004684289,19001,113,64149,3,3,3,0,S,-
19/04/2026 00:00,3004684289,19001,113,64782,10,10,10,0,S,-
19/04/2026 00:00,3004684289,19001,113,64893,4,4,4,0,S,-
19/04/2026 00:00,3004684289,19001,113,65178,3,3,3,0,S,-
19/04/2026 00:00,3004684289,19001,113,65179,3,3,3,0,S,-
19/04/2026 00:00,3004684289,19001,113,65269,5,5,5,0,S,-
19/04/2026 00:00,3004684289,19001,113,65528,4,4,4,0,S,-
19/04/2026 00:00,3004684289,19001,113,65961,12,12,12,0,S,-
19/04/2026 00:00,3004684289,19001,113,65962,0,0,0,0,S,-
19/04/2026 00:00,3004684289,19001,113,65992,3,3,3,0,S,-
19/04/2026 00:00,3004684289,19001,113,66246,6,6,6,0,S,-
19/04/2026 00:00,3004684289,19001,113,66858,0,0,0,0,S,-
19/04/2026 00:00,3004684289,19001,113,69682,0,0,0,0,S,-
19/04/2026 00:00,3004684289,19001,113,70114,4,4,4,0,S,-
19/04/2026 00:00,3004684289,19001,113,72299,8,8,8,0,S,-
19/04/2026 00:00,3004684289,19001,113,73074,7,7,7,0,S,-
19/04/2026 00:00,3004684289,19001,113,73075,4,4,4,0,S,-
19/04/2026 00:00,3004684289,19001,113,73077,3,3,3,0,S,-
19/04/2026 00:00,3004684289,19001,113,73102,2,2,2,0,S,-
19/04/2026 00:00,3004684289,19001,113,73107,2,2,2,0,S,-
19/04/2026 00:00,3004684289,19001,113,73111,0,0,0,0,S,-
19/04/2026 00:00,3004684289,19001,113,73120,4,4,4,0,S,-
19/04/2026 00:00,3004684289,19001,113,73124,3,3,3,0,S,-
19/04/2026 00:00,3004684289,19001,113,73192,0,0,0,0,S,-
19/04/2026 00:00,3004684289,19001,113,73194,7,7,7,0,S,-
19/04/2026 00:00,3004684289,19001,113,73560,2,2,2,0,S,-
19/04/2026 00:00,3004684289,19001,113,73862,3,3,3,0,S,-
19/04/2026 00:00,3004684289,19001,113,73893,7,7,7,0,S,-
19/04/2026 00:00,3004684289,19001,113,73902,5,5,5,0,S,-
19/04/2026 00:00,3004684289,19001,113,73969,0,0,0,0,S,-
19/04/2026 00:00,3004684289,19001,113,73974,4,4,4,0,S,-
19/04/2026 00:00,3004684289,19001,113,73982,0,0,0,0,S,-
19/04/2026 00:00,3004684289,19001,113,73987,0,0,0,0,S,-
19/04/2026 00:00,3004684289,19001,113,73988,4,4,4,0,S,-
19/04/2026 00:00,3004684289,19001,113,73989,0,0,0,0,S,-
19/04/2026 00:00,3004684289,19001,113,74026,2,2,2,0,S,-
19/04/2026 00:00,3004684289,19001,113,74106,11,11,11,0,S,-
19/04/2026 00:00,3004684289,19001,113,74251,5,5,5,0,S,-
19/04/2026 00:00,3004684289,19001,113,74296,17,17,17,0,S,-
19/04/2026 00:00,3004684289,19001,113,74705,0,0,0,0,S,-
19/04/2026 00:00,3004684289,19001,113,74863,3,3,3,0,S,-
19/04/2026 00:00,3004684289,19001,113,75194,4,4,4,0,S,-
19/04/2026 00:00,3004684289,19001,113,76078,6,6,6,0,S,-
19/04/2026 00:00,3004684289,19001,113,76089,2,2,2,0,S,-
19/04/2026 00:00,3004684289,19001,113,77553,1,1,1,0,S,-
19/04/2026 00:00,3004684289,19001,113,78254,5,5,5,0,S,-
19/04/2026 00:00,3004684289,19001,113,78729,10,10,10,0,S,-
19/04/2026 00:00,3004684289,19001,113,79201,4,4,4,0,S,-
19/04/2026 00:00,3004684289,19001,113,79340,4,4,4,0,S,-
19/04/2026 00:00,3004684289,19001,113,79408,1,1,1,0,S,-
19/04/2026 00:00,3004684289,19001,113,80047,0,0,0,0,S,-
19/04/2026 00:00,3004684289,19001,113,83142,6,6,6,0,S,-
19/04/2026 00:00,3004684289,19001,113,83143,0,0,0,0,S,-
19/04/2026 00:00,3004684289,19001,113,86701,3,3,3,0,S,-
19/04/2026 00:00,3004684289,19001,113,86759,0,0,0,0,S,-
19/04/2026 00:00,3004684289,19001,113,86780,5,5,5,0,S,-
19/04/2026 00:00,3004684289,19001,113,86785,3,3,3,0,S,-
19/04/2026 00:00,3004684289,19001,113,86859,5,5,5,0,S,-
19/04/2026 00:00,3004684289,19001,113,87082,4,4,4,0,S,-
19/04/2026 00:00,3004684289,19001,113,88376,7,7,7,0,S,-
19/04/2026 00:00,3004684289,19001,113,88390,13,13,13,0,S,-
19/04/2026 00:00,3004684289,19001,113,88518,2,2,2,0,S,-
19/04/2026 00:00,3004684289,19001,113,88934,3,3,3,0,S,-
19/04/2026 00:00,3004684289,19001,113,89605,3,3,3,0,S,-
19/04/2026 00:00,3004684289,19001,113,89668,0,0,0,0,S,-
19/04/2026 00:00,3004684289,19001,113,89707,4,4,4,0,S,-
19/04/2026 00:00,3004684289,19001,113,89758,4,4,4,0,S,-
19/04/2026 00:00,3004684289,19001,113,92332,4,4,4,0,S,-
19/04/2026 00:00,3004684289,19001,113,92337,3,3,3,0,S,-
19/04/2026 00:00,3004684289,19001,113,93449,0,0,0,0,S,-
19/04/2026 00:00,3004684289,19001,113,100000029,6,6,6,0,S,-
19/04/2026 00:00,3004684289,19001,113,100007074,2,2,2,0,S,-
19/04/2026 00:00,3004684289,19001,113,100007103,2,2,2,0,S,-
19/04/2026 00:00,3004684289,19001,113,100007171,3,3,3,0,S,-
19/04/2026 00:00,3004684289,19001,113,100007306,2,2,2,0,S,-
19/04/2026 00:00,3004684289,19001,113,100014160,6,6,6,0,S,-
19/04/2026 00:00,3004684289,19001,113,100017651,5,5,5,0,S,-
19/04/2026 00:00,3004684289,19001,113,100021407,0,0,0,0,S,-
19/04/2026 00:00,3004684289,19001,113,100025601,5,5,5,0,S,-
19/04/2026 00:00,3004684289,19001,113,100026611,3,3,3,0,S,-
19/04/2026 00:00,3004684289,19001,113,100027577,6,6,6,0,S,-
19/04/2026 00:00,3004684289,19001,113,100033731,0,0,0,0,S,-
19/04/2026 00:00,3004684289,19001,113,100036203,3,3,3,0,S,-
19/04/2026 00:00,3004684289,19001,113,100036271,2,2,2,0,S,-
19/04/2026 00:00,3004684289,19001,113,100036289,6,6,6,0,S,-
19/04/2026 00:00,3004684289,19001,113,100037548,8,8,8,0,S,-
19/04/2026 00:00,3004684289,19001,113,100045636,2,2,2,0,S,-
19/04/2026 00:00,3004684289,19001,113,100047818,3,3,3,0,S,-
19/04/2026 00:00,3004684289,19001,113,100047922,4,4,4,0,S,-
19/04/2026 00:00,3004684289,19001,113,100048327,2,2,2,0,S,-
19/04/2026 00:00,3004684289,19001,113,100053521,5,5,5,0,S,-
19/04/2026 00:00,3004684289,19001,113,100062655,0,0,0,0,S,-
19/04/2026 00:00,3004684289,19001,113,100066306,3,3,3,0,S,-
19/04/2026 00:00,3004684289,19001,113,100067114,3,3,3,0,S,-
19/04/2026 00:00,3004684289,19001,113,100072378,0,0,0,0,S,-
19/04/2026 00:00,3004684289,19001,113,100072394,0,0,0,0,S,-
19/04/2026 00:00,3004684289,19001,113,100077435,0,0,0,0,S,-
19/04/2026 00:00,3004684289,19001,113,100078112,0,0,0,0,S,-
19/04/2026 00:00,3004684289,19001,113,100078139,5,5,5,0,S,-
19/04/2026 00:00,3004684289,19001,113,100083368,4,4,4,0,S,-
19/04/2026 00:00,3004684289,19001,113,100085072,2,2,2,0,S,-
19/04/2026 00:00,3004684289,19001,113,100085435,2,2,2,0,S,-
19/04/2026 00:00,3004684289,19001,113,100089188,3,3,3,0,S,-
19/04/2026 00:00,3004684289,19001,113,100094850,0,0,0,0,S,-
19/04/2026 00:00,3004684289,19001,113,100105838,0,0,0,0,S,-
19/04/2026 00:00,3004684289,19001,113,100124828,0,0,0,0,S,-
19/04/2026 00:00,3004684289,19001,113,100124861,2,2,2,0,S,-
19/04/2026 00:00,3004684289,19001,113,100126815,0,0,0,0,S,-
19/04/2026 00:00,3004684289,19001,113,100127287,2,2,2,0,S,-
19/04/2026 00:00,3004684289,19001,113,100131155,0,0,0,0,S,-
19/04/2026 00:00,3004684289,19001,113,100137389,8,8,9,0,S,-
19/04/2026 00:00,3004684289,19001,113,100139333,7,7,7,0,S,-
19/04/2026 00:00,3004684289,19001,113,100142292,5,5,5,0,S,-
19/04/2026 00:00,3004684289,19001,113,100144706,0,0,0,0,S,-
19/04/2026 00:00,3004684289,19001,113,100152685,0,0,0,0,S,-
19/04/2026 00:00,3004684289,19001,113,100152706,0,0,0,0,S,-
19/04/2026 00:00,3004684289,19001,113,100152757,0,0,0,0,S,-
19/04/2026 00:00,3004684289,19001,113,100155149,3,3,3,0,S,-
19/04/2026 00:00,3004684289,19001,113,100155309,0,0,0,0,S,-
19/04/2026 00:00,3004684289,19001,113,100161493,2,2,2,0,S,-
19/04/2026 00:00,3004684289,19001,113,100161549,0,0,0,0,S,-
19/04/2026 00:00,3004684289,19001,113,100162171,1,1,1,0,S,-
19/04/2026 00:00,3004684289,19001,113,100169743,2,2,2,0,S,-
19/04/2026 00:00,3004684289,19001,113,100173267,0,0,0,0,S,-
19/04/2026 00:00,3004684289,19001,113,100174059,4,4,4,0,S,-
19/04/2026 00:00,3004684289,19001,113,100179087,0,0,0,0,S,-
19/04/2026 00:00,3004684289,19001,113,100190665,3,3,3,0,S,-
19/04/2026 00:00,3004684289,19001,113,100190930,4,4,4,0,S,-
19/04/2026 00:00,3004684289,19001,113,100194359,0,0,0,0,S,-
19/04/2026 00:00,3004684289,19001,113,100196012,0,0,0,0,S,-
19/04/2026 00:00,3004684289,19001,113,100217119,6,6,6,0,S,-
19/04/2026 00:00,3004684289,19001,113,100233637,0,0,0,0,S,-
19/04/2026 00:00,3004684289,19001,113,100239035,0,0,0,0,S,-
19/04/2026 00:00,3004684289,19001,113,100263158,3,3,3,0,S,-
19/04/2026 00:00,3004684289,19001,113,100264337,4,4,4,0,S,-
22/04/2026 00:00,3004688609,19001,113,1,12,12,0,12,S,-
22/04/2026 00:00,3004688609,19001,113,13,6,6,6,0,S,-
22/04/2026 00:00,3004688609,19001,113,72,0,0,0,0,S,-
22/04/2026 00:00,3004688609,19001,113,150,2,2,2,0,S,-
22/04/2026 00:00,3004688609,19001,113,173,8,8,8,0,S,-
22/04/2026 00:00,3004688609,19001,113,375,2,2,2,0,S,-
22/04/2026 00:00,3004688609,19001,113,390,2,2,2,0,S,-
22/04/2026 00:00,3004688609,19001,113,1732,13,13,13,0,S,-
22/04/2026 00:00,3004688609,19001,113,3961,4,4,4,0,S,-
22/04/2026 00:00,3004688609,19001,113,3972,6,6,6,0,S,-
22/04/2026 00:00,3004688609,19001,113,3981,4,4,4,0,S,-
22/04/2026 00:00,3004688609,19001,113,4321,8,8,0,8,S,-
22/04/2026 00:00,3004688609,19001,113,4322,21,21,20,1,S,-
22/04/2026 00:00,3004688609,19001,113,6470,20,20,0,20,S,-
22/04/2026 00:00,3004688609,19001,113,6811,1,1,1,0,S,-
22/04/2026 00:00,3004688609,19001,113,6891,88,88,88,0,S,-
22/04/2026 00:00,3004688609,19001,113,10735,8,8,8,0,S,-
22/04/2026 00:00,3004688609,19001,113,10852,3,3,3,0,S,-
22/04/2026 00:00,3004688609,19001,113,10894,5,5,5,0,S,-
22/04/2026 00:00,3004688609,19001,113,11050,5,5,5,0,S,-
22/04/2026 00:00,3004688609,19001,113,11052,3,3,3,0,S,-
22/04/2026 00:00,3004688609,19001,113,11114,3,3,0,3,S,-
22/04/2026 00:00,3004688609,19001,113,13960,3,3,3,0,S,-
22/04/2026 00:00,3004688609,19001,113,16047,3,3,3,0,S,-
22/04/2026 00:00,3004688609,19001,113,16580,4,4,4,0,S,-
22/04/2026 00:00,3004688609,19001,113,16647,4,4,4,0,S,-
22/04/2026 00:00,3004688609,19001,113,17278,3,3,3,0,S,-
22/04/2026 00:00,3004688609,19001,113,17841,13,13,13,0,S,-
22/04/2026 00:00,3004688609,19001,113,22017,3,3,3,0,S,-
22/04/2026 00:00,3004688609,19001,113,25122,0,0,0,0,S,-
22/04/2026 00:00,3004688609,19001,113,25709,4,4,4,0,S,-
22/04/2026 00:00,3004688609,19001,113,25942,3,3,3,0,S,-
22/04/2026 00:00,3004688609,19001,113,26252,0,0,0,0,S,-
22/04/2026 00:00,3004688609,19001,113,26636,3,3,3,0,S,-
22/04/2026 00:00,3004688609,19001,113,26690,8,8,8,0,S,-
22/04/2026 00:00,3004688609,19001,113,26942,3,3,0,3,S,-
22/04/2026 00:00,3004688609,19001,113,26944,0,0,0,0,S,-
22/04/2026 00:00,3004688609,19001,113,27412,10,10,0,10,S,-
22/04/2026 00:00,3004688609,19001,113,27859,0,0,0,0,S,-
22/04/2026 00:00,3004688609,19001,113,28067,0,0,0,0,S,-
22/04/2026 00:00,3004688609,19001,113,28697,4,4,4,0,S,-
22/04/2026 00:00,3004688609,19001,113,30049,5,5,5,0,S,-
22/04/2026 00:00,3004688609,19001,113,30772,18,18,18,0,S,-
22/04/2026 00:00,3004688609,19001,113,35452,0,0,0,0,S,-
22/04/2026 00:00,3004688609,19001,113,35733,2,2,2,0,S,-
22/04/2026 00:00,3004688609,19001,113,36080,2,2,2,0,S,-
22/04/2026 00:00,3004688609,19001,113,36095,0,0,0,0,S,-
22/04/2026 00:00,3004688609,19001,113,36151,4,4,4,0,S,-
22/04/2026 00:00,3004688609,19001,113,36283,4,4,4,0,S,-
22/04/2026 00:00,3004688609,19001,113,36285,3,3,1,2,S,-
22/04/2026 00:00,3004688609,19001,113,36363,3,3,0,3,S,-
22/04/2026 00:00,3004688609,19001,113,36381,4,4,0,4,S,-
22/04/2026 00:00,3004688609,19001,113,36656,5,5,0,5,S,-
22/04/2026 00:00,3004688609,19001,113,36657,7,7,0,7,S,-
22/04/2026 00:00,3004688609,19001,113,37552,6,6,6,0,S,-
22/04/2026 00:00,3004688609,19001,113,37870,8,8,0,8,S,-
22/04/2026 00:00,3004688609,19001,113,38287,4,4,4,0,S,-
22/04/2026 00:00,3004688609,19001,113,38333,0,0,0,0,S,-
22/04/2026 00:00,3004688609,19001,113,38337,1,1,1,0,S,-
22/04/2026 00:00,3004688609,19001,113,38428,3,3,3,0,S,-
22/04/2026 00:00,3004688609,19001,113,39240,8,8,8,0,S,-
22/04/2026 00:00,3004688609,19001,113,39245,4,4,4,0,S,-
22/04/2026 00:00,3004688609,19001,113,39349,6,6,5,1,S,-
22/04/2026 00:00,3004688609,19001,113,39445,8,8,8,0,S,-
22/04/2026 00:00,3004688609,19001,113,39448,7,7,7,0,S,-
22/04/2026 00:00,3004688609,19001,113,40142,4,4,4,0,S,-
22/04/2026 00:00,3004688609,19001,113,41218,10,10,0,10,S,-
22/04/2026 00:00,3004688609,19001,113,41460,5,5,0,5,S,-
22/04/2026 00:00,3004688609,19001,113,41461,4,4,0,4,S,-
22/04/2026 00:00,3004688609,19001,113,41732,4,4,4,0,S,-
22/04/2026 00:00,3004688609,19001,113,41936,3,3,3,0,S,-
22/04/2026 00:00,3004688609,19001,113,42692,4,4,4,0,S,-
22/04/2026 00:00,3004688609,19001,113,43121,3,3,3,0,S,-
22/04/2026 00:00,3004688609,19001,113,43773,12,12,12,0,S,-
22/04/2026 00:00,3004688609,19001,113,43796,3,3,0,3,S,-
22/04/2026 00:00,3004688609,19001,113,43877,10,10,10,0,S,-
22/04/2026 00:00,3004688609,19001,113,43907,10,10,10,0,S,-
22/04/2026 00:00,3004688609,19001,113,43926,0,0,0,0,S,-
22/04/2026 00:00,3004688609,19001,113,43936,7,7,7,0,S,-
22/04/2026 00:00,3004688609,19001,113,44342,6,6,0,6,S,-
22/04/2026 00:00,3004688609,19001,113,44343,7,7,0,7,S,-
22/04/2026 00:00,3004688609,19001,113,44344,3,3,3,0,S,-
22/04/2026 00:00,3004688609,19001,113,44702,2,2,2,0,S,-
22/04/2026 00:00,3004688609,19001,113,44930,0,0,0,0,S,-
22/04/2026 00:00,3004688609,19001,113,45393,0,0,0,0,S,-
22/04/2026 00:00,3004688609,19001,113,45661,0,0,0,0,S,-
22/04/2026 00:00,3004688609,19001,113,45865,3,3,3,0,S,-
22/04/2026 00:00,3004688609,19001,113,47261,3,3,3,0,S,-
22/04/2026 00:00,3004688609,19001,113,48103,3,3,3,0,S,-
22/04/2026 00:00,3004688609,19001,113,48249,3,3,3,0,S,-
22/04/2026 00:00,3004688609,19001,113,48845,0,0,0,0,S,-
22/04/2026 00:00,3004688609,19001,113,50078,5,5,0,5,S,-
22/04/2026 00:00,3004688609,19001,113,51433,3,3,3,0,S,-
22/04/2026 00:00,3004688609,19001,113,51614,0,0,0,0,S,-
22/04/2026 00:00,3004688609,19001,113,52116,9,9,9,0,S,-
22/04/2026 00:00,3004688609,19001,113,52181,5,5,0,5,S,-
22/04/2026 00:00,3004688609,19001,113,52414,1,1,1,0,S,-
22/04/2026 00:00,3004688609,19001,113,52622,7,7,7,0,S,-
22/04/2026 00:00,3004688609,19001,113,52698,7,7,0,7,S,-
22/04/2026 00:00,3004688609,19001,113,53130,0,0,0,0,S,-
22/04/2026 00:00,3004688609,19001,113,53136,0,0,0,0,S,-
22/04/2026 00:00,3004688609,19001,113,53461,3,3,3,0,S,-
22/04/2026 00:00,3004688609,19001,113,54424,6,6,6,0,S,-
22/04/2026 00:00,3004688609,19001,113,54433,0,0,0,0,S,-
22/04/2026 00:00,3004688609,19001,113,55178,0,0,0,0,S,-
22/04/2026 00:00,3004688609,19001,113,55196,5,5,5,0,S,-
22/04/2026 00:00,3004688609,19001,113,55299,0,0,0,0,S,-
22/04/2026 00:00,3004688609,19001,113,56397,0,0,0,0,S,-
22/04/2026 00:00,3004688609,19001,113,56570,5,5,5,0,S,-
22/04/2026 00:00,3004688609,19001,113,56572,4,4,4,0,S,-
22/04/2026 00:00,3004688609,19001,113,56681,0,0,0,0,S,-
22/04/2026 00:00,3004688609,19001,113,56832,32,32,32,0,S,-
22/04/2026 00:00,3004688609,19001,113,56941,0,0,0,0,S,-
22/04/2026 00:00,3004688609,19001,113,56942,0,0,0,0,S,-
22/04/2026 00:00,3004688609,19001,113,56943,0,0,0,0,S,-
22/04/2026 00:00,3004688609,19001,113,56945,0,0,0,0,S,-
22/04/2026 00:00,3004688609,19001,113,59989,3,3,3,0,S,-
22/04/2026 00:00,3004688609,19001,113,60813,3,3,0,3,S,-
22/04/2026 00:00,3004688609,19001,113,60825,0,0,0,0,S,-
22/04/2026 00:00,3004688609,19001,113,60956,3,3,3,0,S,-
22/04/2026 00:00,3004688609,19001,113,61230,4,4,4,0,S,-
22/04/2026 00:00,3004688609,19001,113,61813,0,0,0,0,S,-
22/04/2026 00:00,3004688609,19001,113,62207,4,4,4,0,S,-
22/04/2026 00:00,3004688609,19001,113,62905,7,7,7,0,S,-
22/04/2026 00:00,3004688609,19001,113,63573,3,3,3,0,S,-
22/04/2026 00:00,3004688609,19001,113,64275,8,8,8,0,S,-
22/04/2026 00:00,3004688609,19001,113,64342,2,2,2,0,S,-
22/04/2026 00:00,3004688609,19001,113,64405,0,0,0,0,S,-
22/04/2026 00:00,3004688609,19001,113,64415,7,7,7,0,S,-
22/04/2026 00:00,3004688609,19001,113,64417,6,6,0,6,S,-
22/04/2026 00:00,3004688609,19001,113,64455,4,4,4,0,S,-
22/04/2026 00:00,3004688609,19001,113,64894,4,4,4,0,S,-
22/04/2026 00:00,3004688609,19001,113,64896,5,5,5,0,S,-
22/04/2026 00:00,3004688609,19001,113,65018,0,0,0,0,S,-
22/04/2026 00:00,3004688609,19001,113,65189,5,5,5,0,S,-
22/04/2026 00:00,3004688609,19001,113,65268,8,8,8,0,S,-
22/04/2026 00:00,3004688609,19001,113,66009,5,5,5,0,S,-
22/04/2026 00:00,3004688609,19001,113,66858,0,0,0,0,S,-
22/04/2026 00:00,3004688609,19001,113,67364,3,3,3,0,S,-
22/04/2026 00:00,3004688609,19001,113,67904,4,4,4,0,S,-
22/04/2026 00:00,3004688609,19001,113,67930,4,4,4,0,S,-
22/04/2026 00:00,3004688609,19001,113,68309,2,2,2,0,S,-
22/04/2026 00:00,3004688609,19001,113,69108,5,5,5,0,S,-
22/04/2026 00:00,3004688609,19001,113,69111,4,4,4,0,S,-
22/04/2026 00:00,3004688609,19001,113,69682,0,0,0,0,S,-
22/04/2026 00:00,3004688609,19001,113,69801,3,3,0,3,S,-
22/04/2026 00:00,3004688609,19001,113,71381,6,6,6,0,S,-
22/04/2026 00:00,3004688609,19001,113,71749,5,5,5,0,S,-
22/04/2026 00:00,3004688609,19001,113,72173,6,6,6,0,S,-
22/04/2026 00:00,3004688609,19001,113,73085,0,0,0,0,S,-
22/04/2026 00:00,3004688609,19001,113,73102,2,2,2,0,S,-
22/04/2026 00:00,3004688609,19001,113,73111,0,0,0,0,S,-
22/04/2026 00:00,3004688609,19001,113,73113,2,2,2,0,S,-
22/04/2026 00:00,3004688609,19001,113,73118,3,3,3,0,S,-
22/04/2026 00:00,3004688609,19001,113,73123,3,3,3,0,S,-
22/04/2026 00:00,3004688609,19001,113,73192,0,0,0,0,S,-
22/04/2026 00:00,3004688609,19001,113,73193,6,6,6,0,S,-
22/04/2026 00:00,3004688609,19001,113,73870,2,2,2,0,S,-
22/04/2026 00:00,3004688609,19001,113,73906,5,5,5,0,S,-
22/04/2026 00:00,3004688609,19001,113,73969,0,0,0,0,S,-
22/04/2026 00:00,3004688609,19001,113,73987,1,1,1,0,S,-
22/04/2026 00:00,3004688609,19001,113,73989,0,0,0,0,S,-
22/04/2026 00:00,3004688609,19001,113,73990,2,2,2,0,S,-
22/04/2026 00:00,3004688609,19001,113,74106,8,8,8,0,S,-
22/04/2026 00:00,3004688609,19001,113,74282,4,4,4,0,S,-
22/04/2026 00:00,3004688609,19001,113,74705,0,0,0,0,S,-
22/04/2026 00:00,3004688609,19001,113,77553,1,1,1,0,S,-
22/04/2026 00:00,3004688609,19001,113,77555,5,5,4,1,S,-
22/04/2026 00:00,3004688609,19001,113,78256,7,7,7,0,S,-
22/04/2026 00:00,3004688609,19001,113,78728,4,4,4,0,S,-
22/04/2026 00:00,3004688609,19001,113,79408,2,2,2,0,S,-
22/04/2026 00:00,3004688609,19001,113,79474,4,4,4,0,S,-
22/04/2026 00:00,3004688609,19001,113,80047,0,0,0,0,S,-
22/04/2026 00:00,3004688609,19001,113,82281,3,3,3,0,S,-
22/04/2026 00:00,3004688609,19001,113,83143,0,0,0,0,S,-
22/04/2026 00:00,3004688609,19001,113,83441,2,2,2,0,S,-
22/04/2026 00:00,3004688609,19001,113,85716,3,3,3,0,S,-
22/04/2026 00:00,3004688609,19001,113,86630,5,5,5,0,S,-
22/04/2026 00:00,3004688609,19001,113,86759,0,0,0,0,S,-
22/04/2026 00:00,3004688609,19001,113,87390,2,2,1,1,S,-
22/04/2026 00:00,3004688609,19001,113,87808,2,2,2,0,S,-
22/04/2026 00:00,3004688609,19001,113,88000,1,1,1,0,S,-
22/04/2026 00:00,3004688609,19001,113,88390,19,19,19,0,S,-
22/04/2026 00:00,3004688609,19001,113,89639,8,8,8,0,S,-
22/04/2026 00:00,3004688609,19001,113,89668,0,0,0,0,S,-
22/04/2026 00:00,3004688609,19001,113,89714,8,8,8,0,S,-
22/04/2026 00:00,3004688609,19001,113,92329,3,3,3,0,S,-
22/04/2026 00:00,3004688609,19001,113,92330,5,5,5,0,S,-
22/04/2026 00:00,3004688609,19001,113,93449,0,0,0,0,S,-
22/04/2026 00:00,3004688609,19001,113,100005239,5,5,5,0,S,-
22/04/2026 00:00,3004688609,19001,113,100007074,5,5,0,5,S,-
22/04/2026 00:00,3004688609,19001,113,100007162,5,5,0,5,S,-
22/04/2026 00:00,3004688609,19001,113,100007218,4,4,0,4,S,-
22/04/2026 00:00,3004688609,19001,113,100007226,2,2,0,2,S,-
22/04/2026 00:00,3004688609,19001,113,100007357,3,3,0,3,S,-
22/04/2026 00:00,3004688609,19001,113,100011680,3,3,0,3,S,-
22/04/2026 00:00,3004688609,19001,113,100014194,21,21,0,21,S,-
22/04/2026 00:00,3004688609,19001,113,100018283,4,4,4,0,S,-
22/04/2026 00:00,3004688609,19001,113,100021407,0,0,0,0,S,-
22/04/2026 00:00,3004688609,19001,113,100022400,4,4,4,0,S,-
22/04/2026 00:00,3004688609,19001,113,100029767,5,5,5,0,S,-
22/04/2026 00:00,3004688609,19001,113,100031761,0,0,0,0,S,-
22/04/2026 00:00,3004688609,19001,113,100033731,0,0,0,0,S,-
22/04/2026 00:00,3004688609,19001,113,100034401,4,4,4,0,S,-
22/04/2026 00:00,3004688609,19001,113,100036246,3,3,3,0,S,-
22/04/2026 00:00,3004688609,19001,113,100036300,2,2,1,1,S,-
22/04/2026 00:00,3004688609,19001,113,100038911,3,3,3,0,S,-
22/04/2026 00:00,3004688609,19001,113,100039279,0,0,0,0,S,-
22/04/2026 00:00,3004688609,19001,113,100046882,3,3,3,0,S,-
22/04/2026 00:00,3004688609,19001,113,100047818,5,5,5,0,S,-
22/04/2026 00:00,3004688609,19001,113,100053599,3,3,3,0,S,-
22/04/2026 00:00,3004688609,19001,113,100057426,3,3,3,0,S,-
22/04/2026 00:00,3004688609,19001,113,100061450,4,4,3,1,S,-
22/04/2026 00:00,3004688609,19001,113,100062655,0,0,0,0,S,-
22/04/2026 00:00,3004688609,19001,113,100064845,0,0,0,0,S,-
22/04/2026 00:00,3004688609,19001,113,100068715,2,2,2,0,S,-
22/04/2026 00:00,3004688609,19001,113,100068723,4,4,0,4,S,-
22/04/2026 00:00,3004688609,19001,113,100068731,4,4,4,0,S,-
22/04/2026 00:00,3004688609,19001,113,100068918,11,11,11,0,S,-
22/04/2026 00:00,3004688609,19001,113,100072378,0,0,0,0,S,-
22/04/2026 00:00,3004688609,19001,113,100072394,0,0,0,0,S,-
22/04/2026 00:00,3004688609,19001,113,100074867,3,3,3,0,S,-
22/04/2026 00:00,3004688609,19001,113,100077435,0,0,0,0,S,-
22/04/2026 00:00,3004688609,19001,113,100078112,0,0,0,0,S,-
22/04/2026 00:00,3004688609,19001,113,100084117,3,3,3,0,S,-
22/04/2026 00:00,3004688609,19001,113,100084176,7,7,0,7,S,-
22/04/2026 00:00,3004688609,19001,113,100105811,0,0,0,0,S,-
22/04/2026 00:00,3004688609,19001,113,100105838,0,0,0,0,S,-
22/04/2026 00:00,3004688609,19001,113,100124836,0,0,0,0,S,-
22/04/2026 00:00,3004688609,19001,113,100126815,0,0,0,0,S,-
22/04/2026 00:00,3004688609,19001,113,100127210,3,3,3,0,S,-
22/04/2026 00:00,3004688609,19001,113,100131155,0,0,0,0,S,-
22/04/2026 00:00,3004688609,19001,113,100135691,0,0,0,0,S,-
22/04/2026 00:00,3004688609,19001,113,100135703,6,6,6,0,S,-
22/04/2026 00:00,3004688609,19001,113,100137389,4,4,0,4,S,-
22/04/2026 00:00,3004688609,19001,113,100143076,3,3,2,1,S,-
22/04/2026 00:00,3004688609,19001,113,100144706,0,0,0,0,S,-
22/04/2026 00:00,3004688609,19001,113,100146218,52,52,52,0,S,-
22/04/2026 00:00,3004688609,19001,113,100148230,0,0,0,0,S,-
22/04/2026 00:00,3004688609,19001,113,100152669,1,1,1,0,S,-
22/04/2026 00:00,3004688609,19001,113,100152685,0,0,0,0,S,-
22/04/2026 00:00,3004688609,19001,113,100152706,0,0,0,0,S,-
22/04/2026 00:00,3004688609,19001,113,100152749,0,0,0,0,S,-
22/04/2026 00:00,3004688609,19001,113,100152757,0,0,0,0,S,-
22/04/2026 00:00,3004688609,19001,113,100155026,0,0,0,0,S,-
22/04/2026 00:00,3004688609,19001,113,100155165,0,0,0,0,S,-
22/04/2026 00:00,3004688609,19001,113,100155173,0,0,0,0,S,-
22/04/2026 00:00,3004688609,19001,113,100155296,0,0,0,0,S,-
22/04/2026 00:00,3004688609,19001,113,100155309,0,0,0,0,S,-
22/04/2026 00:00,3004688609,19001,113,100161549,0,0,0,0,S,-
22/04/2026 00:00,3004688609,19001,113,100162171,0,0,0,0,S,-
22/04/2026 00:00,3004688609,19001,113,100173267,0,0,0,0,S,-
22/04/2026 00:00,3004688609,19001,113,100174315,7,7,7,0,S,-
22/04/2026 00:00,3004688609,19001,113,100174825,17,17,5,12,S,-
22/04/2026 00:00,3004688609,19001,113,100187394,6,6,6,0,S,-
22/04/2026 00:00,3004688609,19001,113,100190948,4,4,4,0,S,-
22/04/2026 00:00,3004688609,19001,113,100194359,0,0,0,0,S,-
22/04/2026 00:00,3004688609,19001,113,100196012,0,0,0,0,S,-
22/04/2026 00:00,3004688609,19001,113,100217063,0,0,0,0,S,-
22/04/2026 00:00,3004688609,19001,113,100230743,0,0,0,0,S,-
22/04/2026 00:00,3004688609,19001,113,100233637,0,0,0,0,S,-
22/04/2026 00:00,3004688609,19001,113,100239035,0,0,0,0,S,-
22/04/2026 00:00,3004688609,19001,113,100243157,0,0,0,0,S,-
22/04/2026 00:00,3004688609,19001,113,100246981,2,2,2,0,S,-
23/04/2026 18:35,3004689544,19001,113,349,3,3,0,3,S,-
23/04/2026 18:35,3004689544,19001,113,11228,3,3,0,3,S,-
23/04/2026 18:35,3004689544,19001,113,11684,21,21,0,21,S,-
23/04/2026 18:35,3004689544,19001,113,16567,10,10,0,10,S,-
23/04/2026 18:35,3004689544,19001,113,20955,5,5,0,5,S,-
23/04/2026 18:35,3004689544,19001,113,21768,1,1,0,1,S,-
23/04/2026 18:35,3004689544,19001,113,23041,3,3,0,3,S,-
23/04/2026 18:35,3004689544,19001,113,26252,0,0,0,0,S,-
23/04/2026 18:35,3004689544,19001,113,30095,27,27,0,27,S,-
23/04/2026 18:35,3004689544,19001,113,32606,8,8,0,8,S,-
23/04/2026 18:35,3004689544,19001,113,36363,17,17,0,17,S,-
23/04/2026 18:35,3004689544,19001,113,37542,6,6,0,6,S,-
23/04/2026 18:35,3004689544,19001,113,37559,8,8,0,8,S,-
23/04/2026 18:35,3004689544,19001,113,38337,4,4,0,4,S,-
23/04/2026 18:35,3004689544,19001,113,39445,6,6,0,6,S,-
23/04/2026 18:35,3004689544,19001,113,39446,1,1,0,1,S,-
23/04/2026 18:35,3004689544,19001,113,41732,0,0,0,0,S,-
23/04/2026 18:35,3004689544,19001,113,43877,10,10,0,10,S,-
23/04/2026 18:35,3004689544,19001,113,43907,16,16,0,16,S,-
23/04/2026 18:35,3004689544,19001,113,44342,20,20,0,20,S,-
23/04/2026 18:35,3004689544,19001,113,51442,1,1,0,1,S,-
23/04/2026 18:35,3004689544,19001,113,54424,23,23,0,23,S,-
23/04/2026 18:35,3004689544,19001,113,56571,1,1,0,1,S,-
23/04/2026 18:35,3004689544,19001,113,59492,8,8,0,8,S,-
23/04/2026 18:35,3004689544,19001,113,60861,1,1,0,1,S,-
23/04/2026 18:35,3004689544,19001,113,62819,0,0,0,0,S,-
23/04/2026 18:35,3004689544,19001,113,66860,16,16,0,16,S,-
23/04/2026 18:35,3004689544,19001,113,70114,3,3,0,3,S,-
23/04/2026 18:35,3004689544,19001,113,73074,0,0,0,0,S,-
23/04/2026 18:35,3004689544,19001,113,73829,12,12,0,12,S,-
23/04/2026 18:35,3004689544,19001,113,73902,1,1,0,1,S,-
23/04/2026 18:35,3004689544,19001,113,73906,6,6,0,6,S,-
23/04/2026 18:35,3004689544,19001,113,75194,3,3,0,3,S,-
23/04/2026 18:35,3004689544,19001,113,78729,3,3,0,3,S,-
23/04/2026 18:35,3004689544,19001,113,86759,0,0,0,0,S,-
23/04/2026 18:35,3004689544,19001,113,88953,9,9,0,9,S,-
23/04/2026 18:35,3004689544,19001,113,89707,6,6,0,6,S,-
23/04/2026 18:35,3004689544,19001,113,100007074,10,10,0,10,S,-
23/04/2026 18:35,3004689544,19001,113,100018398,1,1,0,1,S,-
23/04/2026 18:35,3004689544,19001,113,100031761,0,0,0,0,S,-
23/04/2026 18:35,3004689544,19001,113,100057400,3,3,0,3,S,-
23/04/2026 18:35,3004689544,19001,113,100066277,4,4,0,4,S,-
23/04/2026 18:35,3004689544,19001,113,100078075,5,5,0,5,S,-
23/04/2026 18:35,3004689544,19001,113,100078139,2,2,0,2,S,-
23/04/2026 18:35,3004689544,19001,113,100112616,8,8,0,8,S,-
23/04/2026 18:35,3004689544,19001,113,100116748,4,4,0,4,S,-
23/04/2026 18:35,3004689544,19001,113,100124828,0,0,0,0,S,-
23/04/2026 18:35,3004689544,19001,113,100124861,1,1,0,1,S,-
23/04/2026 18:35,3004689544,19001,113,100152706,0,0,0,0,S,-
23/04/2026 18:35,3004689544,19001,113,100155173,3,3,0,3,S,-
23/04/2026 18:35,3004689544,19001,113,100169461,1,1,0,1,S,-
23/04/2026 18:35,3004689544,19001,113,100173267,0,0,0,0,S,-
23/04/2026 18:35,3004689544,19001,113,100190606,1,1,0,1,S,-
23/04/2026 18:35,3004689544,19001,113,100190657,1,1,0,1,S,-
23/04/2026 18:35,3004689544,19001,113,100190972,7,7,0,7,S,-
26/04/2026 00:00,3004690934,19001,113,33,3,0,0,3,L,-
26/04/2026 00:00,3004690934,19001,113,62,3,0,0,3,L,-
26/04/2026 00:00,3004690934,19001,113,72,1,0,0,1,L,-
26/04/2026 00:00,3004690934,19001,113,262,11,0,0,11,L,-
26/04/2026 00:00,3004690934,19001,113,382,6,0,0,6,L,-
26/04/2026 00:00,3004690934,19001,113,386,4,0,0,4,L,-
26/04/2026 00:00,3004690934,19001,113,1349,3,0,0,3,L,-
26/04/2026 00:00,3004690934,19001,113,3466,2,0,0,2,L,-
26/04/2026 00:00,3004690934,19001,113,4387,3,0,0,3,L,-
26/04/2026 00:00,3004690934,19001,113,6890,7,0,0,7,L,-
26/04/2026 00:00,3004690934,19001,113,7257,7,0,0,7,L,-
26/04/2026 00:00,3004690934,19001,113,7258,6,0,0,6,L,-
26/04/2026 00:00,3004690934,19001,113,7284,3,0,0,3,L,-
26/04/2026 00:00,3004690934,19001,113,10604,3,0,0,3,L,-
26/04/2026 00:00,3004690934,19001,113,11648,4,0,0,4,L,-
26/04/2026 00:00,3004690934,19001,113,11698,4,0,0,4,L,-
26/04/2026 00:00,3004690934,19001,113,14004,5,0,0,5,L,-
26/04/2026 00:00,3004690934,19001,113,17200,2,0,0,2,L,-
26/04/2026 00:00,3004690934,19001,113,17277,3,0,0,3,L,-
26/04/2026 00:00,3004690934,19001,113,17838,11,0,0,11,L,-
26/04/2026 00:00,3004690934,19001,113,19299,30,0,0,30,L,-
26/04/2026 00:00,3004690934,19001,113,20951,8,0,0,8,L,-
26/04/2026 00:00,3004690934,19001,113,21820,17,0,0,17,L,-
26/04/2026 00:00,3004690934,19001,113,24014,6,0,0,6,L,-
26/04/2026 00:00,3004690934,19001,113,25122,17,0,0,17,L,-
26/04/2026 00:00,3004690934,19001,113,25823,9,0,0,9,L,-
26/04/2026 00:00,3004690934,19001,113,25825,3,0,0,3,L,-
26/04/2026 00:00,3004690934,19001,113,26252,1,0,0,1,L,-
26/04/2026 00:00,3004690934,19001,113,26943,3,0,0,3,L,-
26/04/2026 00:00,3004690934,19001,113,26944,3,0,0,3,L,-
26/04/2026 00:00,3004690934,19001,113,27859,1,0,0,1,L,-
26/04/2026 00:00,3004690934,19001,113,27860,6,0,0,6,L,-
26/04/2026 00:00,3004690934,19001,113,28067,1,0,0,1,L,-
26/04/2026 00:00,3004690934,19001,113,28253,3,0,0,3,L,-
26/04/2026 00:00,3004690934,19001,113,28254,3,0,0,3,L,-
26/04/2026 00:00,3004690934,19001,113,28483,1,0,0,1,L,-
26/04/2026 00:00,3004690934,19001,113,29065,4,0,0,4,L,-
26/04/2026 00:00,3004690934,19001,113,29976,3,0,0,3,L,-
26/04/2026 00:00,3004690934,19001,113,30096,28,0,0,28,L,-
26/04/2026 00:00,3004690934,19001,113,30410,10,0,0,10,L,-
26/04/2026 00:00,3004690934,19001,113,31591,6,0,0,6,L,-
26/04/2026 00:00,3004690934,19001,113,34378,3,0,0,3,L,-
26/04/2026 00:00,3004690934,19001,113,35452,5,0,0,5,L,-
26/04/2026 00:00,3004690934,19001,113,35737,3,0,0,3,L,-
26/04/2026 00:00,3004690934,19001,113,36146,3,0,0,3,L,-
26/04/2026 00:00,3004690934,19001,113,36149,3,0,0,3,L,-
26/04/2026 00:00,3004690934,19001,113,36285,3,0,0,3,L,-
26/04/2026 00:00,3004690934,19001,113,36657,6,0,0,6,L,-
26/04/2026 00:00,3004690934,19001,113,37544,6,0,0,6,L,-
26/04/2026 00:00,3004690934,19001,113,38257,3,0,0,3,L,-
26/04/2026 00:00,3004690934,19001,113,38259,2,0,0,2,L,-
26/04/2026 00:00,3004690934,19001,113,39243,7,0,0,7,L,-
26/04/2026 00:00,3004690934,19001,113,39451,3,0,0,3,L,-
26/04/2026 00:00,3004690934,19001,113,39628,7,0,0,7,L,-
26/04/2026 00:00,3004690934,19001,113,41285,3,0,0,3,L,-
26/04/2026 00:00,3004690934,19001,113,41295,3,0,0,3,L,-
26/04/2026 00:00,3004690934,19001,113,41378,8,0,0,8,L,-
26/04/2026 00:00,3004690934,19001,113,41450,4,0,0,4,L,-
26/04/2026 00:00,3004690934,19001,113,41732,3,0,0,3,L,-
26/04/2026 00:00,3004690934,19001,113,42487,6,0,0,6,L,-
26/04/2026 00:00,3004690934,19001,113,43128,5,0,0,5,L,-
26/04/2026 00:00,3004690934,19001,113,43776,4,0,0,4,L,-
26/04/2026 00:00,3004690934,19001,113,43777,3,0,0,3,L,-
26/04/2026 00:00,3004690934,19001,113,43779,13,0,0,13,L,-
26/04/2026 00:00,3004690934,19001,113,43926,2,0,0,2,L,-
26/04/2026 00:00,3004690934,19001,113,44718,3,0,0,3,L,-
26/04/2026 00:00,3004690934,19001,113,44930,3,0,0,3,L,-
26/04/2026 00:00,3004690934,19001,113,45661,1,0,0,1,L,-
26/04/2026 00:00,3004690934,19001,113,46086,8,0,0,8,L,-
26/04/2026 00:00,3004690934,19001,113,46087,1,0,0,1,L,-
26/04/2026 00:00,3004690934,19001,113,46757,3,0,0,3,L,-
26/04/2026 00:00,3004690934,19001,113,48484,6,0,0,6,L,-
26/04/2026 00:00,3004690934,19001,113,48845,1,0,0,1,L,-
26/04/2026 00:00,3004690934,19001,113,48872,13,0,0,13,L,-
26/04/2026 00:00,3004690934,19001,113,50204,3,0,0,3,L,-
26/04/2026 00:00,3004690934,19001,113,50651,7,0,0,7,L,-
26/04/2026 00:00,3004690934,19001,113,50807,5,0,0,5,L,-
26/04/2026 00:00,3004690934,19001,113,51122,4,0,0,4,L,-
26/04/2026 00:00,3004690934,19001,113,51382,10,0,0,10,L,-
26/04/2026 00:00,3004690934,19001,113,51384,3,0,0,3,L,-
26/04/2026 00:00,3004690934,19001,113,51442,2,0,0,2,L,-
26/04/2026 00:00,3004690934,19001,113,51614,1,0,0,1,L,-
26/04/2026 00:00,3004690934,19001,113,52116,6,0,0,6,L,-
26/04/2026 00:00,3004690934,19001,113,52180,5,0,0,5,L,-
26/04/2026 00:00,3004690934,19001,113,52184,4,0,0,4,L,-
26/04/2026 00:00,3004690934,19001,113,52240,2,0,0,2,L,-
26/04/2026 00:00,3004690934,19001,113,52306,3,0,0,3,L,-
26/04/2026 00:00,3004690934,19001,113,52414,4,0,0,4,L,-
26/04/2026 00:00,3004690934,19001,113,53130,13,0,0,13,L,-
26/04/2026 00:00,3004690934,19001,113,53136,7,0,0,7,L,-
26/04/2026 00:00,3004690934,19001,113,53140,2,0,0,2,L,-
26/04/2026 00:00,3004690934,19001,113,53455,3,0,0,3,L,-
26/04/2026 00:00,3004690934,19001,113,53908,7,0,0,7,L,-
26/04/2026 00:00,3004690934,19001,113,54433,4,0,0,4,L,-
26/04/2026 00:00,3004690934,19001,113,55182,5,0,0,5,L,-
26/04/2026 00:00,3004690934,19001,113,55188,3,0,0,3,L,-
26/04/2026 00:00,3004690934,19001,113,56397,1,0,0,1,L,-
26/04/2026 00:00,3004690934,19001,113,56831,26,0,0,26,L,-
26/04/2026 00:00,3004690934,19001,113,56941,2,0,0,2,L,-
26/04/2026 00:00,3004690934,19001,113,56943,1,0,0,1,L,-
26/04/2026 00:00,3004690934,19001,113,56945,1,0,0,1,L,-
26/04/2026 00:00,3004690934,19001,113,58774,5,0,0,5,L,-
26/04/2026 00:00,3004690934,19001,113,59640,3,0,0,3,L,-
26/04/2026 00:00,3004690934,19001,113,60037,5,0,0,5,L,-
26/04/2026 00:00,3004690934,19001,113,60825,2,0,0,2,L,-
26/04/2026 00:00,3004690934,19001,113,60875,2,0,0,2,L,-
26/04/2026 00:00,3004690934,19001,113,61021,4,0,0,4,L,-
26/04/2026 00:00,3004690934,19001,113,61097,4,0,0,4,L,-
26/04/2026 00:00,3004690934,19001,113,61813,3,0,0,3,L,-
26/04/2026 00:00,3004690934,19001,113,62511,2,0,0,2,L,-
26/04/2026 00:00,3004690934,19001,113,62605,7,0,0,7,L,-
26/04/2026 00:00,3004690934,19001,113,62894,8,0,0,8,L,-
26/04/2026 00:00,3004690934,19001,113,63461,5,0,0,5,L,-
26/04/2026 00:00,3004690934,19001,113,64405,1,0,0,1,L,-
26/04/2026 00:00,3004690934,19001,113,64453,5,0,0,5,L,-
26/04/2026 00:00,3004690934,19001,113,64891,4,0,0,4,L,-
26/04/2026 00:00,3004690934,19001,113,65018,3,0,0,3,L,-
26/04/2026 00:00,3004690934,19001,113,65263,6,0,0,6,L,-
26/04/2026 00:00,3004690934,19001,113,65756,2,0,0,2,L,-
26/04/2026 00:00,3004690934,19001,113,66247,7,0,0,7,L,-
26/04/2026 00:00,3004690934,19001,113,66249,5,0,0,5,L,-
26/04/2026 00:00,3004690934,19001,113,66251,3,0,0,3,L,-
26/04/2026 00:00,3004690934,19001,113,66801,4,0,0,4,L,-
26/04/2026 00:00,3004690934,19001,113,66858,5,0,0,5,L,-
26/04/2026 00:00,3004690934,19001,113,68926,5,0,0,5,L,-
26/04/2026 00:00,3004690934,19001,113,69682,1,0,0,1,L,-
26/04/2026 00:00,3004690934,19001,113,70115,2,0,0,2,L,-
26/04/2026 00:00,3004690934,19001,113,71381,4,0,0,4,L,-
26/04/2026 00:00,3004690934,19001,113,72043,3,0,0,3,L,-
26/04/2026 00:00,3004690934,19001,113,73082,1,0,0,1,L,-
26/04/2026 00:00,3004690934,19001,113,73108,2,0,0,2,L,-
26/04/2026 00:00,3004690934,19001,113,73111,3,0,0,3,L,-
26/04/2026 00:00,3004690934,19001,113,73114,5,0,0,5,L,-
26/04/2026 00:00,3004690934,19001,113,73192,13,0,0,13,L,-
26/04/2026 00:00,3004690934,19001,113,73194,8,0,0,8,L,-
26/04/2026 00:00,3004690934,19001,113,73203,5,0,0,5,L,-
26/04/2026 00:00,3004690934,19001,113,73828,14,0,0,14,L,-
26/04/2026 00:00,3004690934,19001,113,73887,2,0,0,2,L,-
26/04/2026 00:00,3004690934,19001,113,73965,1,0,0,1,L,-
26/04/2026 00:00,3004690934,19001,113,73966,3,0,0,3,L,-
26/04/2026 00:00,3004690934,19001,113,73969,1,0,0,1,L,-
26/04/2026 00:00,3004690934,19001,113,73980,3,0,0,3,L,-
26/04/2026 00:00,3004690934,19001,113,73989,1,0,0,1,L,-
26/04/2026 00:00,3004690934,19001,113,74106,12,0,0,12,L,-
26/04/2026 00:00,3004690934,19001,113,74251,8,0,0,8,L,-
26/04/2026 00:00,3004690934,19001,113,74705,4,0,0,4,L,-
26/04/2026 00:00,3004690934,19001,113,74863,1,0,0,1,L,-
26/04/2026 00:00,3004690934,19001,113,79227,4,0,0,4,L,-
26/04/2026 00:00,3004690934,19001,113,79338,2,0,0,2,L,-
26/04/2026 00:00,3004690934,19001,113,79407,1,0,0,1,L,-
26/04/2026 00:00,3004690934,19001,113,80047,2,0,0,2,L,-
26/04/2026 00:00,3004690934,19001,113,83143,2,0,0,2,L,-
26/04/2026 00:00,3004690934,19001,113,86629,7,0,0,7,L,-
26/04/2026 00:00,3004690934,19001,113,86759,5,0,0,5,L,-
26/04/2026 00:00,3004690934,19001,113,86838,5,0,0,5,L,-
26/04/2026 00:00,3004690934,19001,113,87806,2,0,0,2,L,-
26/04/2026 00:00,3004690934,19001,113,88376,3,0,0,3,L,-
26/04/2026 00:00,3004690934,19001,113,88390,21,0,0,21,L,-
26/04/2026 00:00,3004690934,19001,113,89557,6,0,0,6,L,-
26/04/2026 00:00,3004690934,19001,113,89668,1,0,0,1,L,-
26/04/2026 00:00,3004690934,19001,113,90354,5,0,0,5,L,-
26/04/2026 00:00,3004690934,19001,113,92454,8,0,0,8,L,-
26/04/2026 00:00,3004690934,19001,113,93051,5,0,0,5,L,-
26/04/2026 00:00,3004690934,19001,113,100000028,12,0,0,12,L,-
26/04/2026 00:00,3004690934,19001,113,100000031,13,0,0,13,L,-
26/04/2026 00:00,3004690934,19001,113,100007023,4,0,0,4,L,-
26/04/2026 00:00,3004690934,19001,113,100007040,9,0,0,9,L,-
26/04/2026 00:00,3004690934,19001,113,100007331,3,0,0,3,L,-
26/04/2026 00:00,3004690934,19001,113,100011946,3,0,0,3,L,-
26/04/2026 00:00,3004690934,19001,113,100011954,2,0,0,2,L,-
26/04/2026 00:00,3004690934,19001,113,100011997,2,0,0,2,L,-
26/04/2026 00:00,3004690934,19001,113,100014186,22,0,0,22,L,-
26/04/2026 00:00,3004690934,19001,113,100014215,7,0,0,7,L,-
26/04/2026 00:00,3004690934,19001,113,100017635,4,0,0,4,L,-
26/04/2026 00:00,3004690934,19001,113,100021407,1,0,0,1,L,-
26/04/2026 00:00,3004690934,19001,113,100022346,1,0,0,1,L,-
26/04/2026 00:00,3004690934,19001,113,100027518,1,0,0,1,L,-
26/04/2026 00:00,3004690934,19001,113,100027526,1,0,0,1,L,-
26/04/2026 00:00,3004690934,19001,113,100031761,1,0,0,1,L,-
26/04/2026 00:00,3004690934,19001,113,100033731,1,0,0,1,L,-
26/04/2026 00:00,3004690934,19001,113,100034911,2,0,0,2,L,-
26/04/2026 00:00,3004690934,19001,113,100036262,3,0,0,3,L,-
26/04/2026 00:00,3004690934,19001,113,100036300,2,0,0,2,L,-
26/04/2026 00:00,3004690934,19001,113,100037206,2,0,0,2,L,-
26/04/2026 00:00,3004690934,19001,113,100039279,1,0,0,1,L,-
26/04/2026 00:00,3004690934,19001,113,100041791,11,0,0,11,L,-
26/04/2026 00:00,3004690934,19001,113,100046410,3,0,0,3,L,-
26/04/2026 00:00,3004690934,19001,113,100047818,5,0,0,5,L,-
26/04/2026 00:00,3004690934,19001,113,100062313,3,0,0,3,L,-
26/04/2026 00:00,3004690934,19001,113,100062655,5,0,0,5,L,-
26/04/2026 00:00,3004690934,19001,113,100065637,3,0,0,3,L,-
26/04/2026 00:00,3004690934,19001,113,100071375,4,0,0,4,L,-
26/04/2026 00:00,3004690934,19001,113,100072378,1,0,0,1,L,-
26/04/2026 00:00,3004690934,19001,113,100072394,1,0,0,1,L,-
26/04/2026 00:00,3004690934,19001,113,100074832,3,0,0,3,L,-
26/04/2026 00:00,3004690934,19001,113,100077689,3,0,0,3,L,-
26/04/2026 00:00,3004690934,19001,113,100078112,2,0,0,2,L,-
26/04/2026 00:00,3004690934,19001,113,100082621,3,0,0,3,L,-
26/04/2026 00:00,3004690934,19001,113,100088581,3,0,0,3,L,-
26/04/2026 00:00,3004690934,19001,113,100088919,7,0,0,7,L,-
26/04/2026 00:00,3004690934,19001,113,100088978,7,0,0,7,L,-
26/04/2026 00:00,3004690934,19001,113,100091982,3,0,0,3,L,-
26/04/2026 00:00,3004690934,19001,113,100094850,4,0,0,4,L,-
26/04/2026 00:00,3004690934,19001,113,100105838,9,0,0,9,L,-
26/04/2026 00:00,3004690934,19001,113,100108511,3,0,0,3,L,-
26/04/2026 00:00,3004690934,19001,113,100109767,2,0,0,2,L,-
26/04/2026 00:00,3004690934,19001,113,100112667,2,0,0,2,L,-
26/04/2026 00:00,3004690934,19001,113,100124828,5,0,0,5,L,-
26/04/2026 00:00,3004690934,19001,113,100124836,1,0,0,1,L,-
26/04/2026 00:00,3004690934,19001,113,100126815,2,0,0,2,L,-
26/04/2026 00:00,3004690934,19001,113,100127236,2,0,0,2,L,-
26/04/2026 00:00,3004690934,19001,113,100131155,1,0,0,1,L,-
26/04/2026 00:00,3004690934,19001,113,100135691,1,0,0,1,L,-
26/04/2026 00:00,3004690934,19001,113,100135703,5,0,0,5,L,-
26/04/2026 00:00,3004690934,19001,113,100148230,1,0,0,1,L,-
26/04/2026 00:00,3004690934,19001,113,100150680,11,0,0,11,L,-
26/04/2026 00:00,3004690934,19001,113,100152685,8,0,0,8,L,-
26/04/2026 00:00,3004690934,19001,113,100152706,5,0,0,5,L,-
26/04/2026 00:00,3004690934,19001,113,100152757,1,0,0,1,L,-
26/04/2026 00:00,3004690934,19001,113,100155026,4,0,0,4,L,-
26/04/2026 00:00,3004690934,19001,113,100155165,4,0,0,4,L,-
26/04/2026 00:00,3004690934,19001,113,100155229,3,0,0,3,L,-
26/04/2026 00:00,3004690934,19001,113,100155237,2,0,0,2,L,-
26/04/2026 00:00,3004690934,19001,113,100155296,1,0,0,1,L,-
26/04/2026 00:00,3004690934,19001,113,100155309,4,0,0,4,L,-
26/04/2026 00:00,3004690934,19001,113,100161549,6,0,0,6,L,-
26/04/2026 00:00,3004690934,19001,113,100162171,1,0,0,1,L,-
26/04/2026 00:00,3004690934,19001,113,100173267,5,0,0,5,L,-
26/04/2026 00:00,3004690934,19001,113,100174083,3,0,0,3,L,-
26/04/2026 00:00,3004690934,19001,113,100179087,1,0,0,1,L,-
26/04/2026 00:00,3004690934,19001,113,100190948,5,0,0,5,L,-
26/04/2026 00:00,3004690934,19001,113,100194359,1,0,0,1,L,-
26/04/2026 00:00,3004690934,19001,113,100196012,3,0,0,3,L,-
26/04/2026 00:00,3004690934,19001,113,100217063,1,0,0,1,L,-
26/04/2026 00:00,3004690934,19001,113,100230743,4,0,0,4,L,-
26/04/2026 00:00,3004690934,19001,113,100233637,1,0,0,1,L,-
26/04/2026 00:00,3004690934,19001,113,100237030,4,0,0,4,L,-
26/04/2026 00:00,3004690934,19001,113,100237208,2,0,0,2,L,-
26/04/2026 00:00,3004690934,19001,113,100239035,3,0,0,3,L,-
21/04/2026,730379,28,190,100283909,13,13,0,13,S,-
24/04/2026,731716,28,190,100283909,6,6,0,6,S,-
05/03/2026 00:00,3004578978,28,19001,100194914,3,0,0,3,I,-
